  0
SECTION
  2
HEADER
  9
$ACADVER
  1
AC1027
  9
$ACADMAINTVER
 70
   105
  9
$DWGCODEPAGE
  3
ANSI_1252
  9
$LASTSAVEDBY
  1
skylar
  9
$REQUIREDVERSIONS
160
                 0
  9
$INSBASE
 10
0.0
 20
0.0
 30
0.0
  9
$EXTMIN
 10
0.15
 20
-0.4517775372127709
 30
0.0
  9
$EXTMAX
 10
47.47536520366649
 20
15.91204776784145
 30
0.0
  9
$LIMMIN
 10
0.0
 20
0.0
  9
$LIMMAX
 10
12.0
 20
9.0
  9
$ORTHOMODE
 70
     0
  9
$REGENMODE
 70
     1
  9
$FILLMODE
 70
     1
  9
$QTEXTMODE
 70
     0
  9
$MIRRTEXT
 70
     0
  9
$LTSCALE
 40
1.0
  9
$ATTMODE
 70
     1
  9
$TEXTSIZE
 40
0.2
  9
$TRACEWID
 40
0.05
  9
$TEXTSTYLE
  7
Standard
  9
$CLAYER
  8
BEND
  9
$CELTYPE
  6
ByLayer
  9
$CECOLOR
 62
   256
  9
$CELTSCALE
 40
1.0
  9
$DISPSILH
 70
     0
  9
$DIMSCALE
 40
1.0
  9
$DIMASZ
 40
0.125
  9
$DIMEXO
 40
0.03125
  9
$DIMDLI
 40
0.25
  9
$DIMRND
 40
0.0
  9
$DIMDLE
 40
0.0
  9
$DIMEXE
 40
0.0625
  9
$DIMTP
 40
0.0
  9
$DIMTM
 40
0.0
  9
$DIMTXT
 40
0.125
  9
$DIMCEN
 40
0.09
  9
$DIMTSZ
 40
0.0
  9
$DIMTOL
 70
     0
  9
$DIMLIM
 70
     0
  9
$DIMTIH
 70
     0
  9
$DIMTOH
 70
     1
  9
$DIMSE1
 70
     0
  9
$DIMSE2
 70
     0
  9
$DIMTAD
 70
     1
  9
$DIMZIN
 70
     8
  9
$DIMBLK
  1

  9
$DIMASO
 70
     1
  9
$DIMSHO
 70
     1
  9
$DIMPOST
  1

  9
$DIMAPOST
  1

  9
$DIMALT
 70
     0
  9
$DIMALTD
 70
     2
  9
$DIMALTF
 40
25.4
  9
$DIMLFAC
 40
1.0
  9
$DIMTOFL
 70
     0
  9
$DIMTVP
 40
0.0
  9
$DIMTIX
 70
     0
  9
$DIMSOXD
 70
     0
  9
$DIMSAH
 70
     0
  9
$DIMBLK1
  1

  9
$DIMBLK2
  1

  9
$DIMSTYLE
  2
Standard
  9
$DIMCLRD
 70
     0
  9
$DIMCLRE
 70
     0
  9
$DIMCLRT
 70
     0
  9
$DIMTFAC
 40
1.0
  9
$DIMGAP
 40
0.03125
  9
$DIMJUST
 70
     0
  9
$DIMSD1
 70
     0
  9
$DIMSD2
 70
     0
  9
$DIMTOLJ
 70
     1
  9
$DIMTZIN
 70
     0
  9
$DIMALTZ
 70
     0
  9
$DIMALTTZ
 70
     0
  9
$DIMUPT
 70
     0
  9
$DIMDEC
 70
     4
  9
$DIMTDEC
 70
     4
  9
$DIMALTU
 70
     2
  9
$DIMALTTD
 70
     2
  9
$DIMTXSTY
  7
Standard
  9
$DIMAUNIT
 70
     0
  9
$DIMADEC
 70
     0
  9
$DIMALTRND
 40
0.0
  9
$DIMAZIN
 70
     2
  9
$DIMDSEP
 70
    46
  9
$DIMATFIT
 70
     0
  9
$DIMFRAC
 70
     0
  9
$DIMLDRBLK
  1

  9
$DIMLUNIT
 70
     2
  9
$DIMLWD
 70
    -2
  9
$DIMLWE
 70
    -2
  9
$DIMTMOVE
 70
     0
  9
$DIMFXL
 40
1.0
  9
$DIMFXLON
 70
     0
  9
$DIMJOGANG
 40
0.7853981633974483
  9
$DIMTFILL
 70
     0
  9
$DIMTFILLCLR
 70
     0
  9
$DIMARCSYM
 70
     0
  9
$DIMLTYPE
  6

  9
$DIMLTEX1
  6

  9
$DIMLTEX2
  6

  9
$DIMTXTDIRECTION
 70
     0
  9
$LUNITS
 70
     2
  9
$LUPREC
 70
     4
  9
$SKETCHINC
 40
0.1
  9
$FILLETRAD
 40
0.0
  9
$AUNITS
 70
     0
  9
$AUPREC
 70
     0
  9
$MENU
  1
.
  9
$ELEVATION
 40
0.0
  9
$PELEVATION
 40
0.0
  9
$THICKNESS
 40
0.0
  9
$LIMCHECK
 70
     0
  9
$CHAMFERA
 40
0.0
  9
$CHAMFERB
 40
0.0
  9
$CHAMFERC
 40
0.0
  9
$CHAMFERD
 40
0.0
  9
$SKPOLY
 70
     0
  9
$TDCREATE
 40
2461259.873299676
  9
$TDUCREATE
 40
2461260.081633009
  9
$TDUPDATE
 40
2461259.873299942
  9
$TDUUPDATE
 40
2461260.081633275
  9
$TDINDWG
 40
0.0000000116
  9
$TDUSRTIMER
 40
0.0000000116
  9
$USRTIMER
 70
     1
  9
$ANGBASE
 50
0.0
  9
$ANGDIR
 70
     0
  9
$PDMODE
 70
     0
  9
$PDSIZE
 40
0.0
  9
$PLINEWID
 40
0.0
  9
$SPLFRAME
 70
     0
  9
$SPLINETYPE
 70
     6
  9
$SPLINESEGS
 70
     8
  9
$HANDSEED
  5
10FF
  9
$SURFTAB1
 70
     6
  9
$SURFTAB2
 70
     6
  9
$SURFTYPE
 70
     6
  9
$SURFU
 70
     6
  9
$SURFV
 70
     6
  9
$UCSBASE
  2

  9
$UCSNAME
  2

  9
$UCSORG
 10
0.0
 20
0.0
 30
0.0
  9
$UCSXDIR
 10
1.0
 20
0.0
 30
0.0
  9
$UCSYDIR
 10
0.0
 20
1.0
 30
0.0
  9
$UCSORTHOREF
  2

  9
$UCSORTHOVIEW
 70
     0
  9
$UCSORGTOP
 10
0.0
 20
0.0
 30
0.0
  9
$UCSORGBOTTOM
 10
0.0
 20
0.0
 30
0.0
  9
$UCSORGLEFT
 10
0.0
 20
0.0
 30
0.0
  9
$UCSORGRIGHT
 10
0.0
 20
0.0
 30
0.0
  9
$UCSORGFRONT
 10
0.0
 20
0.0
 30
0.0
  9
$UCSORGBACK
 10
0.0
 20
0.0
 30
0.0
  9
$PUCSBASE
  2

  9
$PUCSNAME
  2

  9
$PUCSORG
 10
0.0
 20
0.0
 30
0.0
  9
$PUCSXDIR
 10
1.0
 20
0.0
 30
0.0
  9
$PUCSYDIR
 10
0.0
 20
1.0
 30
0.0
  9
$PUCSORTHOREF
  2

  9
$PUCSORTHOVIEW
 70
     0
  9
$PUCSORGTOP
 10
0.0
 20
0.0
 30
0.0
  9
$PUCSORGBOTTOM
 10
0.0
 20
0.0
 30
0.0
  9
$PUCSORGLEFT
 10
0.0
 20
0.0
 30
0.0
  9
$PUCSORGRIGHT
 10
0.0
 20
0.0
 30
0.0
  9
$PUCSORGFRONT
 10
0.0
 20
0.0
 30
0.0
  9
$PUCSORGBACK
 10
0.0
 20
0.0
 30
0.0
  9
$USERI1
 70
     0
  9
$USERI2
 70
     0
  9
$USERI3
 70
     0
  9
$USERI4
 70
     0
  9
$USERI5
 70
     0
  9
$USERR1
 40
0.0
  9
$USERR2
 40
0.0
  9
$USERR3
 40
0.0
  9
$USERR4
 40
0.0
  9
$USERR5
 40
0.0
  9
$WORLDVIEW
 70
     1
  9
$SHADEDGE
 70
     3
  9
$SHADEDIF
 70
    70
  9
$TILEMODE
 70
     1
  9
$MAXACTVP
 70
    64
  9
$PINSBASE
 10
0.0
 20
0.0
 30
0.0
  9
$PLIMCHECK
 70
     0
  9
$PEXTMIN
 10
0.0
 20
0.0
 30
0.0
  9
$PEXTMAX
 10
0.0
 20
0.0
 30
0.0
  9
$PLIMMIN
 10
-0.25
 20
-0.25
  9
$PLIMMAX
 10
10.75
 20
8.25
  9
$UNITMODE
 70
     0
  9
$VISRETAIN
 70
     1
  9
$PLINEGEN
 70
     0
  9
$PSLTSCALE
 70
     1
  9
$TREEDEPTH
 70
  3020
  9
$CMLSTYLE
  2
Standard
  9
$CMLJUST
 70
     0
  9
$CMLSCALE
 40
1.0
  9
$PROXYGRAPHICS
 70
     1
  9
$MEASUREMENT
 70
     0
  9
$CELWEIGHT
370
    -1
  9
$ENDCAPS
280
     0
  9
$JOINSTYLE
280
     0
  9
$LWDISPLAY
290
     0
  9
$INSUNITS
 70
     1
  9
$HYPERLINKBASE
  1

  9
$STYLESHEET
  1

  9
$XEDIT
290
     1
  9
$CEPSNTYPE
380
     0
  9
$PSTYLEMODE
290
     1
  9
$FINGERPRINTGUID
  2
{c4208eda-0ffd-794b-b459-768ec3b8790f}
  9
$VERSIONGUID
  2
{FAEB1C32-E019-11D5-929B-00C0DF256EC4}
  9
$EXTNAMES
290
     1
  9
$PSVPSCALE
 40
0.0
  9
$OLESTARTUP
290
     0
  9
$SORTENTS
280
   127
  9
$INDEXCTL
280
     0
  9
$HIDETEXT
280
     1
  9
$XCLIPFRAME
280
     2
  9
$HALOGAP
280
     0
  9
$OBSCOLOR
 70
   257
  9
$OBSLTYPE
280
     0
  9
$INTERSECTIONDISPLAY
280
     0
  9
$INTERSECTIONCOLOR
 70
   257
  9
$DIMASSOC
280
     2
  9
$PROJECTNAME
  1

  9
$CAMERADISPLAY
290
     0
  9
$LENSLENGTH
 40
50.0
  9
$CAMERAHEIGHT
 40
0.0
  9
$STEPSPERSEC
 40
2.0
  9
$STEPSIZE
 40
6.0
  9
$3DDWFPREC
 40
2.0
  9
$PSOLWIDTH
 40
0.25
  9
$PSOLHEIGHT
 40
4.0
  9
$LOFTANG1
 40
1.570796326794897
  9
$LOFTANG2
 40
1.570796326794897
  9
$LOFTMAG1
 40
0.0
  9
$LOFTMAG2
 40
0.0
  9
$LOFTPARAM
 70
     7
  9
$LOFTNORMALS
280
     1
  9
$LATITUDE
 40
37.795
  9
$LONGITUDE
 40
-122.394
  9
$NORTHDIRECTION
 40
0.0
  9
$TIMEZONE
 70
 -8000
  9
$LIGHTGLYPHDISPLAY
280
     1
  9
$TILEMODELIGHTSYNCH
280
     1
  9
$CMATERIAL
347
1063
  9
$SOLIDHIST
280
     0
  9
$SHOWHIST
280
     1
  9
$DWFFRAME
280
     2
  9
$DGNFRAME
280
     2
  9
$REALWORLDSCALE
290
     1
  9
$INTERFERECOLOR
 62
   256
  9
$CSHADOW
280
     0
  9
$SHADOWPLANELOCATION
 40
0.0
  0
ENDSEC
  0
SECTION
  2
CLASSES
  0
CLASS
  1
ACDBDICTIONARYWDFLT
  2
AcDbDictionaryWithDefault
  3
ObjectDBX Classes
 90
        0
 91
        3
280
     0
281
     0
  0
CLASS
  1
VISUALSTYLE
  2
AcDbVisualStyle
  3
ObjectDBX Classes
 90
     4095
 91
        3
280
     0
281
     0
  0
CLASS
  1
MATERIAL
  2
AcDbMaterial
  3
ObjectDBX Classes
 90
     1153
 91
        3
280
     0
281
     0
  0
CLASS
  1
SCALE
  2
AcDbScale
  3
ObjectDBX Classes
 90
     1153
 91
        3
280
     0
281
     0
  0
CLASS
  1
TABLESTYLE
  2
AcDbTableStyle
  3
ObjectDBX Classes
 90
     4095
 91
        3
280
     0
281
     0
  0
CLASS
  1
MLEADERSTYLE
  2
AcDbMLeaderStyle
  3
ACDB_MLEADERSTYLE_CLASS
 90
     4095
 91
        3
280
     0
281
     0
  0
CLASS
  1
SUN
  2
AcDbSun
  3
SCENEOE
 90
     1153
 91
        3
280
     0
281
     0
  0
CLASS
  1
RASTERVARIABLES
  2
AcDbRasterVariables
  3
ISM
 90
        0
 91
        3
280
     0
281
     0
  0
CLASS
  1
DICTIONARYVAR
  2
AcDbDictionaryVar
  3
ObjectDBX Classes
 90
        0
 91
        3
280
     0
281
     0
  0
CLASS
  1
CELLSTYLEMAP
  2
AcDbCellStyleMap
  3
ObjectDBX Classes
 90
     1152
 91
        3
280
     0
281
     0
  0
ENDSEC
  0
SECTION
  2
TABLES
  0
TABLE
  2
VPORT
  5
1028
330
0
100
AcDbSymbolTable
 70
     1
  0
VPORT
  5
1048
330
1028
100
AcDbSymbolTableRecord
100
AcDbViewportTableRecord
  2
*Active
 70
     0
 10
0.0
 20
0.0
 11
1.0
 21
1.0
 12
2.992929669317095
 22
-0.0916157917004692
 13
0.0
 23
0.0
 14
0.5
 24
0.5
 15
0.5
 25
0.5
 16
0.0
 26
0.0
 36
1.0
 17
0.0
 27
0.0
 37
0.0
 40
9.92735848164935
 41
1.826890756302521
 42
50.0
 43
0.0
 44
0.0
 50
0.0
 51
0.0
 71
     0
 72
   100
 73
     1
 74
     3
 75
     0
 76
     0
 77
     0
 78
     0
281
     0
 65
     1
110
0.0
120
0.0
130
0.0
111
1.0
121
0.0
131
0.0
112
0.0
122
1.0
132
0.0
 79
     0
146
0.0
348
104E
 60
     3
 61
     5
292
     1
282
     1
141
0.0
142
0.0
 63
   250
361
107C
  0
ENDTAB
  0
TABLE
  2
LTYPE
  5
1025
330
0
100
AcDbSymbolTable
 70
    51
  0
LTYPE
  5
1033
330
1025
100
AcDbSymbolTableRecord
100
AcDbLinetypeTableRecord
  2
ByBlock
 70
     0
  3

 72
    65
 73
     0
 40
0.0
  0
LTYPE
  5
1034
330
1025
100
AcDbSymbolTableRecord
100
AcDbLinetypeTableRecord
  2
ByLayer
 70
     0
  3

 72
    65
 73
     0
 40
0.0
  0
LTYPE
  5
1035
330
1025
100
AcDbSymbolTableRecord
100
AcDbLinetypeTableRecord
  2
Continuous
 70
     0
  3
Solid line
 72
    65
 73
     0
 40
0.0
  0
LTYPE
  5
10B8
330
1025
100
AcDbSymbolTableRecord
100
AcDbLinetypeTableRecord
  2
PHANTOM
 70
     0
  3
Phantom ______  __  __  ______  __  __  ______ 
 72
    65
 73
     6
 40
2.5
 49
1.25
 74
     0
 49
-0.25
 74
     0
 49
0.25
 74
     0
 49
-0.25
 74
     0
 49
0.25
 74
     0
 49
-0.25
 74
     0
  0
LTYPE
  5
10B9
330
1025
100
AcDbSymbolTableRecord
100
AcDbLinetypeTableRecord
  2
DASHDOT2
 70
     0
  3
Dash dot (.5x) _._._._._._._._._._._._._._._.
 72
    65
 73
     4
 40
0.5
 49
0.25
 74
     0
 49
-0.125
 74
     0
 49
0.0
 74
     0
 49
-0.125
 74
     0
  0
LTYPE
  5
10BA
330
1025
100
AcDbSymbolTableRecord
100
AcDbLinetypeTableRecord
  2
HIDDENX2
 70
     0
  3
Hidden (2x) ____ ____ ____ ____ ____ ____ ____ 
 72
    65
 73
     2
 40
0.75
 49
0.5
 74
     0
 49
-0.25
 74
     0
  0
LTYPE
  5
10BB
330
1025
100
AcDbSymbolTableRecord
100
AcDbLinetypeTableRecord
  2
ACAD_ISO02W100
 70
     0
  3
ISO dash __ __ __ __ __ __ __ __ __ __ __ __ __
 72
    65
 73
     2
 40
15.0
 49
12.0
 74
     0
 49
-3.0
 74
     0
  0
LTYPE
  5
10BC
330
1025
100
AcDbSymbolTableRecord
100
AcDbLinetypeTableRecord
  2
ACAD_ISO08W100
 70
     0
  3
ISO long-dash short-dash ____ __ ____ __ ____ _
 72
    65
 73
     4
 40
36.0
 49
24.0
 74
     0
 49
-3.0
 74
     0
 49
6.0
 74
     0
 49
-3.0
 74
     0
  0
LTYPE
  5
10BD
330
1025
100
AcDbSymbolTableRecord
100
AcDbLinetypeTableRecord
  2
BORDERX2
 70
     0
  3
Border (2x) ____  ____  .  ____  ____  .  ___
 72
    65
 73
     6
 40
3.5
 49
1.0
 74
     0
 49
-0.5
 74
     0
 49
1.0
 74
     0
 49
-0.5
 74
     0
 49
0.0
 74
     0
 49
-0.5
 74
     0
  0
LTYPE
  5
10BE
330
1025
100
AcDbSymbolTableRecord
100
AcDbLinetypeTableRecord
  2
DASHEDX2
 70
     0
  3
Dashed (2x) ____  ____  ____  ____  ____  ___
 72
    65
 73
     2
 40
1.5
 49
1.0
 74
     0
 49
-0.5
 74
     0
  0
LTYPE
  5
10BF
330
1025
100
AcDbSymbolTableRecord
100
AcDbLinetypeTableRecord
  2
PHANTOMX2
 70
     0
  3
Phantom (2x) ____________    ____    ____   _
 72
    65
 73
     6
 40
5.0
 49
2.5
 74
     0
 49
-0.5
 74
     0
 49
0.5
 74
     0
 49
-0.5
 74
     0
 49
0.5
 74
     0
 49
-0.5
 74
     0
  0
LTYPE
  5
10C1
330
1025
100
AcDbSymbolTableRecord
100
AcDbLinetypeTableRecord
  2
TRACKS
 70
     0
  3
Tracks -|-|-|-|-|-|-|-|-|-|-|-|-|-|-|-|-|-|-|-|-|-|-|-|-
 72
    65
 73
     2
 40
0.3
 49
0.15
 74
     2
 75
     0
340
10C0
 46
0.25
 50
0.0
 44
0.0
 45
0.0
  9
TRACK1
 49
0.15
 74
     0
  0
LTYPE
  5
10C2
330
1025
100
AcDbSymbolTableRecord
100
AcDbLinetypeTableRecord
  2
DASHED2
 70
     0
  3
Dashed (.5x) _ _ _ _ _ _ _ _ _ _ _ _ _ _ _ _ _ 
 72
    65
 73
     2
 40
0.375
 49
0.25
 74
     0
 49
-0.125
 74
     0
  0
LTYPE
  5
10C3
330
1025
100
AcDbSymbolTableRecord
100
AcDbLinetypeTableRecord
  2
ACAD_ISO14W100
 70
     0
  3
ISO dash triple-dot __ . . . __ . . . __ . . . _
 72
    65
 73
     8
 40
24.0
 49
12.0
 74
     0
 49
-3.0
 74
     0
 49
0.0
 74
     0
 49
-3.0
 74
     0
 49
0.0
 74
     0
 49
-3.0
 74
     0
 49
0.0
 74
     0
 49
-3.0
 74
     0
  0
LTYPE
  5
10C4
330
1025
100
AcDbSymbolTableRecord
100
AcDbLinetypeTableRecord
  2
HIDDEN2
 70
     0
  3
Hidden (.5x) _ _ _ _ _ _ _ _ _ _ _ _ _ _ _ _ _ 
 72
    65
 73
     2
 40
0.1875
 49
0.125
 74
     0
 49
-0.0625
 74
     0
  0
LTYPE
  5
10C5
330
1025
100
AcDbSymbolTableRecord
100
AcDbLinetypeTableRecord
  2
ACAD_ISO13W100
 70
     0
  3
ISO double-dash double-dot __ __ . . __ __ . . _
 72
    65
 73
     8
 40
36.0
 49
12.0
 74
     0
 49
-3.0
 74
     0
 49
12.0
 74
     0
 49
-3.0
 74
     0
 49
0.0
 74
     0
 49
-3.0
 74
     0
 49
0.0
 74
     0
 49
-3.0
 74
     0
  0
LTYPE
  5
10C6
330
1025
100
AcDbSymbolTableRecord
100
AcDbLinetypeTableRecord
  2
PLANT
 70
     0
  3
_/^ \_\^ \_
 72
    65
 73
     7
 40
0.8644000000000001
 49
0.001
 74
     2
 75
     0
340
10C0
 46
0.04
 50
0.0
 44
0.0
 45
0.0
  9
PLANT1
 49
-0.118
 74
     2
 75
     0
340
10C0
 46
0.04
 50
0.0
 44
0.0
 45
0.0
  9
PLANT2
 49
-0.124
 74
     2
 75
     0
340
10C0
 46
0.04
 50
0.0
 44
0.0
 45
0.0
  9
PLANT3
 49
-0.167
 74
     2
 75
     0
340
10C0
 46
0.04
 50
0.0
 44
0.0
 45
0.0
  9
PLANT4
 49
-0.182
 74
     2
 75
     0
340
10C0
 46
0.04
 50
0.0
 44
0.0
 45
0.0
  9
PLANT5
 49
-0.0984
 74
     2
 75
     0
340
10C0
 46
0.04
 50
0.0
 44
0.0
 45
0.0
  9
PLANT6
 49
-0.174
 74
     0
  0
LTYPE
  5
10C7
330
1025
100
AcDbSymbolTableRecord
100
AcDbLinetypeTableRecord
  2
BATTING
 70
     0
  3
Batting SSSSSSSSSSSSSSSSSSSSSSSSSSSSSSSSSSSSSSSSSSSSSSS
 72
    65
 73
     4
 40
0.4001
 49
0.0001
 74
     0
 49
-0.1
 74
     2
 75
     0
340
10C0
 46
0.1
 50
0.0
 44
-0.1
 45
0.0
  9
BAT
 49
-0.2
 74
     2
 75
     0
340
10C0
 46
0.1
 50
180.0
 44
0.1
 45
0.0
  9
BAT
 49
-0.1
 74
     0
  0
LTYPE
  5
10C8
330
1025
100
AcDbSymbolTableRecord
100
AcDbLinetypeTableRecord
  2
FENCELINE2
 70
     0
  3
Fenceline square ----[]-----[]----[]-----[]----[]---
 72
    65
 73
     4
 40
1.45
 49
0.25
 74
     0
 49
-0.1
 74
     2
 75
     0
340
10C0
 46
0.1
 50
0.0
 44
-0.1
 45
0.0
  9
BOX
 49
-0.1
 74
     0
 49
1.0
 74
     0
  0
LTYPE
  5
10C9
330
1025
100
AcDbSymbolTableRecord
100
AcDbLinetypeTableRecord
  2
DOT
 70
     0
  3
Dot . . . . . . . . . . . . . . . . . . . . . . . .
 72
    65
 73
     2
 40
0.25
 49
0.0
 74
     0
 49
-0.25
 74
     0
  0
LTYPE
  5
10CA
330
1025
100
AcDbSymbolTableRecord
100
AcDbLinetypeTableRecord
  2
DASHDOT
 70
     0
  3
Dash dot __ . __ . __ . __ . __ . __ . __ . __
 72
    65
 73
     4
 40
1.0
 49
0.5
 74
     0
 49
-0.25
 74
     0
 49
0.0
 74
     0
 49
-0.25
 74
     0
  0
LTYPE
  5
10CB
330
1025
100
AcDbSymbolTableRecord
100
AcDbLinetypeTableRecord
  2
ACAD_ISO11W100
 70
     0
  3
ISO double-dash dot __ __ . __ __ . __ __ . __ _
 72
    65
 73
     6
 40
33.0
 49
12.0
 74
     0
 49
-3.0
 74
     0
 49
12.0
 74
     0
 49
-3.0
 74
     0
 49
0.0
 74
     0
 49
-3.0
 74
     0
  0
LTYPE
  5
10CC
330
1025
100
AcDbSymbolTableRecord
100
AcDbLinetypeTableRecord
  2
ACAD_ISO04W100
 70
     0
  3
ISO long-dash dot ____ . ____ . ____ . ____ . _
 72
    65
 73
     4
 40
30.0
 49
24.0
 74
     0
 49
-3.0
 74
     0
 49
0.0
 74
     0
 49
-3.0
 74
     0
  0
LTYPE
  5
10CD
330
1025
100
AcDbSymbolTableRecord
100
AcDbLinetypeTableRecord
  2
POINT1
 70
     0
  3
----/\-----/\---
 72
    65
 73
     2
 40
1.2308
 49
1.0
 74
     2
 75
     0
340
10C0
 46
0.2
 50
0.0
 44
0.0
 45
0.0
  9
PT1
 49
-0.2308
 74
     0
  0
LTYPE
  5
10CE
330
1025
100
AcDbSymbolTableRecord
100
AcDbLinetypeTableRecord
  2
ACAD_ISO12W100
 70
     0
  3
ISO dash double-dot __ . . __ . . __ . . __ . . 
 72
    65
 73
     6
 40
21.0
 49
12.0
 74
     0
 49
-3.0
 74
     0
 49
0.0
 74
     0
 49
-3.0
 74
     0
 49
0.0
 74
     0
 49
-3.0
 74
     0
  0
LTYPE
  5
10D0
330
1025
100
AcDbSymbolTableRecord
100
AcDbLinetypeTableRecord
  2
DRAINAGE2
 70
     0
  3
Drainage reversed ----<----<----<----
 72
    65
 73
     2
 40
0.4
 49
0.2
 74
     2
 75
     0
340
10CF
 46
0.2
 50
0.0
 44
0.0
 45
0.0
  9
RIGHT_ARROW
 49
0.2
 74
     0
  0
LTYPE
  5
10D1
330
1025
100
AcDbSymbolTableRecord
100
AcDbLinetypeTableRecord
  2
BORDER
 70
     0
  3
Border __ __ . __ __ . __ __ . __ __ . __ __ .
 72
    65
 73
     6
 40
1.75
 49
0.5
 74
     0
 49
-0.25
 74
     0
 49
0.5
 74
     0
 49
-0.25
 74
     0
 49
0.0
 74
     0
 49
-0.25
 74
     0
  0
LTYPE
  5
10D2
330
1025
100
AcDbSymbolTableRecord
100
AcDbLinetypeTableRecord
  2
DIVIDE2
 70
     0
  3
Divide (.5x) __..__..__..__..__..__..__..__.._
 72
    65
 73
     6
 40
0.625
 49
0.25
 74
     0
 49
-0.125
 74
     0
 49
0.0
 74
     0
 49
-0.125
 74
     0
 49
0.0
 74
     0
 49
-0.125
 74
     0
  0
LTYPE
  5
10D3
330
1025
100
AcDbSymbolTableRecord
100
AcDbLinetypeTableRecord
  2
DRAINAGE
 70
     0
  3
Drainage ---->---->---->----
 72
    65
 73
     2
 40
0.4
 49
0.2
 74
     2
 75
     0
340
10CF
 46
0.2
 50
180.0
 44
0.0
 45
0.0
  9
RIGHT_ARROW
 49
0.2
 74
     0
  0
LTYPE
  5
10D4
330
1025
100
AcDbSymbolTableRecord
100
AcDbLinetypeTableRecord
  2
DIVIDE
 70
     0
  3
Divide ____ . . ____ . . ____ . . ____ . . ____
 72
    65
 73
     6
 40
1.25
 49
0.5
 74
     0
 49
-0.25
 74
     0
 49
0.0
 74
     0
 49
-0.25
 74
     0
 49
0.0
 74
     0
 49
-0.25
 74
     0
  0
LTYPE
  5
10D5
330
1025
100
AcDbSymbolTableRecord
100
AcDbLinetypeTableRecord
  2
ACAD_ISO05W100
 70
     0
  3
ISO long-dash double-dot ____ .. ____ .. ____ . 
 72
    65
 73
     6
 40
33.0
 49
24.0
 74
     0
 49
-3.0
 74
     0
 49
0.0
 74
     0
 49
-3.0
 74
     0
 49
0.0
 74
     0
 49
-3.0
 74
     0
  0
LTYPE
  5
10D6
330
1025
100
AcDbSymbolTableRecord
100
AcDbLinetypeTableRecord
  2
ACAD_ISO07W100
 70
     0
  3
ISO dot . . . . . . . . . . . . . . . . . . . . 
 72
    65
 73
     2
 40
3.0
 49
0.0
 74
     0
 49
-3.0
 74
     0
  0
LTYPE
  5
10D7
330
1025
100
AcDbSymbolTableRecord
100
AcDbLinetypeTableRecord
  2
DASHDOTX2
 70
     0
  3
Dash dot (2x) ____  .  ____  .  ____  .  ___
 72
    65
 73
     4
 40
2.0
 49
1.0
 74
     0
 49
-0.5
 74
     0
 49
0.0
 74
     0
 49
-0.5
 74
     0
  0
LTYPE
  5
10D8
330
1025
100
AcDbSymbolTableRecord
100
AcDbLinetypeTableRecord
  2
CENTER2
 70
     0
  3
Center (.5x) ___ _ ___ _ ___ _ ___ _ ___ _ ___
 72
    65
 73
     4
 40
1.125
 49
0.75
 74
     0
 49
-0.125
 74
     0
 49
0.125
 74
     0
 49
-0.125
 74
     0
  0
LTYPE
  5
10D9
330
1025
100
AcDbSymbolTableRecord
100
AcDbLinetypeTableRecord
  2
CENTER
 70
     0
  3
Center ____ _ ____ _ ____ _ ____ _ ____ _ ____
 72
    65
 73
     4
 40
2.0
 49
1.25
 74
     0
 49
-0.25
 74
     0
 49
0.25
 74
     0
 49
-0.25
 74
     0
  0
LTYPE
  5
10DA
330
1025
100
AcDbSymbolTableRecord
100
AcDbLinetypeTableRecord
  2
ACAD_ISO15W100
 70
     0
  3
ISO double-dash triple-dot __ __ . . . __ __ . .
 72
    65
 73
    10
 40
39.0
 49
12.0
 74
     0
 49
-3.0
 74
     0
 49
12.0
 74
     0
 49
-3.0
 74
     0
 49
0.0
 74
     0
 49
-3.0
 74
     0
 49
0.0
 74
     0
 49
-3.0
 74
     0
 49
0.0
 74
     0
 49
-3.0
 74
     0
  0
LTYPE
  5
10DC
330
1025
100
AcDbSymbolTableRecord
100
AcDbLinetypeTableRecord
  2
HOT_WATER_SUPPLY
 70
     0
  3
Hot water supply ---- HW ---- HW ---- HW ----
 72
    65
 73
     3
 40
0.8999999999999999
 49
0.5
 74
     0
 49
-0.2
 74
     2
 75
     0
340
10DB
 46
0.1
 50
0.0
 44
-0.1
 45
-0.05
  9
HW
 49
-0.2
 74
     0
  0
LTYPE
  5
10DD
330
1025
100
AcDbSymbolTableRecord
100
AcDbLinetypeTableRecord
  2
ZIGZAG
 70
     0
  3
Zig zag /\/\/\/\/\/\/\/\/\/\/\/\/\/\/\/\/\/\/\/\/\/\/\/
 72
    65
 73
     4
 40
0.8001
 49
0.0001
 74
     0
 49
-0.2
 74
     2
 75
     0
340
10C0
 46
0.2
 50
0.0
 44
-0.2
 45
0.0
  9
ZIG
 49
-0.4
 74
     2
 75
     0
340
10C0
 46
0.2
 50
180.0
 44
0.2
 45
0.0
  9
ZIG
 49
-0.2
 74
     0
  0
LTYPE
  5
10DE
330
1025
100
AcDbSymbolTableRecord
100
AcDbLinetypeTableRecord
  2
DIVIDEX2
 70
     0
  3
Divide (2x) ________  .  .  ________  .  .  _
 72
    65
 73
     6
 40
2.5
 49
1.0
 74
     0
 49
-0.5
 74
     0
 49
0.0
 74
     0
 49
-0.5
 74
     0
 49
0.0
 74
     0
 49
-0.5
 74
     0
  0
LTYPE
  5
10DF
330
1025
100
AcDbSymbolTableRecord
100
AcDbLinetypeTableRecord
  2
BORDER2
 70
     0
  3
Border (.5x) __.__.__.__.__.__.__.__.__.__.__.
 72
    65
 73
     6
 40
0.875
 49
0.25
 74
     0
 49
-0.125
 74
     0
 49
0.25
 74
     0
 49
-0.125
 74
     0
 49
0.0
 74
     0
 49
-0.125
 74
     0
  0
LTYPE
  5
10E0
330
1025
100
AcDbSymbolTableRecord
100
AcDbLinetypeTableRecord
  2
DASHED
 70
     0
  3
Dashed __ __ __ __ __ __ __ __ __ __ __ __ __ _
 72
    65
 73
     2
 40
0.75
 49
0.5
 74
     0
 49
-0.25
 74
     0
  0
LTYPE
  5
10E1
330
1025
100
AcDbSymbolTableRecord
100
AcDbLinetypeTableRecord
  2
ACAD_ISO06W100
 70
     0
  3
ISO long-dash triple-dot ____ ... ____ ... ____
 72
    65
 73
     8
 40
36.0
 49
24.0
 74
     0
 49
-3.0
 74
     0
 49
0.0
 74
     0
 49
-3.0
 74
     0
 49
0.0
 74
     0
 49
-3.0
 74
     0
 49
0.0
 74
     0
 49
-3.0
 74
     0
  0
LTYPE
  5
10E2
330
1025
100
AcDbSymbolTableRecord
100
AcDbLinetypeTableRecord
  2
PHANTOM2
 70
     0
  3
Phantom (.5x) ___ _ _ ___ _ _ ___ _ _ ___ _ _
 72
    65
 73
     6
 40
1.25
 49
0.625
 74
     0
 49
-0.125
 74
     0
 49
0.125
 74
     0
 49
-0.125
 74
     0
 49
0.125
 74
     0
 49
-0.125
 74
     0
  0
LTYPE
  5
10E3
330
1025
100
AcDbSymbolTableRecord
100
AcDbLinetypeTableRecord
  2
GAS_LINE
 70
     0
  3
Gas line ----GAS----GAS----GAS----GAS----GAS----GAS--
 72
    65
 73
     3
 40
0.95
 49
0.5
 74
     0
 49
-0.2
 74
     2
 75
     0
340
10DB
 46
0.1
 50
0.0
 44
-0.1
 45
-0.05
  9
GAS
 49
-0.25
 74
     0
  0
LTYPE
  5
10E4
330
1025
100
AcDbSymbolTableRecord
100
AcDbLinetypeTableRecord
  2
DOTX2
 70
     0
  3
Dot (2x) .  .  .  .  .  .  .  .  .  .  .  .  .  .
 72
    65
 73
     2
 40
0.5
 49
0.0
 74
     0
 49
-0.5
 74
     0
  0
LTYPE
  5
10E5
330
1025
100
AcDbSymbolTableRecord
100
AcDbLinetypeTableRecord
  2
FENCELINE1
 70
     0
  3
Fenceline circle ----0-----0----0-----0----0-----0--
 72
    65
 73
     4
 40
1.45
 49
0.25
 74
     0
 49
-0.1
 74
     2
 75
     0
340
10C0
 46
0.1
 50
0.0
 44
-0.1
 45
0.0
  9
CIRC1
 49
-0.1
 74
     0
 49
1.0
 74
     0
  0
LTYPE
  5
10E6
330
1025
100
AcDbSymbolTableRecord
100
AcDbLinetypeTableRecord
  2
POINT2
 70
     0
  3
----\/-----\/---
 72
    65
 73
     2
 40
1.2308
 49
1.0
 74
     2
 75
     0
340
10C0
 46
0.2
 50
0.0
 44
0.0
 45
0.0
  9
PT2
 49
-0.2308
 74
     0
  0
LTYPE
  5
10E7
330
1025
100
AcDbSymbolTableRecord
100
AcDbLinetypeTableRecord
  2
DOT2
 70
     0
  3
Dot (.5x) ........................................
 72
    65
 73
     2
 40
0.125
 49
0.0
 74
     0
 49
-0.125
 74
     0
  0
LTYPE
  5
10E8
330
1025
100
AcDbSymbolTableRecord
100
AcDbLinetypeTableRecord
  2
ACAD_ISO10W100
 70
     0
  3
ISO dash dot __ . __ . __ . __ . __ . __ . __ . 
 72
    65
 73
     4
 40
18.0
 49
12.0
 74
     0
 49
-3.0
 74
     0
 49
0.0
 74
     0
 49
-3.0
 74
     0
  0
LTYPE
  5
10E9
330
1025
100
AcDbSymbolTableRecord
100
AcDbLinetypeTableRecord
  2
HIDDEN
 70
     0
  3
Hidden __ __ __ __ __ __ __ __ __ __ __ __ __ __
 72
    65
 73
     2
 40
0.375
 49
0.25
 74
     0
 49
-0.125
 74
     0
  0
LTYPE
  5
10EA
330
1025
100
AcDbSymbolTableRecord
100
AcDbLinetypeTableRecord
  2
ACAD_ISO09W100
 70
     0
  3
ISO long-dash double-short-dash ____ __ __ ____
 72
    65
 73
     6
 40
45.0
 49
24.0
 74
     0
 49
-3.0
 74
     0
 49
6.0
 74
     0
 49
-3.0
 74
     0
 49
6.0
 74
     0
 49
-3.0
 74
     0
  0
LTYPE
  5
10EB
330
1025
100
AcDbSymbolTableRecord
100
AcDbLinetypeTableRecord
  2
CENTERX2
 70
     0
  3
Center (2x) ________  __  ________  __  _____
 72
    65
 73
     4
 40
4.0
 49
2.5
 74
     0
 49
-0.5
 74
     0
 49
0.5
 74
     0
 49
-0.5
 74
     0
  0
LTYPE
  5
10EC
330
1025
100
AcDbSymbolTableRecord
100
AcDbLinetypeTableRecord
  2
ACAD_ISO03W100
 70
     0
  3
ISO dash space __    __    __    __    __    __
 72
    65
 73
     2
 40
30.0
 49
12.0
 74
     0
 49
-18.0
 74
     0
  0
ENDTAB
  0
TABLE
  2
LAYER
  5
1023
330
0
100
AcDbSymbolTable
 70
     2
  0
LAYER
  5
1030
330
1023
100
AcDbSymbolTableRecord
100
AcDbLayerTableRecord
  2
0
 70
     0
 62
     7
  6
Continuous
370
    25
390
102F
347
1065
348
0
  0
LAYER
  5
10ED
330
1023
100
AcDbSymbolTableRecord
100
AcDbLayerTableRecord
  2
BEND
 70
     0
 62
     5
  6
Continuous
370
    25
390
102F
347
1065
348
0
  0
ENDTAB
  0
TABLE
  2
STYLE
  5
1024
330
0
100
AcDbSymbolTable
 70
     4
  0
STYLE
  5
1031
330
1024
100
AcDbSymbolTableRecord
100
AcDbTextStyleTableRecord
  2
Standard
 70
     0
 40
0.0
 41
1.0
 50
0.0
 71
     0
 42
0.2
  3
txt
  4

  0
STYLE
  5
10C0
330
1024
100
AcDbSymbolTableRecord
100
AcDbTextStyleTableRecord
  2
textstyle0
 70
     0
 40
0.0
 41
1.0
 50
0.0
 71
     0
 42
0.2
  3
ltypeshp.shx
  4

  0
STYLE
  5
10CF
330
1024
100
AcDbSymbolTableRecord
100
AcDbTextStyleTableRecord
  2
textstyle1
 70
     0
 40
0.0
 41
1.0
 50
0.0
 71
     0
 42
0.2
  3
qcadshp.shx
  4

  0
STYLE
  5
10DB
330
1024
100
AcDbSymbolTableRecord
100
AcDbTextStyleTableRecord
  2
textstyle2
 70
     0
 40
0.0
 41
1.0
 50
0.0
 71
     0
 42
0.2
  3
STANDARD
  4

  0
ENDTAB
  0
TABLE
  2
VIEW
  5
1026
330
0
100
AcDbSymbolTable
 70
     0
  0
ENDTAB
  0
TABLE
  2
UCS
  5
1027
330
0
100
AcDbSymbolTable
 70
     0
  0
ENDTAB
  0
TABLE
  2
APPID
  5
1029
330
0
100
AcDbSymbolTable
 70
     2
  0
APPID
  5
1032
330
1029
100
AcDbSymbolTableRecord
100
AcDbRegAppTableRecord
  2
ACAD
 70
     0
  0
APPID
  5
107D
330
1029
100
AcDbSymbolTableRecord
100
AcDbRegAppTableRecord
  2
QCAD
 70
     0
  0
ENDTAB
  0
TABLE
  2
DIMSTYLE
  5
102A
330
0
100
AcDbSymbolTable
 70
     2
100
AcDbDimStyleTable
  0
DIMSTYLE
105
1046
330
102A
100
AcDbSymbolTableRecord
100
AcDbDimStyleTableRecord
  2
Standard
 70
     0
178
     0
340
1031
  0
DIMSTYLE
105
10B7
330
102A
100
AcDbSymbolTableRecord
100
AcDbDimStyleTableRecord
  2
QCADDimStyle
 70
     0
 41
0.125
 42
0.03125
 43
0.25
 44
0.0625
 73
     0
 77
     1
 78
     8
 79
     2
140
0.125
147
0.03125
178
     0
279
     2
340
1031
  0
ENDTAB
  0
TABLE
  2
BLOCK_RECORD
  5
1022
330
0
100
AcDbSymbolTable
 70
     2
  0
BLOCK_RECORD
  5
103E
330
1022
100
AcDbSymbolTableRecord
100
AcDbBlockTableRecord
  2
*Model_Space
340
1041
 70
     0
280
     1
281
     0
  0
BLOCK_RECORD
  5
103A
330
1022
100
AcDbSymbolTableRecord
100
AcDbBlockTableRecord
  2
*Paper_Space
340
103D
 70
     0
280
     1
281
     0
  0
BLOCK_RECORD
  5
10F0
330
1022
100
AcDbSymbolTableRecord
100
AcDbBlockTableRecord
  2
fan
340
0
 70
     0
280
     1
281
     0
  0
BLOCK_RECORD
  5
10F3
330
1022
100
AcDbSymbolTableRecord
100
AcDbBlockTableRecord
  2
NeutrikXLR
340
0
 70
     0
280
     1
281
     0
  0
ENDTAB
  0
ENDSEC
  0
SECTION
  2
BLOCKS
  0
BLOCK
  5
103F
330
103E
100
AcDbEntity
  8
0
100
AcDbBlockBegin
  2
*Model_Space
 70
     0
 10
0.0
 20
0.0
 30
0.0
  3
*Model_Space
  1

  0
ENDBLK
  5
1040
330
103E
100
AcDbEntity
  8
0
100
AcDbBlockEnd
  0
BLOCK
  5
103B
330
103A
100
AcDbEntity
 67
     1
  8
0
100
AcDbBlockBegin
  2
*Paper_Space
 70
     0
 10
0.0
 20
0.0
 30
0.0
  3
*Paper_Space
  1

  0
ENDBLK
  5
103C
330
103A
100
AcDbEntity
 67
     1
  8
0
100
AcDbBlockEnd
  0
BLOCK
  5
10F1
330
10F0
100
AcDbEntity
  8
0
100
AcDbBlockBegin
  2
fan
 70
     0
 10
0.0
 20
0.0
 30
0.0
  3
fan
  1

  0
LINE
  5
65F
330
10F0
100
AcDbEntity
  8
0
100
AcDbLine
 10
0.0683770875210002
 20
-0.7583950260090001
 30
0.0
 11
0.075590307297
 21
-0.757668743235
 31
0.0
  0
CIRCLE
  5
23B
330
10F0
100
AcDbEntity
  8
0
100
AcDbCircle
 10
0.6299999999999999
 20
-0.63
 30
0.0
 40
0.069
  0
LINE
  5
660
330
10F0
100
AcDbEntity
  8
0
100
AcDbLine
 10
0.075590307297
 20
-0.757668743235
 30
0.0
 11
0.08581854447
 21
-0.756407609928
 31
0.0
  0
CIRCLE
  5
23C
330
10F0
100
AcDbEntity
  8
0
100
AcDbCircle
 10
-0.6299999999999999
 20
-0.63
 30
0.0
 40
0.069
  0
LINE
  5
661
330
10F0
100
AcDbEntity
  8
0
100
AcDbLine
 10
0.08581854447
 20
-0.756407609928
 30
0.0
 11
0.0917396387190001
 21
-0.7551213919740001
 31
0.0
  0
CIRCLE
  5
23D
330
10F0
100
AcDbEntity
  8
0
100
AcDbCircle
 10
-0.6299999999999999
 20
0.63
 30
0.0
 40
0.069
  0
LINE
  5
662
330
10F0
100
AcDbEntity
  8
0
100
AcDbLine
 10
0.0917396387190001
 20
-0.7551213919740001
 30
0.0
 11
0.094902151527
 21
-0.753473699613
 31
0.0
  0
CIRCLE
  5
23E
330
10F0
100
AcDbEntity
  8
0
100
AcDbCircle
 10
0.63
 20
0.63
 30
0.0
 40
0.069
  0
LINE
  5
663
330
10F0
100
AcDbEntity
  8
0
100
AcDbLine
 10
0.094902151527
 20
-0.753473699613
 30
0.0
 11
0.0959328622710001
 21
-0.752409181494
 31
0.0
  0
LINE
  5
664
330
10F0
100
AcDbEntity
  8
0
100
AcDbLine
 10
0.0959328622710001
 20
-0.752409181494
 30
0.0
 11
0.0977447572650001
 21
-0.748929501927
 31
0.0
  0
LINE
  5
665
330
10F0
100
AcDbEntity
  8
0
100
AcDbLine
 10
0.0977447572650001
 20
-0.748929501927
 30
0.0
 11
0.0976477747500001
 21
-0.7456385193930001
 31
0.0
  0
LINE
  5
666
330
10F0
100
AcDbEntity
  8
0
100
AcDbLine
 10
0.0976477747500001
 20
-0.7456385193930001
 30
0.0
 11
0.0970266801150001
 21
-0.7446888664019999
 31
0.0
  0
LINE
  5
667
330
10F0
100
AcDbEntity
  8
0
100
AcDbLine
 10
0.0970266801150001
 20
-0.7446888664019999
 30
0.0
 11
0.0937758258719999
 21
-0.741256705971
 31
0.0
  0
LINE
  5
668
330
10F0
100
AcDbEntity
  8
0
100
AcDbLine
 10
0.0937758258719999
 20
-0.741256705971
 30
0.0
 11
0.085102579962
 21
-0.7334074329660001
 31
0.0
  0
LINE
  5
669
330
10F0
100
AcDbEntity
  8
0
100
AcDbLine
 10
0.085102579962
 20
-0.7334074329660001
 30
0.0
 11
0.0777416419439999
 21
-0.727253643618
 31
0.0
  0
LINE
  5
66A
330
10F0
100
AcDbEntity
  8
0
100
AcDbLine
 10
0.0777416419439999
 20
-0.727253643618
 30
0.0
 11
0.059633416809
 21
-0.7120259208
 31
0.0
  0
LINE
  5
66B
330
10F0
100
AcDbEntity
  8
0
100
AcDbLine
 10
0.059633416809
 20
-0.7120259208
 30
0.0
 11
0.024605365086
 21
-0.6796374128370001
 31
0.0
  0
LINE
  5
66C
330
10F0
100
AcDbEntity
  8
0
100
AcDbLine
 10
0.024605365086
 20
-0.6796374128370001
 30
0.0
 11
0.008975503755
 21
-0.663669389304
 31
0.0
  0
LINE
  5
66D
330
10F0
100
AcDbEntity
  8
0
100
AcDbLine
 10
0.008975503755
 20
-0.663669389304
 30
0.0
 11
-0.006487821171
 21
-0.647242078761
 31
0.0
  0
LINE
  5
66E
330
10F0
100
AcDbEntity
  8
0
100
AcDbLine
 10
-0.006487821171
 20
-0.647242078761
 30
0.0
 11
-0.0230551597349999
 21
-0.646220208114
 31
0.0
  0
LINE
  5
66F
330
10F0
100
AcDbEntity
  8
0
100
AcDbLine
 10
-0.0230551597349999
 20
-0.646220208114
 30
0.0
 11
-0.0466003456020002
 21
-0.6445085309370001
 31
0.0
  0
LINE
  5
670
330
10F0
100
AcDbEntity
  8
0
100
AcDbLine
 10
-0.0466003456020002
 20
-0.6445085309370001
 30
0.0
 11
-0.0903571060409999
 21
-0.6396753350519999
 31
0.0
  0
LINE
  5
671
330
10F0
100
AcDbEntity
  8
0
100
AcDbLine
 10
-0.0903571060409999
 20
-0.6396753350519999
 30
0.0
 11
-0.130870445607
 21
-0.632757203055
 31
0.0
  0
LINE
  5
672
330
10F0
100
AcDbEntity
  8
0
100
AcDbLine
 10
-0.130870445607
 20
-0.632757203055
 30
0.0
 11
-0.16958202984
 21
-0.6235079509170001
 31
0.0
  0
LINE
  5
673
330
10F0
100
AcDbEntity
  8
0
100
AcDbLine
 10
-0.16958202984
 20
-0.6235079509170001
 30
0.0
 11
-0.1887126852510001
 21
-0.617932224306
 31
0.0
  0
LINE
  5
674
330
10F0
100
AcDbEntity
  8
0
100
AcDbLine
 10
-0.1887126852510001
 20
-0.617932224306
 30
0.0
 11
-0.1936892924460002
 21
-0.616452660486
 31
0.0
  0
LINE
  5
675
330
10F0
100
AcDbEntity
  8
0
100
AcDbLine
 10
-0.1936892924460002
 20
-0.616452660486
 30
0.0
 11
-0.2018706908040001
 21
-0.614461224942
 31
0.0
  0
LINE
  5
676
330
10F0
100
AcDbEntity
  8
0
100
AcDbLine
 10
-0.2018706908040001
 20
-0.614461224942
 30
0.0
 11
-0.2077817644619999
 21
-0.613918230021
 31
0.0
  0
LINE
  5
677
330
10F0
100
AcDbEntity
  8
0
100
AcDbLine
 10
-0.2077817644619999
 20
-0.613918230021
 30
0.0
 11
-0.211533023988
 21
-0.615013490313
 31
0.0
  0
LINE
  5
678
330
10F0
100
AcDbEntity
  8
0
100
AcDbLine
 10
-0.211533023988
 20
-0.615013490313
 30
0.0
 11
-0.21323497995
 21
-0.617936825511
 31
0.0
  0
LINE
  5
679
330
10F0
100
AcDbEntity
  8
0
100
AcDbLine
 10
-0.21323497995
 20
-0.617936825511
 30
0.0
 11
-0.212998144617
 21
-0.6228780553080001
 31
0.0
  0
LINE
  5
67A
330
10F0
100
AcDbEntity
  8
0
100
AcDbLine
 10
-0.212998144617
 20
-0.6228780553080001
 30
0.0
 11
-0.2109330285569999
 21
-0.6300269976959999
 31
0.0
  0
LINE
  5
67B
330
10F0
100
AcDbEntity
  8
0
100
AcDbLine
 10
-0.2109330285569999
 20
-0.6300269976959999
 30
0.0
 11
-0.20715014574
 21
-0.6395734689660001
 31
0.0
  0
LINE
  5
67C
330
10F0
100
AcDbEntity
  8
0
100
AcDbLine
 10
-0.20715014574
 20
-0.6395734689660001
 30
0.0
 11
-0.2046490769879999
 21
-0.64530509733
 31
0.0
  0
LINE
  5
67D
330
10F0
100
AcDbEntity
  8
0
100
AcDbLine
 10
-0.2046490769879999
 20
-0.64530509733
 30
0.0
 11
-0.195922263186
 21
-0.663819953319
 31
0.0
  0
LINE
  5
67E
330
10F0
100
AcDbEntity
  8
0
100
AcDbLine
 10
-0.195922263186
 20
-0.663819953319
 30
0.0
 11
-0.174481278957
 21
-0.703658921229
 31
0.0
  0
LINE
  5
67F
330
10F0
100
AcDbEntity
  8
0
100
AcDbLine
 10
-0.174481278957
 20
-0.703658921229
 30
0.0
 11
-0.162538073172
 21
-0.7235505240929999
 31
0.0
  0
LINE
  5
680
330
10F0
100
AcDbEntity
  8
0
100
AcDbLine
 10
-0.162538073172
 20
-0.7235505240929999
 30
0.0
 11
-0.159787064583
 21
-0.7279844289390001
 31
0.0
  0
LINE
  5
681
330
10F0
100
AcDbEntity
  8
0
100
AcDbLine
 10
-0.159787064583
 20
-0.7279844289390001
 30
0.0
 11
-0.1553215058280001
 21
-0.735128025084
 31
0.0
  0
LINE
  5
682
330
10F0
100
AcDbEntity
  8
0
100
AcDbLine
 10
-0.1553215058280001
 20
-0.735128025084
 30
0.0
 11
-0.1502749739249998
 21
-0.7422578057070001
 31
0.0
  0
LINE
  5
683
330
10F0
100
AcDbEntity
  8
0
100
AcDbLine
 10
-0.1502749739249998
 20
-0.7422578057070001
 30
0.0
 11
-0.143999454213
 21
-0.747100836774
 31
0.0
  0
LINE
  5
684
330
10F0
100
AcDbEntity
  8
0
100
AcDbLine
 10
-0.143999454213
 20
-0.747100836774
 30
0.0
 11
-0.134567960337
 21
-0.7494496064910001
 31
0.0
  0
LINE
  5
685
330
10F0
100
AcDbEntity
  8
0
100
AcDbLine
 10
-0.134567960337
 20
-0.7494496064910001
 30
0.0
 11
-0.1274162572259999
 21
-0.7506552140550001
 31
0.0
  0
LINE
  5
686
330
10F0
100
AcDbEntity
  8
0
100
AcDbLine
 10
-0.1274162572259999
 20
-0.7506552140550001
 30
0.0
 11
-0.0900875757870001
 21
-0.7558508641230001
 31
0.0
  0
LINE
  5
687
330
10F0
100
AcDbEntity
  8
0
100
AcDbLine
 10
-0.0900875757870001
 20
-0.7558508641230001
 30
0.0
 11
-0.05238
 21
-0.759747479202
 31
0.0
  0
LINE
  5
688
330
10F0
100
AcDbEntity
  8
0
100
AcDbLine
 10
-0.05238
 20
-0.759747479202
 30
0.0
 11
-0.0475139441970001
 21
-0.7600266184050001
 31
0.0
  0
LINE
  5
689
330
10F0
100
AcDbEntity
  8
0
100
AcDbLine
 10
-0.0475139441970001
 20
-0.7600266184050001
 30
0.0
 11
-0.034670536893
 21
-0.760416596469
 31
0.0
  0
LINE
  5
68A
330
10F0
100
AcDbEntity
  8
0
100
AcDbLine
 10
-0.034670536893
 20
-0.760416596469
 30
0.0
 11
-0.009979644177
 21
-0.760607156097
 31
0.0
  0
LINE
  5
68B
330
10F0
100
AcDbEntity
  8
0
100
AcDbLine
 10
-0.009979644177
 20
-0.760607156097
 30
0.0
 11
0.026482821723
 21
-0.76019878512
 31
0.0
  0
LINE
  5
68C
330
10F0
100
AcDbEntity
  8
0
100
AcDbLine
 10
0.026482821723
 20
-0.76019878512
 30
0.0
 11
0.0509965842060001
 21
-0.759457142316
 31
0.0
  0
LINE
  5
68D
330
10F0
100
AcDbEntity
  8
0
100
AcDbLine
 10
0.0509965842060001
 20
-0.759457142316
 30
0.0
 11
0.063637553799
 21
-0.758781744957
 31
0.0
  0
LINE
  5
68E
330
10F0
100
AcDbEntity
  8
0
100
AcDbLine
 10
0.063637553799
 20
-0.758781744957
 30
0.0
 11
0.0683770875210002
 21
-0.7583950260090001
 31
0.0
  0
LINE
  5
68F
330
10F0
100
AcDbEntity
  8
0
100
AcDbLine
 10
0.170451
 20
-0.742105749915
 30
0.0
 11
0.1913207935320002
 21
-0.7370381647350001
 31
0.0
  0
LINE
  5
690
330
10F0
100
AcDbEntity
  8
0
100
AcDbLine
 10
0.1913207935320002
 20
-0.7370381647350001
 30
0.0
 11
0.2331213070140002
 21
-0.724800063384
 31
0.0
  0
LINE
  5
691
330
10F0
100
AcDbEntity
  8
0
100
AcDbLine
 10
0.2331213070140002
 20
-0.724800063384
 30
0.0
 11
0.2748159179370002
 21
-0.7098252639570001
 31
0.0
  0
LINE
  5
692
330
10F0
100
AcDbEntity
  8
0
100
AcDbLine
 10
0.2748159179370002
 20
-0.7098252639570001
 30
0.0
 11
0.3161800602810002
 21
-0.6921944193690001
 31
0.0
  0
LINE
  5
693
330
10F0
100
AcDbEntity
  8
0
100
AcDbLine
 10
0.3161800602810002
 20
-0.6921944193690001
 30
0.0
 11
0.3366680303430003
 21
-0.682408183644
 31
0.0
  0
LINE
  5
694
330
10F0
100
AcDbEntity
  8
0
100
AcDbLine
 10
0.3366680303430003
 20
-0.682408183644
 30
0.0
 11
0.342581311899
 21
-0.679469544549
 31
0.0
  0
LINE
  5
695
330
10F0
100
AcDbEntity
  8
0
100
AcDbLine
 10
0.342581311899
 20
-0.679469544549
 30
0.0
 11
0.3526460149320006
 21
-0.674386948044
 31
0.0
  0
LINE
  5
696
330
10F0
100
AcDbEntity
  8
0
100
AcDbLine
 10
0.3526460149320006
 20
-0.674386948044
 30
0.0
 11
0.3637837989180003
 21
-0.66846873699
 31
0.0
  0
LINE
  5
697
330
10F0
100
AcDbEntity
  8
0
100
AcDbLine
 10
0.3637837989180003
 20
-0.66846873699
 30
0.0
 11
0.3724906004550002
 21
-0.662974848891
 31
0.0
  0
LINE
  5
698
330
10F0
100
AcDbEntity
  8
0
100
AcDbLine
 10
0.3724906004550002
 20
-0.662974848891
 30
0.0
 11
0.3759181018470003
 21
-0.659121323544
 31
0.0
  0
LINE
  5
699
330
10F0
100
AcDbEntity
  8
0
100
AcDbLine
 10
0.3759181018470003
 20
-0.659121323544
 30
0.0
 11
0.3762459525870002
 21
-0.6574349912670001
 31
0.0
  0
LINE
  5
69A
330
10F0
100
AcDbEntity
  8
0
100
AcDbLine
 10
0.3762459525870002
 20
-0.6574349912670001
 30
0.0
 11
0.3760364370150003
 21
-0.6554375392860001
 31
0.0
  0
LINE
  5
69B
330
10F0
100
AcDbEntity
  8
0
100
AcDbLine
 10
0.3760364370150003
 20
-0.6554375392860001
 30
0.0
 11
0.373872460536
 21
-0.652117471353
 31
0.0
  0
LINE
  5
69C
330
10F0
100
AcDbEntity
  8
0
100
AcDbLine
 10
0.373872460536
 20
-0.652117471353
 30
0.0
 11
0.3680343189540002
 21
-0.6489708901110001
 31
0.0
  0
LINE
  5
69D
330
10F0
100
AcDbEntity
  8
0
100
AcDbLine
 10
0.3680343189540002
 20
-0.6489708901110001
 30
0.0
 11
0.3569049328050001
 21
-0.645126238881
 31
0.0
  0
LINE
  5
69E
330
10F0
100
AcDbEntity
  8
0
100
AcDbLine
 10
0.3569049328050001
 20
-0.645126238881
 30
0.0
 11
0.3488506858980003
 21
-0.642669773751
 31
0.0
  0
LINE
  5
69F
330
10F0
100
AcDbEntity
  8
0
100
AcDbLine
 10
0.3488506858980003
 20
-0.642669773751
 30
0.0
 11
0.3263761672650006
 21
-0.635595131043
 31
0.0
  0
LINE
  5
6A0
330
10F0
100
AcDbEntity
  8
0
100
AcDbLine
 10
0.3263761672650006
 20
-0.635595131043
 30
0.0
 11
0.2838317945760006
 21
-0.619936393536
 31
0.0
  0
LINE
  5
6A1
330
10F0
100
AcDbEntity
  8
0
100
AcDbLine
 10
0.2838317945760006
 20
-0.619936393536
 30
0.0
 11
0.2624359718970003
 21
-0.610864266528
 31
0.0
  0
LINE
  5
6A2
330
10F0
100
AcDbEntity
  8
0
100
AcDbLine
 10
0.2624359718970003
 20
-0.610864266528
 30
0.0
 11
0.2396034454950002
 21
-0.600786241263
 31
0.0
  0
LINE
  5
6A3
330
10F0
100
AcDbEntity
  8
0
100
AcDbLine
 10
0.2396034454950002
 20
-0.600786241263
 30
0.0
 11
0.214807971897
 21
-0.60933498588
 31
0.0
  0
LINE
  5
6A4
330
10F0
100
AcDbEntity
  8
0
100
AcDbLine
 10
0.214807971897
 20
-0.60933498588
 30
0.0
 11
0.1952702807940002
 21
-0.61585437456
 31
0.0
  0
LINE
  5
6A5
330
10F0
100
AcDbEntity
  8
0
100
AcDbLine
 10
0.1952702807940002
 20
-0.61585437456
 30
0.0
 11
0.1591136512920001
 21
-0.6264566905500001
 31
0.0
  0
LINE
  5
6A6
330
10F0
100
AcDbEntity
  8
0
100
AcDbLine
 10
0.1591136512920001
 20
-0.6264566905500001
 30
0.0
 11
0.1243691035380001
 21
-0.634375531053
 31
0.0
  0
LINE
  5
6A7
330
10F0
100
AcDbEntity
  8
0
100
AcDbLine
 10
0.1243691035380001
 20
-0.634375531053
 30
0.0
 11
0.0880611241590001
 21
-0.6402890609549999
 31
0.0
  0
LINE
  5
6A8
330
10F0
100
AcDbEntity
  8
0
100
AcDbLine
 10
0.0880611241590001
 20
-0.6402890609549999
 30
0.0
 11
0.0683910000000001
 21
-0.642705761808
 31
0.0
  0
LINE
  5
6A9
330
10F0
100
AcDbEntity
  8
0
100
AcDbLine
 10
0.0683910000000001
 20
-0.642705761808
 30
0.0
 11
0.0634821453360001
 21
-0.643258100322
 31
0.0
  0
LINE
  5
6AA
330
10F0
100
AcDbEntity
  8
0
100
AcDbLine
 10
0.0634821453360001
 20
-0.643258100322
 30
0.0
 11
0.0554037238170001
 21
-0.6442071936839999
 31
0.0
  0
LINE
  5
6AB
330
10F0
100
AcDbEntity
  8
0
100
AcDbLine
 10
0.0554037238170001
 20
-0.6442071936839999
 30
0.0
 11
0.047028088269
 21
-0.645418543824
 31
0.0
  0
LINE
  5
6AC
330
10F0
100
AcDbEntity
  8
0
100
AcDbLine
 10
0.047028088269
 20
-0.645418543824
 30
0.0
 11
0.0411482075489999
 21
-0.647132066586
 31
0.0
  0
LINE
  5
6AD
330
10F0
100
AcDbEntity
  8
0
100
AcDbLine
 10
0.0411482075489999
 20
-0.647132066586
 30
0.0
 11
0.0389403316620002
 21
-0.6496489971630001
 31
0.0
  0
LINE
  5
6AE
330
10F0
100
AcDbEntity
  8
0
100
AcDbLine
 10
0.0389403316620002
 20
-0.6496489971630001
 30
0.0
 11
0.0384050967030001
 21
-0.6514442955
 31
0.0
  0
LINE
  5
6AF
330
10F0
100
AcDbEntity
  8
0
100
AcDbLine
 10
0.0384050967030001
 20
-0.6514442955
 30
0.0
 11
0.038235651588
 21
-0.6540246512640001
 31
0.0
  0
LINE
  5
6B0
330
10F0
100
AcDbEntity
  8
0
100
AcDbLine
 10
0.038235651588
 20
-0.6540246512640001
 30
0.0
 11
0.040573574028
 21
-0.658537409367
 31
0.0
  0
LINE
  5
6B1
330
10F0
100
AcDbEntity
  8
0
100
AcDbLine
 10
0.040573574028
 20
-0.658537409367
 30
0.0
 11
0.0444967570260001
 21
-0.6630083109630001
 31
0.0
  0
LINE
  5
6B2
330
10F0
100
AcDbEntity
  8
0
100
AcDbLine
 10
0.0444967570260001
 20
-0.6630083109630001
 30
0.0
 11
0.0473313935790001
 21
-0.6659484299280001
 31
0.0
  0
LINE
  5
6B3
330
10F0
100
AcDbEntity
  8
0
100
AcDbLine
 10
0.0473313935790001
 20
-0.6659484299280001
 30
0.0
 11
0.053315219007
 21
-0.6718676922
 31
0.0
  0
LINE
  5
6B4
330
10F0
100
AcDbEntity
  8
0
100
AcDbLine
 10
0.053315219007
 20
-0.6718676922
 30
0.0
 11
0.0673769675610001
 21
-0.6848085021660001
 31
0.0
  0
LINE
  5
6B5
330
10F0
100
AcDbEntity
  8
0
100
AcDbLine
 10
0.0673769675610001
 20
-0.6848085021660001
 30
0.0
 11
0.0915338636460001
 21
-0.7052967562950001
 31
0.0
  0
LINE
  5
6B6
330
10F0
100
AcDbEntity
  8
0
100
AcDbLine
 10
0.0915338636460001
 20
-0.7052967562950001
 30
0.0
 11
0.1158943286070001
 21
-0.724391580141
 31
0.0
  0
LINE
  5
6B7
330
10F0
100
AcDbEntity
  8
0
100
AcDbLine
 10
0.1158943286070001
 20
-0.724391580141
 30
0.0
 11
0.1303179785190001
 21
-0.734855181282
 31
0.0
  0
LINE
  5
6B8
330
10F0
100
AcDbEntity
  8
0
100
AcDbLine
 10
0.1303179785190001
 20
-0.734855181282
 30
0.0
 11
0.1419374703960001
 21
-0.742461253812
 31
0.0
  0
LINE
  5
6B9
330
10F0
100
AcDbEntity
  8
0
100
AcDbLine
 10
0.1419374703960001
 20
-0.742461253812
 30
0.0
 11
0.1495949539500001
 21
-0.746314501896
 31
0.0
  0
LINE
  5
6BA
330
10F0
100
AcDbEntity
  8
0
100
AcDbLine
 10
0.1495949539500001
 20
-0.746314501896
 30
0.0
 11
0.1515761120519999
 21
-0.7465540384170001
 31
0.0
  0
LINE
  5
6BB
330
10F0
100
AcDbEntity
  8
0
100
AcDbLine
 10
0.1515761120519999
 20
-0.7465540384170001
 30
0.0
 11
0.1524513939209999
 21
-0.746319684843
 31
0.0
  0
LINE
  5
6BC
330
10F0
100
AcDbEntity
  8
0
100
AcDbLine
 10
0.1524513939209999
 20
-0.746319684843
 30
0.0
 11
0.155861109657
 21
-0.745484022666
 31
0.0
  0
LINE
  5
6BD
330
10F0
100
AcDbEntity
  8
0
100
AcDbLine
 10
0.155861109657
 20
-0.745484022666
 30
0.0
 11
0.163962307566
 21
-0.743586825924
 31
0.0
  0
LINE
  5
6BE
330
10F0
100
AcDbEntity
  8
0
100
AcDbLine
 10
0.163962307566
 20
-0.743586825924
 30
0.0
 11
0.170451
 21
-0.742105749915
 31
0.0
  0
LINE
  5
6BF
330
10F0
100
AcDbEntity
  8
0
100
AcDbLine
 10
-0.1956041999999999
 20
-0.7316369998469999
 30
0.0
 11
-0.194475139137
 21
-0.730175553378
 31
0.0
  0
LINE
  5
6C0
330
10F0
100
AcDbEntity
  8
0
100
AcDbLine
 10
-0.194475139137
 20
-0.730175553378
 30
0.0
 11
-0.193921849764
 21
-0.726204973716
 31
0.0
  0
LINE
  5
6C1
330
10F0
100
AcDbEntity
  8
0
100
AcDbLine
 10
-0.193921849764
 20
-0.726204973716
 30
0.0
 11
-0.1960505219880001
 21
-0.7195614613650001
 31
0.0
  0
LINE
  5
6C2
330
10F0
100
AcDbEntity
  8
0
100
AcDbLine
 10
-0.1960505219880001
 20
-0.7195614613650001
 30
0.0
 11
-0.2013517803420001
 21
-0.7087137948359999
 31
0.0
  0
LINE
  5
6C3
330
10F0
100
AcDbEntity
  8
0
100
AcDbLine
 10
-0.2013517803420001
 20
-0.7087137948359999
 30
0.0
 11
-0.2053454510790001
 21
-0.7012348941690001
 31
0.0
  0
LINE
  5
6C4
330
10F0
100
AcDbEntity
  8
0
100
AcDbLine
 10
-0.2053454510790001
 20
-0.7012348941690001
 30
0.0
 11
-0.2104640781660001
 21
-0.691515487332
 31
0.0
  0
LINE
  5
6C5
330
10F0
100
AcDbEntity
  8
0
100
AcDbLine
 10
-0.2104640781660001
 20
-0.691515487332
 30
0.0
 11
-0.2212575746490001
 21
-0.6695860422420001
 31
0.0
  0
LINE
  5
6C6
330
10F0
100
AcDbEntity
  8
0
100
AcDbLine
 10
-0.2212575746490001
 20
-0.6695860422420001
 30
0.0
 11
-0.231949288395
 21
-0.646182020664
 31
0.0
  0
LINE
  5
6C7
330
10F0
100
AcDbEntity
  8
0
100
AcDbLine
 10
-0.231949288395
 20
-0.646182020664
 30
0.0
 11
-0.2415271056929999
 21
-0.6235189359750001
 31
0.0
  0
LINE
  5
6C8
330
10F0
100
AcDbEntity
  8
0
100
AcDbLine
 10
-0.2415271056929999
 20
-0.6235189359750001
 30
0.0
 11
-0.245582014131
 21
-0.613157595552
 31
0.0
  0
LINE
  5
6C9
330
10F0
100
AcDbEntity
  8
0
100
AcDbLine
 10
-0.245582014131
 20
-0.613157595552
 30
0.0
 11
-0.2522475
 21
-0.595547491257
 31
0.0
  0
LINE
  5
6CA
330
10F0
100
AcDbEntity
  8
0
100
AcDbLine
 10
-0.2522475
 20
-0.595547491257
 30
0.0
 11
-0.279535154625
 21
-0.582129219096
 31
0.0
  0
LINE
  5
6CB
330
10F0
100
AcDbEntity
  8
0
100
AcDbLine
 10
-0.279535154625
 20
-0.582129219096
 30
0.0
 11
-0.296812601154
 21
-0.573333640668
 31
0.0
  0
LINE
  5
6CC
330
10F0
100
AcDbEntity
  8
0
100
AcDbLine
 10
-0.296812601154
 20
-0.573333640668
 30
0.0
 11
-0.3303988206389999
 21
-0.55443732012
 31
0.0
  0
LINE
  5
6CD
330
10F0
100
AcDbEntity
  8
0
100
AcDbLine
 10
-0.3303988206389999
 20
-0.55443732012
 30
0.0
 11
-0.3624444920520001
 21
-0.533959877547
 31
0.0
  0
LINE
  5
6CE
330
10F0
100
AcDbEntity
  8
0
100
AcDbLine
 10
-0.3624444920520001
 20
-0.533959877547
 30
0.0
 11
-0.3926508347430001
 21
-0.512092238292
 31
0.0
  0
LINE
  5
6CF
330
10F0
100
AcDbEntity
  8
0
100
AcDbLine
 10
-0.3926508347430001
 20
-0.512092238292
 30
0.0
 11
-0.4069708869509999
 21
-0.50069675961
 31
0.0
  0
LINE
  5
6D0
330
10F0
100
AcDbEntity
  8
0
100
AcDbLine
 10
-0.4069708869509999
 20
-0.50069675961
 30
0.0
 11
-0.41365894509
 21
-0.495391456278
 31
0.0
  0
LINE
  5
6D1
330
10F0
100
AcDbEntity
  8
0
100
AcDbLine
 10
-0.41365894509
 20
-0.495391456278
 30
0.0
 11
-0.422047140822
 21
-0.489374952939
 31
0.0
  0
LINE
  5
6D2
330
10F0
100
AcDbEntity
  8
0
100
AcDbLine
 10
-0.422047140822
 20
-0.489374952939
 30
0.0
 11
-0.42560709228
 21
-0.4873120753949999
 31
0.0
  0
LINE
  5
6D3
330
10F0
100
AcDbEntity
  8
0
100
AcDbLine
 10
-0.42560709228
 20
-0.4873120753949999
 30
0.0
 11
-0.426536661564
 21
-0.4870331998469999
 31
0.0
  0
LINE
  5
6D4
330
10F0
100
AcDbEntity
  8
0
100
AcDbLine
 10
-0.426536661564
 20
-0.4870331998469999
 30
0.0
 11
-0.429515476578
 21
-0.488031890967
 31
0.0
  0
LINE
  5
6D5
330
10F0
100
AcDbEntity
  8
0
100
AcDbLine
 10
-0.429515476578
 20
-0.488031890967
 30
0.0
 11
-0.4325515064280001
 21
-0.4904329970519999
 31
0.0
  0
LINE
  5
6D6
330
10F0
100
AcDbEntity
  8
0
100
AcDbLine
 10
-0.4325515064280001
 20
-0.4904329970519999
 30
0.0
 11
-0.434180620467
 21
-0.493003720053
 31
0.0
  0
LINE
  5
6D7
330
10F0
100
AcDbEntity
  8
0
100
AcDbLine
 10
-0.434180620467
 20
-0.493003720053
 30
0.0
 11
-0.435067445322
 21
-0.500935403106
 31
0.0
  0
LINE
  5
6D8
330
10F0
100
AcDbEntity
  8
0
100
AcDbLine
 10
-0.435067445322
 20
-0.500935403106
 30
0.0
 11
-0.43481321046
 21
-0.5118654031379999
 31
0.0
  0
LINE
  5
6D9
330
10F0
100
AcDbEntity
  8
0
100
AcDbLine
 10
-0.43481321046
 20
-0.5118654031379999
 30
0.0
 11
-0.4344819458130001
 21
-0.519775247052
 31
0.0
  0
LINE
  5
6DA
330
10F0
100
AcDbEntity
  8
0
100
AcDbLine
 10
-0.4344819458130001
 20
-0.519775247052
 30
0.0
 11
-0.433583365347
 21
-0.534975466401
 31
0.0
  0
LINE
  5
6DB
330
10F0
100
AcDbEntity
  8
0
100
AcDbLine
 10
-0.433583365347
 20
-0.534975466401
 30
0.0
 11
-0.430485876666
 21
-0.568925155566
 31
0.0
  0
LINE
  5
6DC
330
10F0
100
AcDbEntity
  8
0
100
AcDbLine
 10
-0.430485876666
 20
-0.568925155566
 30
0.0
 11
-0.4274677702530001
 21
-0.59394772287
 31
0.0
  0
LINE
  5
6DD
330
10F0
100
AcDbEntity
  8
0
100
AcDbLine
 10
-0.4274677702530001
 20
-0.59394772287
 30
0.0
 11
-0.4253356058760001
 21
-0.6087318163830001
 31
0.0
  0
LINE
  5
6DE
330
10F0
100
AcDbEntity
  8
0
100
AcDbLine
 10
-0.4253356058760001
 20
-0.6087318163830001
 30
0.0
 11
-0.423238565448
 21
-0.6209473590719999
 31
0.0
  0
LINE
  5
6DF
330
10F0
100
AcDbEntity
  8
0
100
AcDbLine
 10
-0.423238565448
 20
-0.6209473590719999
 30
0.0
 11
-0.421289105481
 21
-0.6296939589060001
 31
0.0
  0
LINE
  5
6E0
330
10F0
100
AcDbEntity
  8
0
100
AcDbLine
 10
-0.421289105481
 20
-0.6296939589060001
 30
0.0
 11
-0.420404859342
 21
-0.6324850311480001
 31
0.0
  0
LINE
  5
6E1
330
10F0
100
AcDbEntity
  8
0
100
AcDbLine
 10
-0.420404859342
 20
-0.6324850311480001
 30
0.0
 11
-0.4192701222420001
 21
-0.633910501467
 31
0.0
  0
LINE
  5
6E2
330
10F0
100
AcDbEntity
  8
0
100
AcDbLine
 10
-0.4192701222420001
 20
-0.633910501467
 30
0.0
 11
-0.413047510434
 21
-0.638707772232
 31
0.0
  0
LINE
  5
6E3
330
10F0
100
AcDbEntity
  8
0
100
AcDbLine
 10
-0.413047510434
 20
-0.638707772232
 30
0.0
 11
-0.402465085938
 21
-0.645579919395
 31
0.0
  0
LINE
  5
6E4
330
10F0
100
AcDbEntity
  8
0
100
AcDbLine
 10
-0.402465085938
 20
-0.645579919395
 30
0.0
 11
-0.388616093361
 21
-0.6539026793580001
 31
0.0
  0
LINE
  5
6E5
330
10F0
100
AcDbEntity
  8
0
100
AcDbLine
 10
-0.388616093361
 20
-0.6539026793580001
 30
0.0
 11
-0.3641092675560001
 21
-0.667741129137
 31
0.0
  0
LINE
  5
6E6
330
10F0
100
AcDbEntity
  8
0
100
AcDbLine
 10
-0.3641092675560001
 20
-0.667741129137
 30
0.0
 11
-0.338402168523
 21
-0.681331947336
 31
0.0
  0
LINE
  5
6E7
330
10F0
100
AcDbEntity
  8
0
100
AcDbLine
 10
-0.338402168523
 20
-0.681331947336
 30
0.0
 11
-0.3224193598980001
 21
-0.6892144748910001
 31
0.0
  0
LINE
  5
6E8
330
10F0
100
AcDbEntity
  8
0
100
AcDbLine
 10
-0.3224193598980001
 20
-0.6892144748910001
 30
0.0
 11
-0.3151845
 21
-0.6925682311290001
 31
0.0
  0
LINE
  5
6E9
330
10F0
100
AcDbEntity
  8
0
100
AcDbLine
 10
-0.3151845
 20
-0.6925682311290001
 30
0.0
 11
-0.3043843662149999
 21
-0.697405005918
 31
0.0
  0
LINE
  5
6EA
330
10F0
100
AcDbEntity
  8
0
100
AcDbLine
 10
-0.3043843662149999
 20
-0.697405005918
 30
0.0
 11
-0.2864307007440001
 21
-0.705127867407
 31
0.0
  0
LINE
  5
6EB
330
10F0
100
AcDbEntity
  8
0
100
AcDbLine
 10
-0.2864307007440001
 20
-0.705127867407
 30
0.0
 11
-0.269763545799
 21
-0.711648742761
 31
0.0
  0
LINE
  5
6EC
330
10F0
100
AcDbEntity
  8
0
100
AcDbLine
 10
-0.269763545799
 20
-0.711648742761
 30
0.0
 11
-0.2500921492920001
 21
-0.71864634888
 31
0.0
  0
LINE
  5
6ED
330
10F0
100
AcDbEntity
  8
0
100
AcDbLine
 10
-0.2500921492920001
 20
-0.71864634888
 30
0.0
 11
-0.2377889999999999
 21
-0.722848526496
 31
0.0
  0
LINE
  5
6EE
330
10F0
100
AcDbEntity
  8
0
100
AcDbLine
 10
-0.2377889999999999
 20
-0.722848526496
 30
0.0
 11
-0.23201243802
 21
-0.7247968893180001
 31
0.0
  0
LINE
  5
6EF
330
10F0
100
AcDbEntity
  8
0
100
AcDbLine
 10
-0.23201243802
 20
-0.7247968893180001
 30
0.0
 11
-0.222160693383
 21
-0.728041196412
 31
0.0
  0
LINE
  5
6F0
330
10F0
100
AcDbEntity
  8
0
100
AcDbLine
 10
-0.222160693383
 20
-0.728041196412
 30
0.0
 11
-0.211122625419
 21
-0.731383668216
 31
0.0
  0
LINE
  5
6F1
330
10F0
100
AcDbEntity
  8
0
100
AcDbLine
 10
-0.211122625419
 20
-0.731383668216
 30
0.0
 11
-0.201946802049
 21
-0.7332952928400001
 31
0.0
  0
LINE
  5
6F2
330
10F0
100
AcDbEntity
  8
0
100
AcDbLine
 10
-0.201946802049
 20
-0.7332952928400001
 30
0.0
 11
-0.1970943508439999
 21
-0.7327170634050001
 31
0.0
  0
LINE
  5
6F3
330
10F0
100
AcDbEntity
  8
0
100
AcDbLine
 10
-0.1970943508439999
 20
-0.7327170634050001
 30
0.0
 11
-0.1956041999999999
 21
-0.7316369998469999
 31
0.0
  0
LINE
  5
6F4
330
10F0
100
AcDbEntity
  8
0
100
AcDbLine
 10
0.43724325636
 20
-0.6228032742449999
 30
0.0
 11
0.4653038470860003
 21
-0.6018464405430001
 31
0.0
  0
LINE
  5
6F5
330
10F0
100
AcDbEntity
  8
0
100
AcDbLine
 10
0.4653038470860003
 20
-0.6018464405430001
 30
0.0
 11
0.5175487063890002
 21
-0.5569327466549999
 31
0.0
  0
LINE
  5
6F6
330
10F0
100
AcDbEntity
  8
0
100
AcDbLine
 10
0.5175487063890002
 20
-0.5569327466549999
 30
0.0
 11
0.5430145117680001
 21
-0.531874177686
 31
0.0
  0
LINE
  5
6F7
330
10F0
100
AcDbEntity
  8
0
100
AcDbLine
 10
0.5430145117680001
 20
-0.531874177686
 30
0.0
 11
0.5545448083080002
 21
-0.519871942098
 31
0.0
  0
LINE
  5
6F8
330
10F0
100
AcDbEntity
  8
0
100
AcDbLine
 10
0.5545448083080002
 20
-0.519871942098
 30
0.0
 11
0.5742845560980002
 21
-0.4982348835989999
 31
0.0
  0
LINE
  5
6F9
330
10F0
100
AcDbEntity
  8
0
100
AcDbLine
 10
0.5742845560980002
 20
-0.4982348835989999
 30
0.0
 11
0.5856031291680003
 21
-0.484779197943
 31
0.0
  0
LINE
  5
6FA
330
10F0
100
AcDbEntity
  8
0
100
AcDbLine
 10
0.5856031291680003
 20
-0.484779197943
 30
0.0
 11
0.5912123059440001
 21
-0.477462419586
 31
0.0
  0
LINE
  5
6FB
330
10F0
100
AcDbEntity
  8
0
100
AcDbLine
 10
0.5912123059440001
 20
-0.477462419586
 30
0.0
 11
0.5951002527270003
 21
-0.4716761772149999
 31
0.0
  0
LINE
  5
6FC
330
10F0
100
AcDbEntity
  8
0
100
AcDbLine
 10
0.5951002527270003
 20
-0.4716761772149999
 30
0.0
 11
0.5971195421460003
 21
-0.467598403935
 31
0.0
  0
LINE
  5
6FD
330
10F0
100
AcDbEntity
  8
0
100
AcDbLine
 10
0.5971195421460003
 20
-0.467598403935
 30
0.0
 11
0.5973823687590001
 21
-0.466255797831
 31
0.0
  0
LINE
  5
6FE
330
10F0
100
AcDbEntity
  8
0
100
AcDbLine
 10
0.5973823687590001
 20
-0.466255797831
 30
0.0
 11
0.5971717560420006
 21
-0.46366333605
 31
0.0
  0
LINE
  5
6FF
330
10F0
100
AcDbEntity
  8
0
100
AcDbLine
 10
0.5971717560420006
 20
-0.46366333605
 30
0.0
 11
0.5947725601800002
 21
-0.46031005269
 31
0.0
  0
LINE
  5
700
330
10F0
100
AcDbEntity
  8
0
100
AcDbLine
 10
0.5947725601800002
 20
-0.46031005269
 30
0.0
 11
0.5883140911140005
 21
-0.459141727644
 31
0.0
  0
LINE
  5
701
330
10F0
100
AcDbEntity
  8
0
100
AcDbLine
 10
0.5883140911140005
 20
-0.459141727644
 30
0.0
 11
0.5760899736840004
 21
-0.459849675339
 31
0.0
  0
LINE
  5
702
330
10F0
100
AcDbEntity
  8
0
100
AcDbLine
 10
0.5760899736840004
 20
-0.459849675339
 30
0.0
 11
0.5672825528940002
 21
-0.460810789668
 31
0.0
  0
LINE
  5
703
330
10F0
100
AcDbEntity
  8
0
100
AcDbLine
 10
0.5672825528940002
 20
-0.460810789668
 30
0.0
 11
0.5613643843650002
 21
-0.461410912674
 31
0.0
  0
LINE
  5
704
330
10F0
100
AcDbEntity
  8
0
100
AcDbLine
 10
0.5613643843650002
 20
-0.461410912674
 30
0.0
 11
0.5461612239870003
 21
-0.4624986715559999
 31
0.0
  0
LINE
  5
705
330
10F0
100
AcDbEntity
  8
0
100
AcDbLine
 10
0.5461612239870003
 20
-0.4624986715559999
 30
0.0
 11
0.5174581995810007
 21
-0.463729140936
 31
0.0
  0
LINE
  5
706
330
10F0
100
AcDbEntity
  8
0
100
AcDbLine
 10
0.5174581995810007
 20
-0.463729140936
 30
0.0
 11
0.4963497030180004
 21
-0.464188715415
 31
0.0
  0
LINE
  5
707
330
10F0
100
AcDbEntity
  8
0
100
AcDbLine
 10
0.4963497030180004
 20
-0.464188715415
 30
0.0
 11
0.4887300258900005
 21
-0.4642957083150001
 31
0.0
  0
LINE
  5
708
330
10F0
100
AcDbEntity
  8
0
100
AcDbLine
 10
0.4887300258900005
 20
-0.4642957083150001
 30
0.0
 11
0.4759584314040002
 21
-0.4645094967989999
 31
0.0
  0
LINE
  5
709
330
10F0
100
AcDbEntity
  8
0
100
AcDbLine
 10
0.4759584314040002
 20
-0.4645094967989999
 30
0.0
 11
0.4661204427540005
 21
-0.464749215327
 31
0.0
  0
LINE
  5
70A
330
10F0
100
AcDbEntity
  8
0
100
AcDbLine
 10
0.4661204427540005
 20
-0.464749215327
 30
0.0
 11
0.4587879760740004
 21
-0.46504630008
 31
0.0
  0
LINE
  5
70B
330
10F0
100
AcDbEntity
  8
0
100
AcDbLine
 10
0.4587879760740004
 20
-0.46504630008
 30
0.0
 11
0.4515506956530001
 21
-0.4656682520189999
 31
0.0
  0
LINE
  5
70C
330
10F0
100
AcDbEntity
  8
0
100
AcDbLine
 10
0.4515506956530001
 20
-0.4656682520189999
 30
0.0
 11
0.4466748625020002
 21
-0.466991698059
 31
0.0
  0
LINE
  5
70D
330
10F0
100
AcDbEntity
  8
0
100
AcDbLine
 10
0.4466748625020002
 20
-0.466991698059
 30
0.0
 11
0.4453197030180004
 21
-0.4679359384680001
 31
0.0
  0
LINE
  5
70E
330
10F0
100
AcDbEntity
  8
0
100
AcDbLine
 10
0.4453197030180004
 20
-0.4679359384680001
 30
0.0
 11
0.4430653047810001
 21
-0.469931835735
 31
0.0
  0
LINE
  5
70F
330
10F0
100
AcDbEntity
  8
0
100
AcDbLine
 10
0.4430653047810001
 20
-0.469931835735
 30
0.0
 11
0.4352778750330001
 21
-0.476922352086
 31
0.0
  0
LINE
  5
710
330
10F0
100
AcDbEntity
  8
0
100
AcDbLine
 10
0.4352778750330001
 20
-0.476922352086
 30
0.0
 11
0.4307040000000002
 21
-0.481055965794
 31
0.0
  0
LINE
  5
711
330
10F0
100
AcDbEntity
  8
0
100
AcDbLine
 10
0.4307040000000002
 20
-0.481055965794
 30
0.0
 11
0.4229536078260002
 21
-0.487884131901
 31
0.0
  0
LINE
  5
712
330
10F0
100
AcDbEntity
  8
0
100
AcDbLine
 10
0.4229536078260002
 20
-0.487884131901
 30
0.0
 11
0.404897458806
 21
-0.502803371565
 31
0.0
  0
LINE
  5
713
330
10F0
100
AcDbEntity
  8
0
100
AcDbLine
 10
0.404897458806
 20
-0.502803371565
 30
0.0
 11
0.385128401085
 21
-0.518095888875
 31
0.0
  0
LINE
  5
714
330
10F0
100
AcDbEntity
  8
0
100
AcDbLine
 10
0.385128401085
 20
-0.518095888875
 30
0.0
 11
0.3656795276970001
 21
-0.53218897155
 31
0.0
  0
LINE
  5
715
330
10F0
100
AcDbEntity
  8
0
100
AcDbLine
 10
0.3656795276970001
 20
-0.53218897155
 30
0.0
 11
0.3567105000000002
 21
-0.538294250079
 31
0.0
  0
LINE
  5
716
330
10F0
100
AcDbEntity
  8
0
100
AcDbLine
 10
0.3567105000000002
 20
-0.538294250079
 30
0.0
 11
0.3431546390520001
 21
-0.5471455515660001
 31
0.0
  0
LINE
  5
717
330
10F0
100
AcDbEntity
  8
0
100
AcDbLine
 10
0.3431546390520001
 20
-0.5471455515660001
 30
0.0
 11
0.3239429531040002
 21
-0.558823442175
 31
0.0
  0
LINE
  5
718
330
10F0
100
AcDbEntity
  8
0
100
AcDbLine
 10
0.3239429531040002
 20
-0.558823442175
 30
0.0
 11
0.3116113664940007
 21
-0.5658753935430001
 31
0.0
  0
LINE
  5
719
330
10F0
100
AcDbEntity
  8
0
100
AcDbLine
 10
0.3116113664940007
 20
-0.5658753935430001
 30
0.0
 11
0.3013683068070001
 21
-0.57163160646
 31
0.0
  0
LINE
  5
71A
330
10F0
100
AcDbEntity
  8
0
100
AcDbLine
 10
0.3013683068070001
 20
-0.57163160646
 30
0.0
 11
0.2954745000000003
 21
-0.574925295285
 31
0.0
  0
LINE
  5
71B
330
10F0
100
AcDbEntity
  8
0
100
AcDbLine
 10
0.2954745000000003
 20
-0.574925295285
 30
0.0
 11
0.2922816175380003
 21
-0.57675137832
 31
0.0
  0
LINE
  5
71C
330
10F0
100
AcDbEntity
  8
0
100
AcDbLine
 10
0.2922816175380003
 20
-0.57675137832
 30
0.0
 11
0.2875553397090001
 21
-0.579790638369
 31
0.0
  0
LINE
  5
71D
330
10F0
100
AcDbEntity
  8
0
100
AcDbLine
 10
0.2875553397090001
 20
-0.579790638369
 30
0.0
 11
0.2838548686410004
 21
-0.5834889032399999
 31
0.0
  0
LINE
  5
71E
330
10F0
100
AcDbEntity
  8
0
100
AcDbLine
 10
0.2838548686410004
 20
-0.5834889032399999
 30
0.0
 11
0.2830562508420002
 21
-0.5859030508919999
 31
0.0
  0
LINE
  5
71F
330
10F0
100
AcDbEntity
  8
0
100
AcDbLine
 10
0.2830562508420002
 20
-0.5859030508919999
 30
0.0
 11
0.283369959468
 21
-0.589522433589
 31
0.0
  0
LINE
  5
720
330
10F0
100
AcDbEntity
  8
0
100
AcDbLine
 10
0.283369959468
 20
-0.589522433589
 30
0.0
 11
0.2848421222370001
 21
-0.592141337415
 31
0.0
  0
LINE
  5
721
330
10F0
100
AcDbEntity
  8
0
100
AcDbLine
 10
0.2848421222370001
 20
-0.592141337415
 30
0.0
 11
0.2866787820900003
 21
-0.593320827825
 31
0.0
  0
LINE
  5
722
330
10F0
100
AcDbEntity
  8
0
100
AcDbLine
 10
0.2866787820900003
 20
-0.593320827825
 30
0.0
 11
0.2937133849590001
 21
-0.596582832123
 31
0.0
  0
LINE
  5
723
330
10F0
100
AcDbEntity
  8
0
100
AcDbLine
 10
0.2937133849590001
 20
-0.596582832123
 30
0.0
 11
0.304410436443
 21
-0.6007738817970001
 31
0.0
  0
LINE
  5
724
330
10F0
100
AcDbEntity
  8
0
100
AcDbLine
 10
0.304410436443
 20
-0.6007738817970001
 30
0.0
 11
0.317786826582
 21
-0.6055639913520001
 31
0.0
  0
LINE
  5
725
330
10F0
100
AcDbEntity
  8
0
100
AcDbLine
 10
0.317786826582
 20
-0.6055639913520001
 30
0.0
 11
0.3407246176679999
 21
-0.6131505500100001
 31
0.0
  0
LINE
  5
726
330
10F0
100
AcDbEntity
  8
0
100
AcDbLine
 10
0.3407246176679999
 20
-0.6131505500100001
 30
0.0
 11
0.3715103175570001
 21
-0.622282809069
 31
0.0
  0
LINE
  5
727
330
10F0
100
AcDbEntity
  8
0
100
AcDbLine
 10
0.3715103175570001
 20
-0.622282809069
 30
0.0
 11
0.384777729729
 21
-0.625685118651
 31
0.0
  0
LINE
  5
728
330
10F0
100
AcDbEntity
  8
0
100
AcDbLine
 10
0.384777729729
 20
-0.625685118651
 30
0.0
 11
0.3927754694160002
 21
-0.627585348276
 31
0.0
  0
LINE
  5
729
330
10F0
100
AcDbEntity
  8
0
100
AcDbLine
 10
0.3927754694160002
 20
-0.627585348276
 30
0.0
 11
0.4032410318100006
 21
-0.630110707308
 31
0.0
  0
LINE
  5
72A
330
10F0
100
AcDbEntity
  8
0
100
AcDbLine
 10
0.4032410318100006
 20
-0.630110707308
 30
0.0
 11
0.4080171761550002
 21
-0.631291806864
 31
0.0
  0
LINE
  5
72B
330
10F0
100
AcDbEntity
  8
0
100
AcDbLine
 10
0.4080171761550002
 20
-0.631291806864
 30
0.0
 11
0.4094415000000001
 21
-0.631658118915
 31
0.0
  0
LINE
  5
72C
330
10F0
100
AcDbEntity
  8
0
100
AcDbLine
 10
0.4094415000000001
 20
-0.631658118915
 30
0.0
 11
0.4129058161350003
 21
-0.632473796043
 31
0.0
  0
LINE
  5
72D
330
10F0
100
AcDbEntity
  8
0
100
AcDbLine
 10
0.4129058161350003
 20
-0.632473796043
 30
0.0
 11
0.4187432415960001
 21
-0.632807790795
 31
0.0
  0
LINE
  5
72E
330
10F0
100
AcDbEntity
  8
0
100
AcDbLine
 10
0.4187432415960001
 20
-0.632807790795
 30
0.0
 11
0.4245931268820002
 21
-0.630944605548
 31
0.0
  0
LINE
  5
72F
330
10F0
100
AcDbEntity
  8
0
100
AcDbLine
 10
0.4245931268820002
 20
-0.630944605548
 30
0.0
 11
0.4322163591
 21
-0.626323398489
 31
0.0
  0
LINE
  5
730
330
10F0
100
AcDbEntity
  8
0
100
AcDbLine
 10
0.4322163591
 20
-0.626323398489
 30
0.0
 11
0.43724325636
 21
-0.6228032742449999
 31
0.0
  0
LINE
  5
731
330
10F0
100
AcDbEntity
  8
0
100
AcDbLine
 10
0.0624375000000001
 20
-0.617841105138
 30
0.0
 11
0.0887119131510001
 21
-0.6146688796200002
 31
0.0
  0
LINE
  5
732
330
10F0
100
AcDbEntity
  8
0
100
AcDbLine
 10
0.0887119131510001
 20
-0.6146688796200002
 30
0.0
 11
0.1445405600250001
 21
-0.603880367067
 31
0.0
  0
LINE
  5
733
330
10F0
100
AcDbEntity
  8
0
100
AcDbLine
 10
0.1445405600250001
 20
-0.603880367067
 30
0.0
 11
0.1730025000000002
 21
-0.596475162225
 31
0.0
  0
LINE
  5
734
330
10F0
100
AcDbEntity
  8
0
100
AcDbLine
 10
0.1730025000000002
 20
-0.596475162225
 30
0.0
 11
0.1792497950189999
 21
-0.5946407970209999
 31
0.0
  0
LINE
  5
735
330
10F0
100
AcDbEntity
  8
0
100
AcDbLine
 10
0.1792497950189999
 20
-0.5946407970209999
 30
0.0
 11
0.1883202057180003
 21
-0.591442076727
 31
0.0
  0
LINE
  5
736
330
10F0
100
AcDbEntity
  8
0
100
AcDbLine
 10
0.1883202057180003
 20
-0.591442076727
 30
0.0
 11
0.1935313518960002
 21
-0.588466765773
 31
0.0
  0
LINE
  5
737
330
10F0
100
AcDbEntity
  8
0
100
AcDbLine
 10
0.1935313518960002
 20
-0.588466765773
 30
0.0
 11
0.1957307993280001
 21
-0.585230946669
 31
0.0
  0
LINE
  5
738
330
10F0
100
AcDbEntity
  8
0
100
AcDbLine
 10
0.1957307993280001
 20
-0.585230946669
 30
0.0
 11
0.1959660000000003
 21
-0.583364121282
 31
0.0
  0
LINE
  5
739
330
10F0
100
AcDbEntity
  8
0
100
AcDbLine
 10
0.1959660000000003
 20
-0.583364121282
 30
0.0
 11
0.1958302755090001
 21
-0.581583796848
 31
0.0
  0
LINE
  5
73A
330
10F0
100
AcDbEntity
  8
0
100
AcDbLine
 10
0.1958302755090001
 20
-0.581583796848
 30
0.0
 11
0.1941024966660001
 21
-0.578230950645
 31
0.0
  0
LINE
  5
73B
330
10F0
100
AcDbEntity
  8
0
100
AcDbLine
 10
0.1941024966660001
 20
-0.578230950645
 30
0.0
 11
0.1890063329850002
 21
-0.5739593943419999
 31
0.0
  0
LINE
  5
73C
330
10F0
100
AcDbEntity
  8
0
100
AcDbLine
 10
0.1890063329850002
 20
-0.5739593943419999
 30
0.0
 11
0.1788298453350001
 21
-0.5673341966579999
 31
0.0
  0
LINE
  5
73D
330
10F0
100
AcDbEntity
  8
0
100
AcDbLine
 10
0.1788298453350001
 20
-0.5673341966579999
 30
0.0
 11
0.1713014999999999
 21
-0.562690567017
 31
0.0
  0
LINE
  5
73E
330
10F0
100
AcDbEntity
  8
0
100
AcDbLine
 10
0.1713014999999999
 20
-0.562690567017
 30
0.0
 11
0.1567829121750001
 21
-0.5535124881210001
 31
0.0
  0
LINE
  5
73F
330
10F0
100
AcDbEntity
  8
0
100
AcDbLine
 10
0.1567829121750001
 20
-0.5535124881210001
 30
0.0
 11
0.1267079547240002
 21
-0.5329000388790001
 31
0.0
  0
LINE
  5
740
330
10F0
100
AcDbEntity
  8
0
100
AcDbLine
 10
0.1267079547240002
 20
-0.5329000388790001
 30
0.0
 11
0.0815378537970001
 21
-0.4982454008819999
 31
0.0
  0
LINE
  5
741
330
10F0
100
AcDbEntity
  8
0
100
AcDbLine
 10
0.0815378537970001
 20
-0.4982454008819999
 30
0.0
 11
0.053359070787
 21
-0.474133140738
 31
0.0
  0
LINE
  5
742
330
10F0
100
AcDbEntity
  8
0
100
AcDbLine
 10
0.053359070787
 20
-0.474133140738
 30
0.0
 11
0.0340746415740001
 21
-0.456823451754
 31
0.0
  0
LINE
  5
743
330
10F0
100
AcDbEntity
  8
0
100
AcDbLine
 10
0.0340746415740001
 20
-0.456823451754
 30
0.0
 11
-0.0078769292129999
 21
-0.455870270889
 31
0.0
  0
LINE
  5
744
330
10F0
100
AcDbEntity
  8
0
100
AcDbLine
 10
-0.0078769292129999
 20
-0.455870270889
 30
0.0
 11
-0.01732417605
 21
-0.455614882749
 31
0.0
  0
LINE
  5
745
330
10F0
100
AcDbEntity
  8
0
100
AcDbLine
 10
-0.01732417605
 20
-0.455614882749
 30
0.0
 11
-0.0348065386469999
 21
-0.454904915967
 31
0.0
  0
LINE
  5
746
330
10F0
100
AcDbEntity
  8
0
100
AcDbLine
 10
-0.0348065386469999
 20
-0.454904915967
 30
0.0
 11
-0.049672130472
 21
-0.453975263334
 31
0.0
  0
LINE
  5
747
330
10F0
100
AcDbEntity
  8
0
100
AcDbLine
 10
-0.049672130472
 20
-0.453975263334
 30
0.0
 11
-0.0610402315589999
 21
-0.452880999828
 31
0.0
  0
LINE
  5
748
330
10F0
100
AcDbEntity
  8
0
100
AcDbLine
 10
-0.0610402315589999
 20
-0.452880999828
 30
0.0
 11
-0.0651374999999999
 21
-0.452289351204
 31
0.0
  0
LINE
  5
749
330
10F0
100
AcDbEntity
  8
0
100
AcDbLine
 10
-0.0651374999999999
 20
-0.452289351204
 30
0.0
 11
-0.071847890568
 21
-0.451181413359
 31
0.0
  0
LINE
  5
74A
330
10F0
100
AcDbEntity
  8
0
100
AcDbLine
 10
-0.071847890568
 20
-0.451181413359
 30
0.0
 11
-0.085178418345
 21
-0.449189554266
 31
0.0
  0
LINE
  5
74B
330
10F0
100
AcDbEntity
  8
0
100
AcDbLine
 10
-0.085178418345
 20
-0.449189554266
 30
0.0
 11
-0.0901566704069998
 21
-0.448550964846
 31
0.0
  0
LINE
  5
74C
330
10F0
100
AcDbEntity
  8
0
100
AcDbLine
 10
-0.0901566704069998
 20
-0.448550964846
 30
0.0
 11
-0.093236531625
 21
-0.448216583967
 31
0.0
  0
LINE
  5
74D
330
10F0
100
AcDbEntity
  8
0
100
AcDbLine
 10
-0.093236531625
 20
-0.448216583967
 30
0.0
 11
-0.0974220513479999
 21
-0.448018832511
 31
0.0
  0
LINE
  5
74E
330
10F0
100
AcDbEntity
  8
0
100
AcDbLine
 10
-0.0974220513479999
 20
-0.448018832511
 30
0.0
 11
-0.1005259000680001
 21
-0.449387567676
 31
0.0
  0
LINE
  5
74F
330
10F0
100
AcDbEntity
  8
0
100
AcDbLine
 10
-0.1005259000680001
 20
-0.449387567676
 30
0.0
 11
-0.101848563648
 21
-0.451789724979
 31
0.0
  0
LINE
  5
750
330
10F0
100
AcDbEntity
  8
0
100
AcDbLine
 10
-0.101848563648
 20
-0.451789724979
 30
0.0
 11
-0.1023728696820001
 21
-0.453241645848
 31
0.0
  0
LINE
  5
751
330
10F0
100
AcDbEntity
  8
0
100
AcDbLine
 10
-0.1023728696820001
 20
-0.453241645848
 30
0.0
 11
-0.1022939841059999
 21
-0.456719862555
 31
0.0
  0
LINE
  5
752
330
10F0
100
AcDbEntity
  8
0
100
AcDbLine
 10
-0.1022939841059999
 20
-0.456719862555
 30
0.0
 11
-0.10014596811
 21
-0.462481586712
 31
0.0
  0
LINE
  5
753
330
10F0
100
AcDbEntity
  8
0
100
AcDbLine
 10
-0.10014596811
 20
-0.462481586712
 30
0.0
 11
-0.095249852235
 21
-0.4723480432980001
 31
0.0
  0
LINE
  5
754
330
10F0
100
AcDbEntity
  8
0
100
AcDbLine
 10
-0.095249852235
 20
-0.4723480432980001
 30
0.0
 11
-0.0915590819699999
 21
-0.4793896764
 31
0.0
  0
LINE
  5
755
330
10F0
100
AcDbEntity
  8
0
100
AcDbLine
 10
-0.0915590819699999
 20
-0.4793896764
 30
0.0
 11
-0.0744092274509999
 21
-0.510033143772
 31
0.0
  0
LINE
  5
756
330
10F0
100
AcDbEntity
  8
0
100
AcDbLine
 10
-0.0744092274509999
 20
-0.510033143772
 30
0.0
 11
-0.034480992762
 21
-0.570988587636
 31
0.0
  0
LINE
  5
757
330
10F0
100
AcDbEntity
  8
0
100
AcDbLine
 10
-0.034480992762
 20
-0.570988587636
 30
0.0
 11
-0.01189936386
 21
-0.601000199847
 31
0.0
  0
LINE
  5
758
330
10F0
100
AcDbEntity
  8
0
100
AcDbLine
 10
-0.01189936386
 20
-0.601000199847
 30
0.0
 11
-0.006751146177
 21
-0.607452232329
 31
0.0
  0
LINE
  5
759
330
10F0
100
AcDbEntity
  8
0
100
AcDbLine
 10
-0.006751146177
 20
-0.607452232329
 30
0.0
 11
-0.0001600824600001
 21
-0.615384791397
 31
0.0
  0
LINE
  5
75A
330
10F0
100
AcDbEntity
  8
0
100
AcDbLine
 10
-0.0001600824600001
 20
-0.615384791397
 30
0.0
 11
0.0027403895970001
 21
-0.6186285405630001
 31
0.0
  0
LINE
  5
75B
330
10F0
100
AcDbEntity
  8
0
100
AcDbLine
 10
0.0027403895970001
 20
-0.6186285405630001
 30
0.0
 11
0.0035524265849999
 21
-0.619410495366
 31
0.0
  0
LINE
  5
75C
330
10F0
100
AcDbEntity
  8
0
100
AcDbLine
 10
0.0035524265849999
 20
-0.619410495366
 30
0.0
 11
0.005399219295
 21
-0.620179597413
 31
0.0
  0
LINE
  5
75D
330
10F0
100
AcDbEntity
  8
0
100
AcDbLine
 10
0.005399219295
 20
-0.620179597413
 30
0.0
 11
0.013637750841
 21
-0.620895250638
 31
0.0
  0
LINE
  5
75E
330
10F0
100
AcDbEntity
  8
0
100
AcDbLine
 10
0.013637750841
 20
-0.620895250638
 30
0.0
 11
0.028177813791
 21
-0.620507733921
 31
0.0
  0
LINE
  5
75F
330
10F0
100
AcDbEntity
  8
0
100
AcDbLine
 10
0.028177813791
 20
-0.620507733921
 30
0.0
 11
0.049309338492
 21
-0.6190093162170001
 31
0.0
  0
LINE
  5
760
330
10F0
100
AcDbEntity
  8
0
100
AcDbLine
 10
0.049309338492
 20
-0.6190093162170001
 30
0.0
 11
0.0624375000000001
 21
-0.617841105138
 31
0.0
  0
LINE
  5
761
330
10F0
100
AcDbEntity
  8
0
100
AcDbLine
 10
-0.0421739999999999
 20
-0.616309199847
 30
0.0
 11
-0.0397713375
 21
-0.6132793633379999
 31
0.0
  0
LINE
  5
762
330
10F0
100
AcDbEntity
  8
0
100
AcDbLine
 10
-0.0397713375
 20
-0.6132793633379999
 30
0.0
 11
-0.038772
 21
-0.610772138667
 31
0.0
  0
LINE
  5
763
330
10F0
100
AcDbEntity
  8
0
100
AcDbLine
 10
-0.038772
 20
-0.610772138667
 30
0.0
 11
-0.039068358426
 21
-0.609934331529
 31
0.0
  0
LINE
  5
764
330
10F0
100
AcDbEntity
  8
0
100
AcDbLine
 10
-0.039068358426
 20
-0.609934331529
 30
0.0
 11
-0.0412605561959999
 21
-0.606146799879
 31
0.0
  0
LINE
  5
765
330
10F0
100
AcDbEntity
  8
0
100
AcDbLine
 10
-0.0412605561959999
 20
-0.606146799879
 30
0.0
 11
-0.047654229069
 21
-0.596549700045
 31
0.0
  0
LINE
  5
766
330
10F0
100
AcDbEntity
  8
0
100
AcDbLine
 10
-0.047654229069
 20
-0.596549700045
 30
0.0
 11
-0.053292118725
 21
-0.588601976562
 31
0.0
  0
LINE
  5
767
330
10F0
100
AcDbEntity
  8
0
100
AcDbLine
 10
-0.053292118725
 20
-0.588601976562
 30
0.0
 11
-0.0736464905459999
 21
-0.559196556525
 31
0.0
  0
LINE
  5
768
330
10F0
100
AcDbEntity
  8
0
100
AcDbLine
 10
-0.0736464905459999
 20
-0.559196556525
 30
0.0
 11
-0.1022628677130001
 21
-0.512467586055
 31
0.0
  0
LINE
  5
769
330
10F0
100
AcDbEntity
  8
0
100
AcDbLine
 10
-0.1022628677130001
 20
-0.512467586055
 30
0.0
 11
-0.121057749126
 21
-0.4779039549599999
 31
0.0
  0
LINE
  5
76A
330
10F0
100
AcDbEntity
  8
0
100
AcDbLine
 10
-0.121057749126
 20
-0.4779039549599999
 30
0.0
 11
-0.130626
 21
-0.459171018864
 31
0.0
  0
LINE
  5
76B
330
10F0
100
AcDbEntity
  8
0
100
AcDbLine
 10
-0.130626
 20
-0.459171018864
 30
0.0
 11
-0.1433835
 21
-0.4337188793189999
 31
0.0
  0
LINE
  5
76C
330
10F0
100
AcDbEntity
  8
0
100
AcDbLine
 10
-0.1433835
 20
-0.4337188793189999
 30
0.0
 11
-0.1624821953219999
 21
-0.4265310367619999
 31
0.0
  0
LINE
  5
76D
330
10F0
100
AcDbEntity
  8
0
100
AcDbLine
 10
-0.1624821953219999
 20
-0.4265310367619999
 30
0.0
 11
-0.171863565831
 21
-0.422810379927
 31
0.0
  0
LINE
  5
76E
330
10F0
100
AcDbEntity
  8
0
100
AcDbLine
 10
-0.171863565831
 20
-0.422810379927
 30
0.0
 11
-0.1923287101739999
 21
-0.413681544981
 31
0.0
  0
LINE
  5
76F
330
10F0
100
AcDbEntity
  8
0
100
AcDbLine
 10
-0.1923287101739999
 20
-0.413681544981
 30
0.0
 11
-0.2134005859079999
 21
-0.403135084728
 31
0.0
  0
LINE
  5
770
330
10F0
100
AcDbEntity
  8
0
100
AcDbLine
 10
-0.2134005859079999
 20
-0.403135084728
 30
0.0
 11
-0.2330834267429999
 21
-0.392169879099
 31
0.0
  0
LINE
  5
771
330
10F0
100
AcDbEntity
  8
0
100
AcDbLine
 10
-0.2330834267429999
 20
-0.392169879099
 30
0.0
 11
-0.241780280832
 21
-0.386842396428
 31
0.0
  0
LINE
  5
772
330
10F0
100
AcDbEntity
  8
0
100
AcDbLine
 10
-0.241780280832
 20
-0.386842396428
 30
0.0
 11
-0.248040181962
 21
-0.382990078791
 31
0.0
  0
LINE
  5
773
330
10F0
100
AcDbEntity
  8
0
100
AcDbLine
 10
-0.248040181962
 20
-0.382990078791
 30
0.0
 11
-0.25745021262
 21
-0.378203873031
 31
0.0
  0
LINE
  5
774
330
10F0
100
AcDbEntity
  8
0
100
AcDbLine
 10
-0.25745021262
 20
-0.378203873031
 30
0.0
 11
-0.263410518321
 21
-0.3771904563539999
 31
0.0
  0
LINE
  5
775
330
10F0
100
AcDbEntity
  8
0
100
AcDbLine
 10
-0.263410518321
 20
-0.3771904563539999
 30
0.0
 11
-0.266757069123
 21
-0.379807688097
 31
0.0
  0
LINE
  5
776
330
10F0
100
AcDbEntity
  8
0
100
AcDbLine
 10
-0.266757069123
 20
-0.379807688097
 30
0.0
 11
-0.2677114270800001
 21
-0.3824333806139999
 31
0.0
  0
LINE
  5
777
330
10F0
100
AcDbEntity
  8
0
100
AcDbLine
 10
-0.2677114270800001
 20
-0.3824333806139999
 30
0.0
 11
-0.268011832185
 21
-0.384835609359
 31
0.0
  0
LINE
  5
778
330
10F0
100
AcDbEntity
  8
0
100
AcDbLine
 10
-0.268011832185
 20
-0.384835609359
 30
0.0
 11
-0.26787880548
 21
-0.393346147815
 31
0.0
  0
LINE
  5
779
330
10F0
100
AcDbEntity
  8
0
100
AcDbLine
 10
-0.26787880548
 20
-0.393346147815
 30
0.0
 11
-0.266882761116
 21
-0.405920295324
 31
0.0
  0
LINE
  5
77A
330
10F0
100
AcDbEntity
  8
0
100
AcDbLine
 10
-0.266882761116
 20
-0.405920295324
 30
0.0
 11
-0.265162209822
 21
-0.421504649802
 31
0.0
  0
LINE
  5
77B
330
10F0
100
AcDbEntity
  8
0
100
AcDbLine
 10
-0.265162209822
 20
-0.421504649802
 30
0.0
 11
-0.2615259412979999
 21
-0.4482209997629999
 31
0.0
  0
LINE
  5
77C
330
10F0
100
AcDbEntity
  8
0
100
AcDbLine
 10
-0.2615259412979999
 20
-0.4482209997629999
 30
0.0
 11
-0.255434622876
 21
-0.484546769901
 31
0.0
  0
LINE
  5
77D
330
10F0
100
AcDbEntity
  8
0
100
AcDbLine
 10
-0.255434622876
 20
-0.484546769901
 30
0.0
 11
-0.2521679255190001
 21
-0.5006411998470001
 31
0.0
  0
LINE
  5
77E
330
10F0
100
AcDbEntity
  8
0
100
AcDbLine
 10
-0.2521679255190001
 20
-0.5006411998470001
 30
0.0
 11
-0.250067020419
 21
-0.509695097238
 31
0.0
  0
LINE
  5
77F
330
10F0
100
AcDbEntity
  8
0
100
AcDbLine
 10
-0.250067020419
 20
-0.509695097238
 30
0.0
 11
-0.244501989696
 21
-0.531563979924
 31
0.0
  0
LINE
  5
780
330
10F0
100
AcDbEntity
  8
0
100
AcDbLine
 10
-0.244501989696
 20
-0.531563979924
 30
0.0
 11
-0.238519276722
 21
-0.553349787471
 31
0.0
  0
LINE
  5
781
330
10F0
100
AcDbEntity
  8
0
100
AcDbLine
 10
-0.238519276722
 20
-0.553349787471
 30
0.0
 11
-0.2347687265129999
 21
-0.5659546057110001
 31
0.0
  0
LINE
  5
782
330
10F0
100
AcDbEntity
  8
0
100
AcDbLine
 10
-0.2347687265129999
 20
-0.5659546057110001
 30
0.0
 11
-0.233012804625
 21
-0.5711456919960001
 31
0.0
  0
LINE
  5
783
330
10F0
100
AcDbEntity
  8
0
100
AcDbLine
 10
-0.233012804625
 20
-0.5711456919960001
 30
0.0
 11
-0.23243692257
 21
-0.572490844497
 31
0.0
  0
LINE
  5
784
330
10F0
100
AcDbEntity
  8
0
100
AcDbLine
 10
-0.23243692257
 20
-0.572490844497
 30
0.0
 11
-0.231408419724
 21
-0.574020451737
 31
0.0
  0
LINE
  5
785
330
10F0
100
AcDbEntity
  8
0
100
AcDbLine
 10
-0.231408419724
 20
-0.574020451737
 30
0.0
 11
-0.2275073361179999
 21
-0.5769887766840001
 31
0.0
  0
LINE
  5
786
330
10F0
100
AcDbEntity
  8
0
100
AcDbLine
 10
-0.2275073361179999
 20
-0.5769887766840001
 30
0.0
 11
-0.2195888919479999
 21
-0.580533652179
 31
0.0
  0
LINE
  5
787
330
10F0
100
AcDbEntity
  8
0
100
AcDbLine
 10
-0.2195888919479999
 20
-0.580533652179
 30
0.0
 11
-0.2057827815810001
 21
-0.585492366555
 31
0.0
  0
LINE
  5
788
330
10F0
100
AcDbEntity
  8
0
100
AcDbLine
 10
-0.2057827815810001
 20
-0.585492366555
 30
0.0
 11
-0.196087380957
 21
-0.5887635664590001
 31
0.0
  0
LINE
  5
789
330
10F0
100
AcDbEntity
  8
0
100
AcDbLine
 10
-0.196087380957
 20
-0.5887635664590001
 30
0.0
 11
-0.178217144433
 21
-0.5943987396179999
 31
0.0
  0
LINE
  5
78A
330
10F0
100
AcDbEntity
  8
0
100
AcDbLine
 10
-0.178217144433
 20
-0.5943987396179999
 30
0.0
 11
-0.14053454613
 21
-0.604433336652
 31
0.0
  0
LINE
  5
78B
330
10F0
100
AcDbEntity
  8
0
100
AcDbLine
 10
-0.14053454613
 20
-0.604433336652
 30
0.0
 11
-0.102198695787
 21
-0.6124170243779999
 31
0.0
  0
LINE
  5
78C
330
10F0
100
AcDbEntity
  8
0
100
AcDbLine
 10
-0.102198695787
 20
-0.6124170243779999
 30
0.0
 11
-0.065533103271
 21
-0.617865919326
 31
0.0
  0
LINE
  5
78D
330
10F0
100
AcDbEntity
  8
0
100
AcDbLine
 10
-0.065533103271
 20
-0.617865919326
 30
0.0
 11
-0.0485527499999999
 21
-0.619488603585
 31
0.0
  0
LINE
  5
78E
330
10F0
100
AcDbEntity
  8
0
100
AcDbLine
 10
-0.0485527499999999
 20
-0.619488603585
 30
0.0
 11
-0.045451083663
 21
-0.618646474206
 31
0.0
  0
LINE
  5
78F
330
10F0
100
AcDbEntity
  8
0
100
AcDbLine
 10
-0.045451083663
 20
-0.618646474206
 30
0.0
 11
-0.0421739999999999
 21
-0.616309199847
 31
0.0
  0
LINE
  5
790
330
10F0
100
AcDbEntity
  8
0
100
AcDbLine
 10
-0.455556230163
 20
-0.597671502741
 30
0.0
 11
-0.455151130209
 21
-0.596525064462
 31
0.0
  0
LINE
  5
791
330
10F0
100
AcDbEntity
  8
0
100
AcDbLine
 10
-0.455151130209
 20
-0.596525064462
 30
0.0
 11
-0.454781443374
 21
-0.592572443958
 31
0.0
  0
LINE
  5
792
330
10F0
100
AcDbEntity
  8
0
100
AcDbLine
 10
-0.454781443374
 20
-0.592572443958
 30
0.0
 11
-0.455009840046
 21
-0.586102789116
 31
0.0
  0
LINE
  5
793
330
10F0
100
AcDbEntity
  8
0
100
AcDbLine
 10
-0.455009840046
 20
-0.586102789116
 30
0.0
 11
-0.455849201898
 21
-0.576751247343
 31
0.0
  0
LINE
  5
794
330
10F0
100
AcDbEntity
  8
0
100
AcDbLine
 10
-0.455849201898
 20
-0.576751247343
 30
0.0
 11
-0.4565020184820001
 21
-0.5708807527410001
 31
0.0
  0
LINE
  5
795
330
10F0
100
AcDbEntity
  8
0
100
AcDbLine
 10
-0.4565020184820001
 20
-0.5708807527410001
 30
0.0
 11
-0.457093658601
 21
-0.565018344693
 31
0.0
  0
LINE
  5
796
330
10F0
100
AcDbEntity
  8
0
100
AcDbLine
 10
-0.457093658601
 20
-0.565018344693
 30
0.0
 11
-0.4581767295270001
 21
-0.549851162166
 31
0.0
  0
LINE
  5
797
330
10F0
100
AcDbEntity
  8
0
100
AcDbLine
 10
-0.4581767295270001
 20
-0.549851162166
 30
0.0
 11
-0.459415060929
 21
-0.5213193366059999
 31
0.0
  0
LINE
  5
798
330
10F0
100
AcDbEntity
  8
0
100
AcDbLine
 10
-0.459415060929
 20
-0.5213193366059999
 30
0.0
 11
-0.459877511799
 21
-0.5006411998470001
 31
0.0
  0
LINE
  5
799
330
10F0
100
AcDbEntity
  8
0
100
AcDbLine
 10
-0.459877511799
 20
-0.5006411998470001
 30
0.0
 11
-0.460008691218
 21
-0.491224838067
 31
0.0
  0
LINE
  5
79A
330
10F0
100
AcDbEntity
  8
0
100
AcDbLine
 10
-0.460008691218
 20
-0.491224838067
 30
0.0
 11
-0.460247375538
 21
-0.474368588055
 31
0.0
  0
LINE
  5
79B
330
10F0
100
AcDbEntity
  8
0
100
AcDbLine
 10
-0.460247375538
 20
-0.474368588055
 30
0.0
 11
-0.46043547552
 21
-0.461453167215
 31
0.0
  0
LINE
  5
79C
330
10F0
100
AcDbEntity
  8
0
100
AcDbLine
 10
-0.46043547552
 20
-0.461453167215
 30
0.0
 11
-0.460550179053
 21
-0.454045208454
 31
0.0
  0
LINE
  5
79D
330
10F0
100
AcDbEntity
  8
0
100
AcDbLine
 10
-0.460550179053
 20
-0.454045208454
 30
0.0
 11
-0.460572875496
 21
-0.452896103007
 31
0.0
  0
LINE
  5
79E
330
10F0
100
AcDbEntity
  8
0
100
AcDbLine
 10
-0.460572875496
 20
-0.452896103007
 30
0.0
 11
-0.460847524059
 21
-0.452409023358
 31
0.0
  0
LINE
  5
79F
330
10F0
100
AcDbEntity
  8
0
100
AcDbLine
 10
-0.460847524059
 20
-0.452409023358
 30
0.0
 11
-0.462825946953
 21
-0.449898156846
 31
0.0
  0
LINE
  5
7A0
330
10F0
100
AcDbEntity
  8
0
100
AcDbLine
 10
-0.462825946953
 20
-0.449898156846
 30
0.0
 11
-0.468564142878
 21
-0.443231951454
 31
0.0
  0
LINE
  5
7A1
330
10F0
100
AcDbEntity
  8
0
100
AcDbLine
 10
-0.468564142878
 20
-0.443231951454
 30
0.0
 11
-0.4736126734559999
 21
-0.437587103007
 31
0.0
  0
LINE
  5
7A2
330
10F0
100
AcDbEntity
  8
0
100
AcDbLine
 10
-0.4736126734559999
 20
-0.437587103007
 30
0.0
 11
-0.487211802741
 21
-0.422136629136
 31
0.0
  0
LINE
  5
7A3
330
10F0
100
AcDbEntity
  8
0
100
AcDbLine
 10
-0.487211802741
 20
-0.422136629136
 30
0.0
 11
-0.512508925053
 21
-0.3905922050009999
 31
0.0
  0
LINE
  5
7A4
330
10F0
100
AcDbEntity
  8
0
100
AcDbLine
 10
-0.512508925053
 20
-0.3905922050009999
 30
0.0
 11
-0.535994142165
 21
-0.3571606931669999
 31
0.0
  0
LINE
  5
7A5
330
10F0
100
AcDbEntity
  8
0
100
AcDbLine
 10
-0.535994142165
 20
-0.3571606931669999
 30
0.0
 11
-0.5585349861900001
 21
-0.320607150624
 31
0.0
  0
LINE
  5
7A6
330
10F0
100
AcDbEntity
  8
0
100
AcDbLine
 10
-0.5585349861900001
 20
-0.320607150624
 30
0.0
 11
-0.569722371336
 21
-0.300773699847
 31
0.0
  0
LINE
  5
7A7
330
10F0
100
AcDbEntity
  8
0
100
AcDbLine
 10
-0.569722371336
 20
-0.300773699847
 30
0.0
 11
-0.5718122199360001
 21
-0.297040727772
 31
0.0
  0
LINE
  5
7A8
330
10F0
100
AcDbEntity
  8
0
100
AcDbLine
 10
-0.5718122199360001
 20
-0.297040727772
 30
0.0
 11
-0.575182411236
 21
-0.291603778947
 31
0.0
  0
LINE
  5
7A9
330
10F0
100
AcDbEntity
  8
0
100
AcDbLine
 10
-0.575182411236
 20
-0.291603778947
 30
0.0
 11
-0.579074564592
 21
-0.2874945950009999
 31
0.0
  0
LINE
  5
7AA
330
10F0
100
AcDbEntity
  8
0
100
AcDbLine
 10
-0.579074564592
 20
-0.2874945950009999
 30
0.0
 11
-0.581563302795
 21
-0.2866544506889999
 31
0.0
  0
LINE
  5
7AB
330
10F0
100
AcDbEntity
  8
0
100
AcDbLine
 10
-0.581563302795
 20
-0.2866544506889999
 30
0.0
 11
-0.5835354132780001
 21
-0.2865484630799999
 31
0.0
  0
LINE
  5
7AC
330
10F0
100
AcDbEntity
  8
0
100
AcDbLine
 10
-0.5835354132780001
 20
-0.2865484630799999
 30
0.0
 11
-0.5867151997410001
 21
-0.2877304998869999
 31
0.0
  0
LINE
  5
7AD
330
10F0
100
AcDbEntity
  8
0
100
AcDbLine
 10
-0.5867151997410001
 20
-0.2877304998869999
 30
0.0
 11
-0.5896872549810002
 21
-0.2919133252259999
 31
0.0
  0
LINE
  5
7AE
330
10F0
100
AcDbEntity
  8
0
100
AcDbLine
 10
-0.5896872549810002
 20
-0.2919133252259999
 30
0.0
 11
-0.59342538789
 21
-0.3004674654150001
 31
0.0
  0
LINE
  5
7AF
330
10F0
100
AcDbEntity
  8
0
100
AcDbLine
 10
-0.59342538789
 20
-0.3004674654150001
 30
0.0
 11
-0.595886052789
 21
-0.3068120712419999
 31
0.0
  0
LINE
  5
7B0
330
10F0
100
AcDbEntity
  8
0
100
AcDbLine
 10
-0.595886052789
 20
-0.3068120712419999
 30
0.0
 11
-0.605432638026
 21
-0.33368730651
 31
0.0
  0
LINE
  5
7B1
330
10F0
100
AcDbEntity
  8
0
100
AcDbLine
 10
-0.605432638026
 20
-0.33368730651
 30
0.0
 11
-0.618295110138
 21
-0.3763714401629999
 31
0.0
  0
LINE
  5
7B2
330
10F0
100
AcDbEntity
  8
0
100
AcDbLine
 10
-0.618295110138
 20
-0.3763714401629999
 30
0.0
 11
-0.624928083093
 21
-0.40307681187
 31
0.0
  0
LINE
  5
7B3
330
10F0
100
AcDbEntity
  8
0
100
AcDbLine
 10
-0.624928083093
 20
-0.40307681187
 30
0.0
 11
-0.627412434417
 21
-0.4150475925659999
 31
0.0
  0
LINE
  5
7B4
330
10F0
100
AcDbEntity
  8
0
100
AcDbLine
 10
-0.627412434417
 20
-0.4150475925659999
 30
0.0
 11
-0.629415047232
 21
-0.425560485285
 31
0.0
  0
LINE
  5
7B5
330
10F0
100
AcDbEntity
  8
0
100
AcDbLine
 10
-0.629415047232
 20
-0.425560485285
 30
0.0
 11
-0.6161837489909999
 21
-0.443964592566
 31
0.0
  0
LINE
  5
7B6
330
10F0
100
AcDbEntity
  8
0
100
AcDbLine
 10
-0.6161837489909999
 20
-0.443964592566
 30
0.0
 11
-0.6025216180680001
 21
-0.462194905275
 31
0.0
  0
LINE
  5
7B7
330
10F0
100
AcDbEntity
  8
0
100
AcDbLine
 10
-0.6025216180680001
 20
-0.462194905275
 30
0.0
 11
-0.5709741253289999
 21
-0.5002469097479999
 31
0.0
  0
LINE
  5
7B8
330
10F0
100
AcDbEntity
  8
0
100
AcDbLine
 10
-0.5709741253289999
 20
-0.5002469097479999
 30
0.0
 11
-0.536340605247
 21
-0.5376707723430001
 31
0.0
  0
LINE
  5
7B9
330
10F0
100
AcDbEntity
  8
0
100
AcDbLine
 10
-0.536340605247
 20
-0.5376707723430001
 30
0.0
 11
-0.501674988996
 21
-0.571166510535
 31
0.0
  0
LINE
  5
7BA
330
10F0
100
AcDbEntity
  8
0
100
AcDbLine
 10
-0.501674988996
 20
-0.571166510535
 30
0.0
 11
-0.4852845
 21
-0.585410089185
 31
0.0
  0
LINE
  5
7BB
330
10F0
100
AcDbEntity
  8
0
100
AcDbLine
 10
-0.4852845
 20
-0.585410089185
 30
0.0
 11
-0.478488047337
 21
-0.5909250747870001
 31
0.0
  0
LINE
  5
7BC
330
10F0
100
AcDbEntity
  8
0
100
AcDbLine
 10
-0.478488047337
 20
-0.5909250747870001
 30
0.0
 11
-0.4681586227770001
 21
-0.598284629892
 31
0.0
  0
LINE
  5
7BD
330
10F0
100
AcDbEntity
  8
0
100
AcDbLine
 10
-0.4681586227770001
 20
-0.598284629892
 30
0.0
 11
-0.46134967797
 21
-0.6010929757889999
 31
0.0
  0
LINE
  5
7BE
330
10F0
100
AcDbEntity
  8
0
100
AcDbLine
 10
-0.46134967797
 20
-0.6010929757889999
 30
0.0
 11
-0.457064217693
 21
-0.599761324125
 31
0.0
  0
LINE
  5
7BF
330
10F0
100
AcDbEntity
  8
0
100
AcDbLine
 10
-0.457064217693
 20
-0.599761324125
 30
0.0
 11
-0.455556230163
 21
-0.597671502741
 31
0.0
  0
LINE
  5
7C0
330
10F0
100
AcDbEntity
  8
0
100
AcDbLine
 10
0.2699655113340003
 20
-0.5587578192960001
 30
0.0
 11
0.2861450542170001
 21
-0.55057276719
 31
0.0
  0
LINE
  5
7C1
330
10F0
100
AcDbEntity
  8
0
100
AcDbLine
 10
0.2861450542170001
 20
-0.55057276719
 30
0.0
 11
0.3178546216380003
 21
-0.532799082828
 31
0.0
  0
LINE
  5
7C2
330
10F0
100
AcDbEntity
  8
0
100
AcDbLine
 10
0.3178546216380003
 20
-0.532799082828
 30
0.0
 11
0.3483861717150001
 21
-0.5133526724879999
 31
0.0
  0
LINE
  5
7C3
330
10F0
100
AcDbEntity
  8
0
100
AcDbLine
 10
0.3483861717150001
 20
-0.5133526724879999
 30
0.0
 11
0.3773653211520001
 21
-0.492471990855
 31
0.0
  0
LINE
  5
7C4
330
10F0
100
AcDbEntity
  8
0
100
AcDbLine
 10
0.3773653211520001
 20
-0.492471990855
 30
0.0
 11
0.3911557500000003
 21
-0.4815683171999999
 31
0.0
  0
LINE
  5
7C5
330
10F0
100
AcDbEntity
  8
0
100
AcDbLine
 10
0.3911557500000003
 20
-0.4815683171999999
 30
0.0
 11
0.3954589108830001
 21
-0.477912235428
 31
0.0
  0
LINE
  5
7C6
330
10F0
100
AcDbEntity
  8
0
100
AcDbLine
 10
0.3954589108830001
 20
-0.477912235428
 30
0.0
 11
0.4012798264380003
 21
-0.471880875555
 31
0.0
  0
LINE
  5
7C7
330
10F0
100
AcDbEntity
  8
0
100
AcDbLine
 10
0.4012798264380003
 20
-0.471880875555
 30
0.0
 11
0.4036076041140003
 21
-0.467104316166
 31
0.0
  0
LINE
  5
7C8
330
10F0
100
AcDbEntity
  8
0
100
AcDbLine
 10
0.4036076041140003
 20
-0.467104316166
 30
0.0
 11
0.4027071236310001
 21
-0.4630390299269999
 31
0.0
  0
LINE
  5
7C9
330
10F0
100
AcDbEntity
  8
0
100
AcDbLine
 10
0.4027071236310001
 20
-0.4630390299269999
 30
0.0
 11
0.401129061705
 21
-0.461103261309
 31
0.0
  0
LINE
  5
7CA
330
10F0
100
AcDbEntity
  8
0
100
AcDbLine
 10
0.401129061705
 20
-0.461103261309
 30
0.0
 11
0.4002439191390002
 21
-0.460566347463
 31
0.0
  0
LINE
  5
7CB
330
10F0
100
AcDbEntity
  8
0
100
AcDbLine
 10
0.4002439191390002
 20
-0.460566347463
 30
0.0
 11
0.3963706621920003
 21
-0.459274358016
 31
0.0
  0
LINE
  5
7CC
330
10F0
100
AcDbEntity
  8
0
100
AcDbLine
 10
0.3963706621920003
 20
-0.459274358016
 30
0.0
 11
0.3866439019320001
 21
-0.457108755381
 31
0.0
  0
LINE
  5
7CD
330
10F0
100
AcDbEntity
  8
0
100
AcDbLine
 10
0.3866439019320001
 20
-0.457108755381
 30
0.0
 11
0.3785908117050003
 21
-0.455760444123
 31
0.0
  0
LINE
  5
7CE
330
10F0
100
AcDbEntity
  8
0
100
AcDbLine
 10
0.3785908117050003
 20
-0.455760444123
 30
0.0
 11
0.361254056409
 21
-0.452917605348
 31
0.0
  0
LINE
  5
7CF
330
10F0
100
AcDbEntity
  8
0
100
AcDbLine
 10
0.361254056409
 20
-0.452917605348
 30
0.0
 11
0.323966282319
 21
-0.4452633451889999
 31
0.0
  0
LINE
  5
7D0
330
10F0
100
AcDbEntity
  8
0
100
AcDbLine
 10
0.323966282319
 20
-0.4452633451889999
 30
0.0
 11
0.2851903458540007
 21
-0.435487887
 31
0.0
  0
LINE
  5
7D1
330
10F0
100
AcDbEntity
  8
0
100
AcDbLine
 10
0.2851903458540007
 20
-0.435487887
 30
0.0
 11
0.247323277503
 21
-0.424195522938
 31
0.0
  0
LINE
  5
7D2
330
10F0
100
AcDbEntity
  8
0
100
AcDbLine
 10
0.247323277503
 20
-0.424195522938
 30
0.0
 11
0.2294796395160001
 21
-0.418169344311
 31
0.0
  0
LINE
  5
7D3
330
10F0
100
AcDbEntity
  8
0
100
AcDbLine
 10
0.2294796395160001
 20
-0.418169344311
 30
0.0
 11
0.2207679050790002
 21
-0.4151868993629999
 31
0.0
  0
LINE
  5
7D4
330
10F0
100
AcDbEntity
  8
0
100
AcDbLine
 10
0.2207679050790002
 20
-0.4151868993629999
 30
0.0
 11
0.209989556001
 21
-0.411804646272
 31
0.0
  0
LINE
  5
7D5
330
10F0
100
AcDbEntity
  8
0
100
AcDbLine
 10
0.209989556001
 20
-0.411804646272
 30
0.0
 11
0.2055290781330001
 21
-0.410644972512
 31
0.0
  0
LINE
  5
7D6
330
10F0
100
AcDbEntity
  8
0
100
AcDbLine
 10
0.2055290781330001
 20
-0.410644972512
 30
0.0
 11
0.2044246596569999
 21
-0.4104881998469999
 31
0.0
  0
LINE
  5
7D7
330
10F0
100
AcDbEntity
  8
0
100
AcDbLine
 10
0.2044246596569999
 20
-0.4104881998469999
 30
0.0
 11
0.2034100931039999
 21
-0.4106453569379999
 31
0.0
  0
LINE
  5
7D8
330
10F0
100
AcDbEntity
  8
0
100
AcDbLine
 10
0.2034100931039999
 20
-0.4106453569379999
 30
0.0
 11
0.1996142554710002
 21
-0.411807866265
 31
0.0
  0
LINE
  5
7D9
330
10F0
100
AcDbEntity
  8
0
100
AcDbLine
 10
0.1996142554710002
 20
-0.411807866265
 30
0.0
 11
0.1907743659930001
 21
-0.41519839302
 31
0.0
  0
LINE
  5
7DA
330
10F0
100
AcDbEntity
  8
0
100
AcDbLine
 10
0.1907743659930001
 20
-0.41519839302
 30
0.0
 11
0.1837719477450002
 21
-0.418188131856
 31
0.0
  0
LINE
  5
7DB
330
10F0
100
AcDbEntity
  8
0
100
AcDbLine
 10
0.1837719477450002
 20
-0.418188131856
 30
0.0
 11
0.174707448021
 21
-0.4220336335859999
 31
0.0
  0
LINE
  5
7DC
330
10F0
100
AcDbEntity
  8
0
100
AcDbLine
 10
0.174707448021
 20
-0.4220336335859999
 30
0.0
 11
0.1543794399990002
 21
-0.429738833592
 31
0.0
  0
LINE
  5
7DD
330
10F0
100
AcDbEntity
  8
0
100
AcDbLine
 10
0.1543794399990002
 20
-0.429738833592
 30
0.0
 11
0.1327187784240001
 21
-0.436931853993
 31
0.0
  0
LINE
  5
7DE
330
10F0
100
AcDbEntity
  8
0
100
AcDbLine
 10
0.1327187784240001
 20
-0.436931853993
 30
0.0
 11
0.1116446964930002
 21
-0.442975360707
 31
0.0
  0
LINE
  5
7DF
330
10F0
100
AcDbEntity
  8
0
100
AcDbLine
 10
0.1116446964930002
 20
-0.442975360707
 30
0.0
 11
0.1019273801849999
 21
-0.445366879956
 31
0.0
  0
LINE
  5
7E0
330
10F0
100
AcDbEntity
  8
0
100
AcDbLine
 10
0.1019273801849999
 20
-0.445366879956
 30
0.0
 11
0.096320838258
 21
-0.446690150793
 31
0.0
  0
LINE
  5
7E1
330
10F0
100
AcDbEntity
  8
0
100
AcDbLine
 10
0.096320838258
 20
-0.446690150793
 30
0.0
 11
0.0872871470460002
 21
-0.449150133591
 31
0.0
  0
LINE
  5
7E2
330
10F0
100
AcDbEntity
  8
0
100
AcDbLine
 10
0.0872871470460002
 20
-0.449150133591
 30
0.0
 11
0.0811161554850001
 21
-0.451595327895
 31
0.0
  0
LINE
  5
7E3
330
10F0
100
AcDbEntity
  8
0
100
AcDbLine
 10
0.0811161554850001
 20
-0.451595327895
 30
0.0
 11
0.0777560766300002
 21
-0.454306476951
 31
0.0
  0
LINE
  5
7E4
330
10F0
100
AcDbEntity
  8
0
100
AcDbLine
 10
0.0777560766300002
 20
-0.454306476951
 30
0.0
 11
0.077155126938
 21
-0.457564325706
 31
0.0
  0
LINE
  5
7E5
330
10F0
100
AcDbEntity
  8
0
100
AcDbLine
 10
0.077155126938
 20
-0.457564325706
 30
0.0
 11
0.0792615160620001
 21
-0.461649617406
 31
0.0
  0
LINE
  5
7E6
330
10F0
100
AcDbEntity
  8
0
100
AcDbLine
 10
0.0792615160620001
 20
-0.461649617406
 30
0.0
 11
0.0840234570570002
 21
-0.4668430952969999
 31
0.0
  0
LINE
  5
7E7
330
10F0
100
AcDbEntity
  8
0
100
AcDbLine
 10
0.0840234570570002
 20
-0.4668430952969999
 30
0.0
 11
0.0913891663800005
 21
-0.473425506027
 31
0.0
  0
LINE
  5
7E8
330
10F0
100
AcDbEntity
  8
0
100
AcDbLine
 10
0.0913891663800005
 20
-0.473425506027
 30
0.0
 11
0.0960322500000002
 21
-0.47732529177
 31
0.0
  0
LINE
  5
7E9
330
10F0
100
AcDbEntity
  8
0
100
AcDbLine
 10
0.0960322500000002
 20
-0.47732529177
 30
0.0
 11
0.1147534406910001
 21
-0.492362060328
 31
0.0
  0
LINE
  5
7EA
330
10F0
100
AcDbEntity
  8
0
100
AcDbLine
 10
0.1147534406910001
 20
-0.492362060328
 30
0.0
 11
0.154351461951
 21
-0.521222973255
 31
0.0
  0
LINE
  5
7EB
330
10F0
100
AcDbEntity
  8
0
100
AcDbLine
 10
0.154351461951
 20
-0.521222973255
 30
0.0
 11
0.1746659827440001
 21
-0.534637276983
 31
0.0
  0
LINE
  5
7EC
330
10F0
100
AcDbEntity
  8
0
100
AcDbLine
 10
0.1746659827440001
 20
-0.534637276983
 30
0.0
 11
0.1941054989310003
 21
-0.546529859307
 31
0.0
  0
LINE
  5
7ED
330
10F0
100
AcDbEntity
  8
0
100
AcDbLine
 10
0.1941054989310003
 20
-0.546529859307
 30
0.0
 11
0.2246945904360002
 21
-0.564009013818
 31
0.0
  0
LINE
  5
7EE
330
10F0
100
AcDbEntity
  8
0
100
AcDbLine
 10
0.2246945904360002
 20
-0.564009013818
 30
0.0
 11
0.235770665544
 21
-0.569845610892
 31
0.0
  0
LINE
  5
7EF
330
10F0
100
AcDbEntity
  8
0
100
AcDbLine
 10
0.235770665544
 20
-0.569845610892
 30
0.0
 11
0.2400686536860006
 21
-0.5718024617040001
 31
0.0
  0
LINE
  5
7F0
330
10F0
100
AcDbEntity
  8
0
100
AcDbLine
 10
0.2400686536860006
 20
-0.5718024617040001
 30
0.0
 11
0.2410425000000002
 21
-0.5720600526390001
 31
0.0
  0
LINE
  5
7F1
330
10F0
100
AcDbEntity
  8
0
100
AcDbLine
 10
0.2410425000000002
 20
-0.5720600526390001
 30
0.0
 11
0.2419398013140001
 21
-0.5717850774840001
 31
0.0
  0
LINE
  5
7F2
330
10F0
100
AcDbEntity
  8
0
100
AcDbLine
 10
0.2419398013140001
 20
-0.5717850774840001
 30
0.0
 11
0.2466573291990001
 21
-0.569772784278
 31
0.0
  0
LINE
  5
7F3
330
10F0
100
AcDbEntity
  8
0
100
AcDbLine
 10
0.2466573291990001
 20
-0.569772784278
 30
0.0
 11
0.2592614942550002
 21
-0.563916872349
 31
0.0
  0
LINE
  5
7F4
330
10F0
100
AcDbEntity
  8
0
100
AcDbLine
 10
0.2592614942550002
 20
-0.563916872349
 30
0.0
 11
0.2699655113340003
 21
-0.5587578192960001
 31
0.0
  0
LINE
  5
7F5
330
10F0
100
AcDbEntity
  8
0
100
AcDbLine
 10
-0.2716971745590002
 20
-0.5533123518630001
 30
0.0
 11
-0.2702465821709999
 21
-0.5522889894390001
 31
0.0
  0
LINE
  5
7F6
330
10F0
100
AcDbEntity
  8
0
100
AcDbLine
 10
-0.2702465821709999
 20
-0.5522889894390001
 30
0.0
 11
-0.2687293922309999
 21
-0.54877212261
 31
0.0
  0
LINE
  5
7F7
330
10F0
100
AcDbEntity
  8
0
100
AcDbLine
 10
-0.2687293922309999
 20
-0.54877212261
 30
0.0
 11
-0.2691515140919999
 21
-0.541726165566
 31
0.0
  0
LINE
  5
7F8
330
10F0
100
AcDbEntity
  8
0
100
AcDbLine
 10
-0.2691515140919999
 20
-0.541726165566
 30
0.0
 11
-0.2716257410639999
 21
-0.529268436198
 31
0.0
  0
LINE
  5
7F9
330
10F0
100
AcDbEntity
  8
0
100
AcDbLine
 10
-0.2716257410639999
 20
-0.529268436198
 30
0.0
 11
-0.273667640175
 21
-0.5204218175640001
 31
0.0
  0
LINE
  5
7FA
330
10F0
100
AcDbEntity
  8
0
100
AcDbLine
 10
-0.273667640175
 20
-0.5204218175640001
 30
0.0
 11
-0.281305975572
 21
-0.4840293291029999
 31
0.0
  0
LINE
  5
7FB
330
10F0
100
AcDbEntity
  8
0
100
AcDbLine
 10
-0.281305975572
 20
-0.4840293291029999
 30
0.0
 11
-0.289980745578
 21
-0.427142588787
 31
0.0
  0
LINE
  5
7FC
330
10F0
100
AcDbEntity
  8
0
100
AcDbLine
 10
-0.289980745578
 20
-0.427142588787
 30
0.0
 11
-0.2936557475729999
 21
-0.389473416477
 31
0.0
  0
LINE
  5
7FD
330
10F0
100
AcDbEntity
  8
0
100
AcDbLine
 10
-0.2936557475729999
 20
-0.389473416477
 30
0.0
 11
-0.2947957305569999
 21
-0.371175024645
 31
0.0
  0
LINE
  5
7FE
330
10F0
100
AcDbEntity
  8
0
100
AcDbLine
 10
-0.2947957305569999
 20
-0.371175024645
 30
0.0
 11
-0.295946332884
 21
-0.3480213511439999
 31
0.0
  0
LINE
  5
7FF
330
10F0
100
AcDbEntity
  8
0
100
AcDbLine
 10
-0.295946332884
 20
-0.3480213511439999
 30
0.0
 11
-0.3146652374310001
 21
-0.329500524645
 31
0.0
  0
LINE
  5
800
330
10F0
100
AcDbEntity
  8
0
100
AcDbLine
 10
-0.3146652374310001
 20
-0.329500524645
 30
0.0
 11
-0.3301900518060001
 21
-0.313359997599
 31
0.0
  0
LINE
  5
801
330
10F0
100
AcDbEntity
  8
0
100
AcDbLine
 10
-0.3301900518060001
 20
-0.313359997599
 30
0.0
 11
-0.353092246065
 21
-0.2869386724799999
 31
0.0
  0
LINE
  5
802
330
10F0
100
AcDbEntity
  8
0
100
AcDbLine
 10
-0.353092246065
 20
-0.2869386724799999
 30
0.0
 11
-0.366443721657
 21
-0.269804419533
 31
0.0
  0
LINE
  5
803
330
10F0
100
AcDbEntity
  8
0
100
AcDbLine
 10
-0.366443721657
 20
-0.269804419533
 30
0.0
 11
-0.372117611277
 21
-0.2618836500959999
 31
0.0
  0
LINE
  5
804
330
10F0
100
AcDbEntity
  8
0
100
AcDbLine
 10
-0.372117611277
 20
-0.2618836500959999
 30
0.0
 11
-0.37574202213
 21
-0.2568649414499999
 31
0.0
  0
LINE
  5
805
330
10F0
100
AcDbEntity
  8
0
100
AcDbLine
 10
-0.37574202213
 20
-0.2568649414499999
 30
0.0
 11
-0.381850447509
 21
-0.2495426042249999
 31
0.0
  0
LINE
  5
806
330
10F0
100
AcDbEntity
  8
0
100
AcDbLine
 10
-0.381850447509
 20
-0.2495426042249999
 30
0.0
 11
-0.3835821063330001
 21
-0.2481408475469999
 31
0.0
  0
LINE
  5
807
330
10F0
100
AcDbEntity
  8
0
100
AcDbLine
 10
-0.3835821063330001
 20
-0.2481408475469999
 30
0.0
 11
-0.3865786049429999
 21
-0.248139782721
 31
0.0
  0
LINE
  5
808
330
10F0
100
AcDbEntity
  8
0
100
AcDbLine
 10
-0.3865786049429999
 20
-0.248139782721
 30
0.0
 11
-0.393096384477
 21
-0.252221607783
 31
0.0
  0
LINE
  5
809
330
10F0
100
AcDbEntity
  8
0
100
AcDbLine
 10
-0.393096384477
 20
-0.252221607783
 30
0.0
 11
-0.394896552777
 21
-0.255226633506
 31
0.0
  0
LINE
  5
80A
330
10F0
100
AcDbEntity
  8
0
100
AcDbLine
 10
-0.394896552777
 20
-0.255226633506
 30
0.0
 11
-0.3951946904489999
 21
-0.2562329553120001
 31
0.0
  0
LINE
  5
80B
330
10F0
100
AcDbEntity
  8
0
100
AcDbLine
 10
-0.3951946904489999
 20
-0.2562329553120001
 30
0.0
 11
-0.396414045495
 21
-0.2602658460060001
 31
0.0
  0
LINE
  5
80C
330
10F0
100
AcDbEntity
  8
0
100
AcDbLine
 10
-0.396414045495
 20
-0.2602658460060001
 30
0.0
 11
-0.39937731507
 21
-0.2699763770249999
 31
0.0
  0
LINE
  5
80D
330
10F0
100
AcDbEntity
  8
0
100
AcDbLine
 10
-0.39937731507
 20
-0.2699763770249999
 30
0.0
 11
-0.401779618659
 21
-0.277810199847
 31
0.0
  0
LINE
  5
80E
330
10F0
100
AcDbEntity
  8
0
100
AcDbLine
 10
-0.401779618659
 20
-0.277810199847
 30
0.0
 11
-0.4046302020870001
 21
-0.2874711348090001
 31
0.0
  0
LINE
  5
80F
330
10F0
100
AcDbEntity
  8
0
100
AcDbLine
 10
-0.4046302020870001
 20
-0.2874711348090001
 30
0.0
 11
-0.410531661693
 21
-0.3095438160059999
 31
0.0
  0
LINE
  5
810
330
10F0
100
AcDbEntity
  8
0
100
AcDbLine
 10
-0.410531661693
 20
-0.3095438160059999
 30
0.0
 11
-0.4162325529870001
 21
-0.333332928675
 31
0.0
  0
LINE
  5
811
330
10F0
100
AcDbEntity
  8
0
100
AcDbLine
 10
-0.4162325529870001
 20
-0.333332928675
 30
0.0
 11
-0.42117173478
 21
-0.356496893226
 31
0.0
  0
LINE
  5
812
330
10F0
100
AcDbEntity
  8
0
100
AcDbLine
 10
-0.42117173478
 20
-0.356496893226
 30
0.0
 11
-0.4231803283109999
 21
-0.367112699847
 31
0.0
  0
LINE
  5
813
330
10F0
100
AcDbEntity
  8
0
100
AcDbLine
 10
-0.4231803283109999
 20
-0.367112699847
 30
0.0
 11
-0.426763124199
 21
-0.389950370073
 31
0.0
  0
LINE
  5
814
330
10F0
100
AcDbEntity
  8
0
100
AcDbLine
 10
-0.426763124199
 20
-0.389950370073
 30
0.0
 11
-0.431077217409
 21
-0.425498187861
 31
0.0
  0
LINE
  5
815
330
10F0
100
AcDbEntity
  8
0
100
AcDbLine
 10
-0.431077217409
 20
-0.425498187861
 30
0.0
 11
-0.432103457925
 21
-0.438146670771
 31
0.0
  0
LINE
  5
816
330
10F0
100
AcDbEntity
  8
0
100
AcDbLine
 10
-0.432103457925
 20
-0.438146670771
 30
0.0
 11
-0.43216391997
 21
-0.442892321289
 31
0.0
  0
LINE
  5
817
330
10F0
100
AcDbEntity
  8
0
100
AcDbLine
 10
-0.43216391997
 20
-0.442892321289
 30
0.0
 11
-0.431973515133
 21
-0.443866504401
 31
0.0
  0
LINE
  5
818
330
10F0
100
AcDbEntity
  8
0
100
AcDbLine
 10
-0.431973515133
 20
-0.443866504401
 30
0.0
 11
-0.431292781737
 21
-0.44476891722
 31
0.0
  0
LINE
  5
819
330
10F0
100
AcDbEntity
  8
0
100
AcDbLine
 10
-0.431292781737
 20
-0.44476891722
 30
0.0
 11
-0.4283302384889999
 21
-0.447884096301
 31
0.0
  0
LINE
  5
81A
330
10F0
100
AcDbEntity
  8
0
100
AcDbLine
 10
-0.4283302384889999
 20
-0.447884096301
 30
0.0
 11
-0.42066362907
 21
-0.455136976593
 31
0.0
  0
LINE
  5
81B
330
10F0
100
AcDbEntity
  8
0
100
AcDbLine
 10
-0.42066362907
 20
-0.455136976593
 30
0.0
 11
-0.398875625532
 21
-0.474339004263
 31
0.0
  0
LINE
  5
81C
330
10F0
100
AcDbEntity
  8
0
100
AcDbLine
 10
-0.398875625532
 20
-0.474339004263
 30
0.0
 11
-0.3840749999999999
 21
-0.486599029803
 31
0.0
  0
LINE
  5
81D
330
10F0
100
AcDbEntity
  8
0
100
AcDbLine
 10
-0.3840749999999999
 20
-0.486599029803
 30
0.0
 11
-0.3747157578
 21
-0.493846626789
 31
0.0
  0
LINE
  5
81E
330
10F0
100
AcDbEntity
  8
0
100
AcDbLine
 10
-0.3747157578
 20
-0.493846626789
 30
0.0
 11
-0.353071100934
 21
-0.5094279058589999
 31
0.0
  0
LINE
  5
81F
330
10F0
100
AcDbEntity
  8
0
100
AcDbLine
 10
-0.353071100934
 20
-0.5094279058589999
 30
0.0
 11
-0.329761826757
 21
-0.524966127516
 31
0.0
  0
LINE
  5
820
330
10F0
100
AcDbEntity
  8
0
100
AcDbLine
 10
-0.329761826757
 20
-0.524966127516
 30
0.0
 11
-0.3074722697609999
 21
-0.5386718805840001
 31
0.0
  0
LINE
  5
821
330
10F0
100
AcDbEntity
  8
0
100
AcDbLine
 10
-0.3074722697609999
 20
-0.5386718805840001
 30
0.0
 11
-0.297548741223
 21
-0.544278393594
 31
0.0
  0
LINE
  5
822
330
10F0
100
AcDbEntity
  8
0
100
AcDbLine
 10
-0.297548741223
 20
-0.544278393594
 30
0.0
 11
-0.289756626921
 21
-0.548454198906
 31
0.0
  0
LINE
  5
823
330
10F0
100
AcDbEntity
  8
0
100
AcDbLine
 10
-0.289756626921
 20
-0.548454198906
 30
0.0
 11
-0.2805404371200001
 21
-0.5531959116090001
 31
0.0
  0
LINE
  5
824
330
10F0
100
AcDbEntity
  8
0
100
AcDbLine
 10
-0.2805404371200001
 20
-0.5531959116090001
 30
0.0
 11
-0.2770574984369999
 21
-0.5548269120570001
 31
0.0
  0
LINE
  5
825
330
10F0
100
AcDbEntity
  8
0
100
AcDbLine
 10
-0.2770574984369999
 20
-0.5548269120570001
 30
0.0
 11
-0.276374924559
 21
-0.555050818089
 31
0.0
  0
LINE
  5
826
330
10F0
100
AcDbEntity
  8
0
100
AcDbLine
 10
-0.276374924559
 20
-0.555050818089
 30
0.0
 11
-0.2744284600530001
 21
-0.554549376897
 31
0.0
  0
LINE
  5
827
330
10F0
100
AcDbEntity
  8
0
100
AcDbLine
 10
-0.2744284600530001
 20
-0.554549376897
 30
0.0
 11
-0.2716971745590002
 21
-0.5533123518630001
 31
0.0
  0
LINE
  5
828
330
10F0
100
AcDbEntity
  8
0
100
AcDbLine
 10
0.5650830000000002
 20
-0.435094515441
 30
0.0
 11
0.5836699409670003
 21
-0.432673781517
 31
0.0
  0
LINE
  5
829
330
10F0
100
AcDbEntity
  8
0
100
AcDbLine
 10
0.5836699409670003
 20
-0.432673781517
 30
0.0
 11
0.6123707302590001
 21
-0.428151771675
 31
0.0
  0
LINE
  5
82A
330
10F0
100
AcDbEntity
  8
0
100
AcDbLine
 10
0.6123707302590001
 20
-0.428151771675
 30
0.0
 11
0.6230778210450003
 21
-0.426143225772
 31
0.0
  0
LINE
  5
82B
330
10F0
100
AcDbEntity
  8
0
100
AcDbLine
 10
0.6230778210450003
 20
-0.426143225772
 30
0.0
 11
0.6276090418020006
 21
-0.4251024587159999
 31
0.0
  0
LINE
  5
82C
330
10F0
100
AcDbEntity
  8
0
100
AcDbLine
 10
0.6276090418020006
 20
-0.4251024587159999
 30
0.0
 11
0.6288868313010002
 21
-0.424705059189
 31
0.0
  0
LINE
  5
82D
330
10F0
100
AcDbEntity
  8
0
100
AcDbLine
 10
0.6288868313010002
 20
-0.424705059189
 30
0.0
 11
0.6296443886610004
 21
-0.424140366312
 31
0.0
  0
LINE
  5
82E
330
10F0
100
AcDbEntity
  8
0
100
AcDbLine
 10
0.6296443886610004
 20
-0.424140366312
 30
0.0
 11
0.6322003878060003
 21
-0.4210726145129999
 31
0.0
  0
LINE
  5
82F
330
10F0
100
AcDbEntity
  8
0
100
AcDbLine
 10
0.6322003878060003
 20
-0.4210726145129999
 30
0.0
 11
0.6382086038730003
 21
-0.412314325407
 31
0.0
  0
LINE
  5
830
330
10F0
100
AcDbEntity
  8
0
100
AcDbLine
 10
0.6382086038730003
 20
-0.412314325407
 30
0.0
 11
0.6490796948730001
 21
-0.394807412277
 31
0.0
  0
LINE
  5
831
330
10F0
100
AcDbEntity
  8
0
100
AcDbLine
 10
0.6490796948730001
 20
-0.394807412277
 30
0.0
 11
0.6615455618250007
 21
-0.373334314869
 31
0.0
  0
LINE
  5
832
330
10F0
100
AcDbEntity
  8
0
100
AcDbLine
 10
0.6615455618250007
 20
-0.373334314869
 30
0.0
 11
0.6678058711950001
 21
-0.362029451859
 31
0.0
  0
LINE
  5
833
330
10F0
100
AcDbEntity
  8
0
100
AcDbLine
 10
0.6678058711950001
 20
-0.362029451859
 30
0.0
 11
0.6758070945300005
 21
-0.3467762344529999
 31
0.0
  0
LINE
  5
834
330
10F0
100
AcDbEntity
  8
0
100
AcDbLine
 10
0.6758070945300005
 20
-0.3467762344529999
 30
0.0
 11
0.6914721189330004
 21
-0.31372578234
 31
0.0
  0
LINE
  5
835
330
10F0
100
AcDbEntity
  8
0
100
AcDbLine
 10
0.6914721189330004
 20
-0.31372578234
 30
0.0
 11
0.7061263359930007
 21
-0.2786267768039999
 31
0.0
  0
LINE
  5
836
330
10F0
100
AcDbEntity
  8
0
100
AcDbLine
 10
0.7061263359930007
 20
-0.2786267768039999
 30
0.0
 11
0.7190966532060007
 21
-0.2430913763159999
 31
0.0
  0
LINE
  5
837
330
10F0
100
AcDbEntity
  8
0
100
AcDbLine
 10
0.7190966532060007
 20
-0.2430913763159999
 30
0.0
 11
0.7247400064739999
 21
-0.2256638267429999
 31
0.0
  0
LINE
  5
838
330
10F0
100
AcDbEntity
  8
0
100
AcDbLine
 10
0.7247400064739999
 20
-0.2256638267429999
 30
0.0
 11
0.7266900175650007
 21
-0.219235712022
 31
0.0
  0
LINE
  5
839
330
10F0
100
AcDbEntity
  8
0
100
AcDbLine
 10
0.7266900175650007
 20
-0.219235712022
 30
0.0
 11
0.7291630895580006
 21
-0.20998015938
 31
0.0
  0
LINE
  5
83A
330
10F0
100
AcDbEntity
  8
0
100
AcDbLine
 10
0.7291630895580006
 20
-0.20998015938
 30
0.0
 11
0.7298788329360003
 21
-0.2043911071349999
 31
0.0
  0
LINE
  5
83B
330
10F0
100
AcDbEntity
  8
0
100
AcDbLine
 10
0.7298788329360003
 20
-0.2043911071349999
 30
0.0
 11
0.7290115763850002
 21
-0.2011072670999999
 31
0.0
  0
LINE
  5
83C
330
10F0
100
AcDbEntity
  8
0
100
AcDbLine
 10
0.7290115763850002
 20
-0.2011072670999999
 30
0.0
 11
0.7280388000000004
 21
-0.1999043998469999
 31
0.0
  0
LINE
  5
83D
330
10F0
100
AcDbEntity
  8
0
100
AcDbLine
 10
0.7280388000000004
 20
-0.1999043998469999
 30
0.0
 11
0.7265773535310004
 21
-0.1987753389840001
 31
0.0
  0
LINE
  5
83E
330
10F0
100
AcDbEntity
  8
0
100
AcDbLine
 10
0.7265773535310004
 20
-0.1987753389840001
 30
0.0
 11
0.7226067738690003
 21
-0.198222049611
 31
0.0
  0
LINE
  5
83F
330
10F0
100
AcDbEntity
  8
0
100
AcDbLine
 10
0.7226067738690003
 20
-0.198222049611
 30
0.0
 11
0.715963261518
 21
-0.200350721835
 31
0.0
  0
LINE
  5
840
330
10F0
100
AcDbEntity
  8
0
100
AcDbLine
 10
0.715963261518
 20
-0.200350721835
 30
0.0
 11
0.7051155949890001
 21
-0.205651980189
 31
0.0
  0
LINE
  5
841
330
10F0
100
AcDbEntity
  8
0
100
AcDbLine
 10
0.7051155949890001
 20
-0.205651980189
 30
0.0
 11
0.6976366943220006
 21
-0.209645650926
 31
0.0
  0
LINE
  5
842
330
10F0
100
AcDbEntity
  8
0
100
AcDbLine
 10
0.6976366943220006
 20
-0.209645650926
 30
0.0
 11
0.6879172874850001
 21
-0.214764278013
 31
0.0
  0
LINE
  5
843
330
10F0
100
AcDbEntity
  8
0
100
AcDbLine
 10
0.6879172874850001
 20
-0.214764278013
 30
0.0
 11
0.665987842395
 21
-0.2255577744959999
 31
0.0
  0
LINE
  5
844
330
10F0
100
AcDbEntity
  8
0
100
AcDbLine
 10
0.665987842395
 20
-0.2255577744959999
 30
0.0
 11
0.6425838208170003
 21
-0.2362494882419999
 31
0.0
  0
LINE
  5
845
330
10F0
100
AcDbEntity
  8
0
100
AcDbLine
 10
0.6425838208170003
 20
-0.2362494882419999
 30
0.0
 11
0.619920736128
 21
-0.24582730554
 31
0.0
  0
LINE
  5
846
330
10F0
100
AcDbEntity
  8
0
100
AcDbLine
 10
0.619920736128
 20
-0.24582730554
 30
0.0
 11
0.6095593957050001
 21
-0.249882213978
 31
0.0
  0
LINE
  5
847
330
10F0
100
AcDbEntity
  8
0
100
AcDbLine
 10
0.6095593957050001
 20
-0.249882213978
 30
0.0
 11
0.5919492914100001
 21
-0.256547699847
 31
0.0
  0
LINE
  5
848
330
10F0
100
AcDbEntity
  8
0
100
AcDbLine
 10
0.5919492914100001
 20
-0.256547699847
 30
0.0
 11
0.578531019249
 21
-0.283835354472
 31
0.0
  0
LINE
  5
849
330
10F0
100
AcDbEntity
  8
0
100
AcDbLine
 10
0.578531019249
 20
-0.283835354472
 30
0.0
 11
0.5697354408210005
 21
-0.3011128010009999
 31
0.0
  0
LINE
  5
84A
330
10F0
100
AcDbEntity
  8
0
100
AcDbLine
 10
0.5697354408210005
 20
-0.3011128010009999
 30
0.0
 11
0.5508391202730001
 21
-0.334699020486
 31
0.0
  0
LINE
  5
84B
330
10F0
100
AcDbEntity
  8
0
100
AcDbLine
 10
0.5508391202730001
 20
-0.334699020486
 30
0.0
 11
0.5303616777000003
 21
-0.3667446918990001
 31
0.0
  0
LINE
  5
84C
330
10F0
100
AcDbEntity
  8
0
100
AcDbLine
 10
0.5303616777000003
 20
-0.3667446918990001
 30
0.0
 11
0.5084940384450003
 21
-0.3969510345899999
 31
0.0
  0
LINE
  5
84D
330
10F0
100
AcDbEntity
  8
0
100
AcDbLine
 10
0.5084940384450003
 20
-0.3969510345899999
 30
0.0
 11
0.4970985597629999
 21
-0.411271086798
 31
0.0
  0
LINE
  5
84E
330
10F0
100
AcDbEntity
  8
0
100
AcDbLine
 10
0.4970985597629999
 20
-0.411271086798
 30
0.0
 11
0.4917932547300004
 21
-0.417935824227
 31
0.0
  0
LINE
  5
84F
330
10F0
100
AcDbEntity
  8
0
100
AcDbLine
 10
0.4917932547300004
 20
-0.417935824227
 30
0.0
 11
0.4857767530920003
 21
-0.4262167378889999
 31
0.0
  0
LINE
  5
850
330
10F0
100
AcDbEntity
  8
0
100
AcDbLine
 10
0.4857767530920003
 20
-0.4262167378889999
 30
0.0
 11
0.483713875548
 21
-0.4296711082769999
 31
0.0
  0
LINE
  5
851
330
10F0
100
AcDbEntity
  8
0
100
AcDbLine
 10
0.483713875548
 20
-0.4296711082769999
 30
0.0
 11
0.4834350000000001
 21
-0.430541307558
 31
0.0
  0
LINE
  5
852
330
10F0
100
AcDbEntity
  8
0
100
AcDbLine
 10
0.4834350000000001
 20
-0.430541307558
 30
0.0
 11
0.4843094194620002
 21
-0.433387949769
 31
0.0
  0
LINE
  5
853
330
10F0
100
AcDbEntity
  8
0
100
AcDbLine
 10
0.4843094194620002
 20
-0.433387949769
 30
0.0
 11
0.4864117500000004
 21
-0.436521234294
 31
0.0
  0
LINE
  5
854
330
10F0
100
AcDbEntity
  8
0
100
AcDbLine
 10
0.4864117500000004
 20
-0.436521234294
 30
0.0
 11
0.4874593465710002
 21
-0.437560888896
 31
0.0
  0
LINE
  5
855
330
10F0
100
AcDbEntity
  8
0
100
AcDbLine
 10
0.4874593465710002
 20
-0.437560888896
 30
0.0
 11
0.4903891778880004
 21
-0.438882758109
 31
0.0
  0
LINE
  5
856
330
10F0
100
AcDbEntity
  8
0
100
AcDbLine
 10
0.4903891778880004
 20
-0.438882758109
 30
0.0
 11
0.496313507439
 21
-0.439339905261
 31
0.0
  0
LINE
  5
857
330
10F0
100
AcDbEntity
  8
0
100
AcDbLine
 10
0.496313507439
 20
-0.439339905261
 30
0.0
 11
0.5074903055610003
 21
-0.439106562081
 31
0.0
  0
LINE
  5
858
330
10F0
100
AcDbEntity
  8
0
100
AcDbLine
 10
0.5074903055610003
 20
-0.439106562081
 30
0.0
 11
0.5157540000000003
 21
-0.438785406477
 31
0.0
  0
LINE
  5
859
330
10F0
100
AcDbEntity
  8
0
100
AcDbLine
 10
0.5157540000000003
 20
-0.438785406477
 30
0.0
 11
0.5411201625000001
 21
-0.4372584953220001
 31
0.0
  0
LINE
  5
85A
330
10F0
100
AcDbEntity
  8
0
100
AcDbLine
 10
0.5411201625000001
 20
-0.4372584953220001
 30
0.0
 11
0.5650830000000002
 21
-0.435094515441
 31
0.0
  0
LINE
  5
85B
330
10F0
100
AcDbEntity
  8
0
100
AcDbLine
 10
0.4510382506920002
 20
-0.425371949847
 30
0.0
 11
0.4637515706190004
 21
-0.411382082151
 31
0.0
  0
LINE
  5
85C
330
10F0
100
AcDbEntity
  8
0
100
AcDbLine
 10
0.4637515706190004
 20
-0.411382082151
 30
0.0
 11
0.4887089249850003
 21
-0.380950911486
 31
0.0
  0
LINE
  5
85D
330
10F0
100
AcDbEntity
  8
0
100
AcDbLine
 10
0.4887089249850003
 20
-0.380950911486
 30
0.0
 11
0.512134639416
 21
-0.34850587419
 31
0.0
  0
LINE
  5
85E
330
10F0
100
AcDbEntity
  8
0
100
AcDbLine
 10
0.512134639416
 20
-0.34850587419
 30
0.0
 11
0.5329416082140002
 21
-0.3155526359279999
 31
0.0
  0
LINE
  5
85F
330
10F0
100
AcDbEntity
  8
0
100
AcDbLine
 10
0.5329416082140002
 20
-0.3155526359279999
 30
0.0
 11
0.5420233407689998
 21
-0.2993559605729999
 31
0.0
  0
LINE
  5
860
330
10F0
100
AcDbEntity
  8
0
100
AcDbLine
 10
0.5420233407689998
 20
-0.2993559605729999
 30
0.0
 11
0.5449049062110005
 21
-0.293920282395
 31
0.0
  0
LINE
  5
861
330
10F0
100
AcDbEntity
  8
0
100
AcDbLine
 10
0.5449049062110005
 20
-0.293920282395
 30
0.0
 11
0.5487660044100003
 21
-0.286107295122
 31
0.0
  0
LINE
  5
862
330
10F0
100
AcDbEntity
  8
0
100
AcDbLine
 10
0.5487660044100003
 20
-0.286107295122
 30
0.0
 11
0.5506689012030007
 21
-0.2795916469409999
 31
0.0
  0
LINE
  5
863
330
10F0
100
AcDbEntity
  8
0
100
AcDbLine
 10
0.5506689012030007
 20
-0.2795916469409999
 30
0.0
 11
0.5500188079200002
 21
-0.276817710573
 31
0.0
  0
LINE
  5
864
330
10F0
100
AcDbEntity
  8
0
100
AcDbLine
 10
0.5500188079200002
 20
-0.276817710573
 30
0.0
 11
0.5490185535810003
 21
-0.275059271205
 31
0.0
  0
LINE
  5
865
330
10F0
100
AcDbEntity
  8
0
100
AcDbLine
 10
0.5490185535810003
 20
-0.275059271205
 30
0.0
 11
0.5457623905170002
 21
-0.273110224581
 31
0.0
  0
LINE
  5
866
330
10F0
100
AcDbEntity
  8
0
100
AcDbLine
 10
0.5457623905170002
 20
-0.273110224581
 30
0.0
 11
0.5391305385210007
 21
-0.2733004184939999
 31
0.0
  0
LINE
  5
867
330
10F0
100
AcDbEntity
  8
0
100
AcDbLine
 10
0.5391305385210007
 20
-0.2733004184939999
 30
0.0
 11
0.5270812209540002
 21
-0.275688406467
 31
0.0
  0
LINE
  5
868
330
10F0
100
AcDbEntity
  8
0
100
AcDbLine
 10
0.5270812209540002
 20
-0.275688406467
 30
0.0
 11
0.518386955787
 21
-0.2777248742849999
 31
0.0
  0
LINE
  5
869
330
10F0
100
AcDbEntity
  8
0
100
AcDbLine
 10
0.518386955787
 20
-0.2777248742849999
 30
0.0
 11
0.500846168943
 21
-0.281658928374
 31
0.0
  0
LINE
  5
86A
330
10F0
100
AcDbEntity
  8
0
100
AcDbLine
 10
0.500846168943
 20
-0.281658928374
 30
0.0
 11
0.4633773268050003
 21
-0.288623865087
 31
0.0
  0
LINE
  5
86B
330
10F0
100
AcDbEntity
  8
0
100
AcDbLine
 10
0.4633773268050003
 20
-0.288623865087
 30
0.0
 11
0.4244107932899999
 21
-0.294145748244
 31
0.0
  0
LINE
  5
86C
330
10F0
100
AcDbEntity
  8
0
100
AcDbLine
 10
0.4244107932899999
 20
-0.294145748244
 30
0.0
 11
0.3859689706470001
 21
-0.2979379882619999
 31
0.0
  0
LINE
  5
86D
330
10F0
100
AcDbEntity
  8
0
100
AcDbLine
 10
0.3859689706470001
 20
-0.2979379882619999
 30
0.0
 11
0.367576824798
 21
-0.299095930404
 31
0.0
  0
LINE
  5
86E
330
10F0
100
AcDbEntity
  8
0
100
AcDbLine
 10
0.367576824798
 20
-0.299095930404
 30
0.0
 11
0.3444231512970002
 21
-0.300246532731
 31
0.0
  0
LINE
  5
86F
330
10F0
100
AcDbEntity
  8
0
100
AcDbLine
 10
0.3444231512970002
 20
-0.300246532731
 30
0.0
 11
0.325902324798
 21
-0.318965437278
 31
0.0
  0
LINE
  5
870
330
10F0
100
AcDbEntity
  8
0
100
AcDbLine
 10
0.325902324798
 20
-0.318965437278
 30
0.0
 11
0.3097617977520005
 21
-0.334490251653
 31
0.0
  0
LINE
  5
871
330
10F0
100
AcDbEntity
  8
0
100
AcDbLine
 10
0.3097617977520005
 20
-0.334490251653
 30
0.0
 11
0.2833404726330003
 21
-0.357392445912
 31
0.0
  0
LINE
  5
872
330
10F0
100
AcDbEntity
  8
0
100
AcDbLine
 10
0.2833404726330003
 20
-0.357392445912
 30
0.0
 11
0.2662062196860002
 21
-0.370743921504
 31
0.0
  0
LINE
  5
873
330
10F0
100
AcDbEntity
  8
0
100
AcDbLine
 10
0.2662062196860002
 20
-0.370743921504
 30
0.0
 11
0.2582854502490002
 21
-0.376417811124
 31
0.0
  0
LINE
  5
874
330
10F0
100
AcDbEntity
  8
0
100
AcDbLine
 10
0.2582854502490002
 20
-0.376417811124
 30
0.0
 11
0.2532667416030003
 21
-0.3800422219769999
 31
0.0
  0
LINE
  5
875
330
10F0
100
AcDbEntity
  8
0
100
AcDbLine
 10
0.2532667416030003
 20
-0.3800422219769999
 30
0.0
 11
0.245944404378
 21
-0.386150647356
 31
0.0
  0
LINE
  5
876
330
10F0
100
AcDbEntity
  8
0
100
AcDbLine
 10
0.245944404378
 20
-0.386150647356
 30
0.0
 11
0.2445426477000001
 21
-0.38788230618
 31
0.0
  0
LINE
  5
877
330
10F0
100
AcDbEntity
  8
0
100
AcDbLine
 10
0.2445426477000001
 20
-0.38788230618
 30
0.0
 11
0.2445415828740003
 21
-0.3908788047899999
 31
0.0
  0
LINE
  5
878
330
10F0
100
AcDbEntity
  8
0
100
AcDbLine
 10
0.2445415828740003
 20
-0.3908788047899999
 30
0.0
 11
0.2486234079360001
 21
-0.397396584324
 31
0.0
  0
LINE
  5
879
330
10F0
100
AcDbEntity
  8
0
100
AcDbLine
 10
0.2486234079360001
 20
-0.397396584324
 30
0.0
 11
0.2516284336590003
 21
-0.399196752624
 31
0.0
  0
LINE
  5
87A
330
10F0
100
AcDbEntity
  8
0
100
AcDbLine
 10
0.2516284336590003
 20
-0.399196752624
 30
0.0
 11
0.2526347554650002
 21
-0.399494890296
 31
0.0
  0
LINE
  5
87B
330
10F0
100
AcDbEntity
  8
0
100
AcDbLine
 10
0.2526347554650002
 20
-0.399494890296
 30
0.0
 11
0.2566676461590003
 21
-0.4007142453420001
 31
0.0
  0
LINE
  5
87C
330
10F0
100
AcDbEntity
  8
0
100
AcDbLine
 10
0.2566676461590003
 20
-0.4007142453420001
 30
0.0
 11
0.2663781771780004
 21
-0.4036775149169999
 31
0.0
  0
LINE
  5
87D
330
10F0
100
AcDbEntity
  8
0
100
AcDbLine
 10
0.2663781771780004
 20
-0.4036775149169999
 30
0.0
 11
0.2742120000000002
 21
-0.406079818506
 31
0.0
  0
LINE
  5
87E
330
10F0
100
AcDbEntity
  8
0
100
AcDbLine
 10
0.2742120000000002
 20
-0.406079818506
 30
0.0
 11
0.2925295842150001
 21
-0.41132996181
 31
0.0
  0
LINE
  5
87F
330
10F0
100
AcDbEntity
  8
0
100
AcDbLine
 10
0.2925295842150001
 20
-0.41132996181
 30
0.0
 11
0.3342167311500003
 21
-0.421349493087
 31
0.0
  0
LINE
  5
880
330
10F0
100
AcDbEntity
  8
0
100
AcDbLine
 10
0.3342167311500003
 20
-0.421349493087
 30
0.0
 11
0.3781291892220002
 21
-0.4298543927279999
 31
0.0
  0
LINE
  5
881
330
10F0
100
AcDbEntity
  8
0
100
AcDbLine
 10
0.3781291892220002
 20
-0.4298543927279999
 30
0.0
 11
0.4092677615610002
 21
-0.434608447887
 31
0.0
  0
LINE
  5
882
330
10F0
100
AcDbEntity
  8
0
100
AcDbLine
 10
0.4092677615610002
 20
-0.434608447887
 30
0.0
 11
0.4279030585560001
 21
-0.4367584846709999
 31
0.0
  0
LINE
  5
883
330
10F0
100
AcDbEntity
  8
0
100
AcDbLine
 10
0.4279030585560001
 20
-0.4367584846709999
 30
0.0
 11
0.4363298550810001
 21
-0.437478562197
 31
0.0
  0
LINE
  5
884
330
10F0
100
AcDbEntity
  8
0
100
AcDbLine
 10
0.4363298550810001
 20
-0.437478562197
 30
0.0
 11
0.4371983567640001
 21
-0.437291147718
 31
0.0
  0
LINE
  5
885
330
10F0
100
AcDbEntity
  8
0
100
AcDbLine
 10
0.4371983567640001
 20
-0.437291147718
 30
0.0
 11
0.43998254676
 21
-0.435602260539
 31
0.0
  0
LINE
  5
886
330
10F0
100
AcDbEntity
  8
0
100
AcDbLine
 10
0.43998254676
 20
-0.435602260539
 30
0.0
 11
0.4461296477759999
 21
-0.430316474481
 31
0.0
  0
LINE
  5
887
330
10F0
100
AcDbEntity
  8
0
100
AcDbLine
 10
0.4461296477759999
 20
-0.430316474481
 30
0.0
 11
0.4510382506920002
 21
-0.425371949847
 31
0.0
  0
LINE
  5
888
330
10F0
100
AcDbEntity
  8
0
100
AcDbLine
 10
-0.0050922
 20
-0.428858999847
 30
0.0
 11
-0.00370277217
 21
-0.4270471967069999
 31
0.0
  0
LINE
  5
889
330
10F0
100
AcDbEntity
  8
0
100
AcDbLine
 10
-0.00370277217
 20
-0.4270471967069999
 30
0.0
 11
-0.00339762978
 21
-0.422562994992
 31
0.0
  0
LINE
  5
88A
330
10F0
100
AcDbEntity
  8
0
100
AcDbLine
 10
-0.00339762978
 20
-0.422562994992
 30
0.0
 11
-0.0070077658409999
 21
-0.415770430815
 31
0.0
  0
LINE
  5
88B
330
10F0
100
AcDbEntity
  8
0
100
AcDbLine
 10
-0.0070077658409999
 20
-0.415770430815
 30
0.0
 11
-0.0152735797260001
 21
-0.405276426
 31
0.0
  0
LINE
  5
88C
330
10F0
100
AcDbEntity
  8
0
100
AcDbLine
 10
-0.0152735797260001
 20
-0.405276426
 30
0.0
 11
-0.021383740125
 21
-0.3982060459979999
 31
0.0
  0
LINE
  5
88D
330
10F0
100
AcDbEntity
  8
0
100
AcDbLine
 10
-0.021383740125
 20
-0.3982060459979999
 30
0.0
 11
-0.0417389199210002
 21
-0.374224441365
 31
0.0
  0
LINE
  5
88E
330
10F0
100
AcDbEntity
  8
0
100
AcDbLine
 10
-0.0417389199210002
 20
-0.374224441365
 30
0.0
 11
-0.0804383130869999
 21
-0.3238745147729999
 31
0.0
  0
LINE
  5
88F
330
10F0
100
AcDbEntity
  8
0
100
AcDbLine
 10
-0.0804383130869999
 20
-0.3238745147729999
 30
0.0
 11
-0.1160587482660001
 21
-0.270933335811
 31
0.0
  0
LINE
  5
890
330
10F0
100
AcDbEntity
  8
0
100
AcDbLine
 10
-0.1160587482660001
 20
-0.270933335811
 30
0.0
 11
-0.1481230167120001
 21
-0.2161101585419999
 31
0.0
  0
LINE
  5
891
330
10F0
100
AcDbEntity
  8
0
100
AcDbLine
 10
-0.1481230167120001
 20
-0.2161101585419999
 30
0.0
 11
-0.162672462378
 21
-0.1882144610549998
 31
0.0
  0
LINE
  5
892
330
10F0
100
AcDbEntity
  8
0
100
AcDbLine
 10
-0.162672462378
 20
-0.1882144610549998
 30
0.0
 11
-0.166924037034
 21
-0.1798717364549999
 31
0.0
  0
LINE
  5
893
330
10F0
100
AcDbEntity
  8
0
100
AcDbLine
 10
-0.166924037034
 20
-0.1798717364549999
 30
0.0
 11
-0.173385749907
 21
-0.168584754357
 31
0.0
  0
LINE
  5
894
330
10F0
100
AcDbEntity
  8
0
100
AcDbLine
 10
-0.173385749907
 20
-0.168584754357
 30
0.0
 11
-0.1781772763950001
 21
-0.1633457951279999
 31
0.0
  0
LINE
  5
895
330
10F0
100
AcDbEntity
  8
0
100
AcDbLine
 10
-0.1781772763950001
 20
-0.1633457951279999
 30
0.0
 11
-0.1825606887569999
 21
-0.1627749327239999
 31
0.0
  0
LINE
  5
896
330
10F0
100
AcDbEntity
  8
0
100
AcDbLine
 10
-0.1825606887569999
 20
-0.1627749327239999
 30
0.0
 11
-0.184993748127
 21
-0.1638088141320001
 31
0.0
  0
LINE
  5
897
330
10F0
100
AcDbEntity
  8
0
100
AcDbLine
 10
-0.184993748127
 20
-0.1638088141320001
 30
0.0
 11
-0.1864410286680001
 21
-0.1647425678759999
 31
0.0
  0
LINE
  5
898
330
10F0
100
AcDbEntity
  8
0
100
AcDbLine
 10
-0.1864410286680001
 20
-0.1647425678759999
 30
0.0
 11
-0.188050523373
 21
-0.1679351084369999
 31
0.0
  0
LINE
  5
899
330
10F0
100
AcDbEntity
  8
0
100
AcDbLine
 10
-0.188050523373
 20
-0.1679351084369999
 30
0.0
 11
-0.187897894344
 21
-0.1752185471939999
 31
0.0
  0
LINE
  5
89A
330
10F0
100
AcDbEntity
  8
0
100
AcDbLine
 10
-0.187897894344
 20
-0.1752185471939999
 30
0.0
 11
-0.186591869946
 21
-0.1850435538119999
 31
0.0
  0
LINE
  5
89B
330
10F0
100
AcDbEntity
  8
0
100
AcDbLine
 10
-0.186591869946
 20
-0.1850435538119999
 30
0.0
 11
-0.185140081755
 21
-0.1943245823309999
 31
0.0
  0
LINE
  5
89C
330
10F0
100
AcDbEntity
  8
0
100
AcDbLine
 10
-0.185140081755
 20
-0.1943245823309999
 30
0.0
 11
-0.1842371178120001
 21
-0.1999151399609999
 31
0.0
  0
LINE
  5
89D
330
10F0
100
AcDbEntity
  8
0
100
AcDbLine
 10
-0.1842371178120001
 20
-0.1999151399609999
 30
0.0
 11
-0.177288388227
 21
-0.2378276437229999
 31
0.0
  0
LINE
  5
89E
330
10F0
100
AcDbEntity
  8
0
100
AcDbLine
 10
-0.177288388227
 20
-0.2378276437229999
 30
0.0
 11
-0.1589939291069999
 21
-0.312139727415
 31
0.0
  0
LINE
  5
89F
330
10F0
100
AcDbEntity
  8
0
100
AcDbLine
 10
-0.1589939291069999
 20
-0.312139727415
 30
0.0
 11
-0.1478914544789999
 21
-0.347551199847
 31
0.0
  0
LINE
  5
8A0
330
10F0
100
AcDbEntity
  8
0
100
AcDbLine
 10
-0.1478914544789999
 20
-0.347551199847
 30
0.0
 11
-0.14400819225
 21
-0.358860376593
 31
0.0
  0
LINE
  5
8A1
330
10F0
100
AcDbEntity
  8
0
100
AcDbLine
 10
-0.14400819225
 20
-0.358860376593
 30
0.0
 11
-0.1363008149639999
 21
-0.380379700377
 31
0.0
  0
LINE
  5
8A2
330
10F0
100
AcDbEntity
  8
0
100
AcDbLine
 10
-0.1363008149639999
 20
-0.380379700377
 30
0.0
 11
-0.1295422418700001
 21
-0.398146733829
 31
0.0
  0
LINE
  5
8A3
330
10F0
100
AcDbEntity
  8
0
100
AcDbLine
 10
-0.1295422418700001
 20
-0.398146733829
 30
0.0
 11
-0.12572395614
 21
-0.407358700047
 31
0.0
  0
LINE
  5
8A4
330
10F0
100
AcDbEntity
  8
0
100
AcDbLine
 10
-0.12572395614
 20
-0.407358700047
 30
0.0
 11
-0.1240186475069999
 21
-0.410898096621
 31
0.0
  0
LINE
  5
8A5
330
10F0
100
AcDbEntity
  8
0
100
AcDbLine
 10
-0.1240186475069999
 20
-0.410898096621
 30
0.0
 11
-0.123466992795
 21
-0.411758581491
 31
0.0
  0
LINE
  5
8A6
330
10F0
100
AcDbEntity
  8
0
100
AcDbLine
 10
-0.123466992795
 20
-0.411758581491
 30
0.0
 11
-0.120931038234
 21
-0.413586161406
 31
0.0
  0
LINE
  5
8A7
330
10F0
100
AcDbEntity
  8
0
100
AcDbLine
 10
-0.120931038234
 20
-0.413586161406
 30
0.0
 11
-0.1102666170330001
 21
-0.41746472037
 31
0.0
  0
LINE
  5
8A8
330
10F0
100
AcDbEntity
  8
0
100
AcDbLine
 10
-0.1102666170330001
 20
-0.41746472037
 30
0.0
 11
-0.0940160386890001
 21
-0.421370929089
 31
0.0
  0
LINE
  5
8A9
330
10F0
100
AcDbEntity
  8
0
100
AcDbLine
 10
-0.0940160386890001
 20
-0.421370929089
 30
0.0
 11
-0.0744239342969999
 21
-0.4249805310359999
 31
0.0
  0
LINE
  5
8AA
330
10F0
100
AcDbEntity
  8
0
100
AcDbLine
 10
-0.0744239342969999
 20
-0.4249805310359999
 30
0.0
 11
-0.05373493155
 21
-0.42796926288
 31
0.0
  0
LINE
  5
8AB
330
10F0
100
AcDbEntity
  8
0
100
AcDbLine
 10
-0.05373493155
 20
-0.42796926288
 30
0.0
 11
-0.034193661543
 21
-0.430012868094
 31
0.0
  0
LINE
  5
8AC
330
10F0
100
AcDbEntity
  8
0
100
AcDbLine
 10
-0.034193661543
 20
-0.430012868094
 30
0.0
 11
-0.018044755371
 21
-0.430787086749
 31
0.0
  0
LINE
  5
8AD
330
10F0
100
AcDbEntity
  8
0
100
AcDbLine
 10
-0.018044755371
 20
-0.430787086749
 30
0.0
 11
-0.0075328390259999
 21
-0.429967660617
 31
0.0
  0
LINE
  5
8AE
330
10F0
100
AcDbEntity
  8
0
100
AcDbLine
 10
-0.0075328390259999
 20
-0.429967660617
 30
0.0
 11
-0.0050922
 21
-0.428858999847
 31
0.0
  0
LINE
  5
8AF
330
10F0
100
AcDbEntity
  8
0
100
AcDbLine
 10
0.065425445982
 20
-0.426610046511
 30
0.0
 11
0.0789788864070001
 21
-0.424255464477
 31
0.0
  0
LINE
  5
8B0
330
10F0
100
AcDbEntity
  8
0
100
AcDbLine
 10
0.0789788864070001
 20
-0.424255464477
 30
0.0
 11
0.1084923454590001
 21
-0.417498274296
 31
0.0
  0
LINE
  5
8B1
330
10F0
100
AcDbEntity
  8
0
100
AcDbLine
 10
0.1084923454590001
 20
-0.417498274296
 30
0.0
 11
0.1294545373110002
 21
-0.411589015605
 31
0.0
  0
LINE
  5
8B2
330
10F0
100
AcDbEntity
  8
0
100
AcDbLine
 10
0.1294545373110002
 20
-0.411589015605
 30
0.0
 11
0.141309537741
 21
-0.407701550205
 31
0.0
  0
LINE
  5
8B3
330
10F0
100
AcDbEntity
  8
0
100
AcDbLine
 10
0.141309537741
 20
-0.407701550205
 30
0.0
 11
0.150497247699
 21
-0.404137395576
 31
0.0
  0
LINE
  5
8B4
330
10F0
100
AcDbEntity
  8
0
100
AcDbLine
 10
0.150497247699
 20
-0.404137395576
 30
0.0
 11
0.1561849919639999
 21
-0.401137986555
 31
0.0
  0
LINE
  5
8B5
330
10F0
100
AcDbEntity
  8
0
100
AcDbLine
 10
0.1561849919639999
 20
-0.401137986555
 30
0.0
 11
0.1574561662740002
 21
-0.399925512054
 31
0.0
  0
LINE
  5
8B6
330
10F0
100
AcDbEntity
  8
0
100
AcDbLine
 10
0.1574561662740002
 20
-0.399925512054
 30
0.0
 11
0.158275316844
 21
-0.396945045369
 31
0.0
  0
LINE
  5
8B7
330
10F0
100
AcDbEntity
  8
0
100
AcDbLine
 10
0.158275316844
 20
-0.396945045369
 30
0.0
 11
0.158013689436
 21
-0.3933162255239999
 31
0.0
  0
LINE
  5
8B8
330
10F0
100
AcDbEntity
  8
0
100
AcDbLine
 10
0.158013689436
 20
-0.3933162255239999
 30
0.0
 11
0.157443633306
 21
-0.3920555259720001
 31
0.0
  0
LINE
  5
8B9
330
10F0
100
AcDbEntity
  8
0
100
AcDbLine
 10
0.157443633306
 20
-0.3920555259720001
 30
0.0
 11
0.1543222183589999
 21
-0.389085159825
 31
0.0
  0
LINE
  5
8BA
330
10F0
100
AcDbEntity
  8
0
100
AcDbLine
 10
0.1543222183589999
 20
-0.389085159825
 30
0.0
 11
0.147624763896
 21
-0.3849375775050001
 31
0.0
  0
LINE
  5
8BB
330
10F0
100
AcDbEntity
  8
0
100
AcDbLine
 10
0.147624763896
 20
-0.3849375775050001
 30
0.0
 11
0.1362301050960001
 21
-0.378918464832
 31
0.0
  0
LINE
  5
8BC
330
10F0
100
AcDbEntity
  8
0
100
AcDbLine
 10
0.1362301050960001
 20
-0.378918464832
 30
0.0
 11
0.128420960382
 21
-0.374990112495
 31
0.0
  0
LINE
  5
8BD
330
10F0
100
AcDbEntity
  8
0
100
AcDbLine
 10
0.128420960382
 20
-0.374990112495
 30
0.0
 11
0.1003888443960002
 21
-0.3605022379259999
 31
0.0
  0
LINE
  5
8BE
330
10F0
100
AcDbEntity
  8
0
100
AcDbLine
 10
0.1003888443960002
 20
-0.3605022379259999
 30
0.0
 11
0.0466634091780001
 21
-0.329545191204
 31
0.0
  0
LINE
  5
8BF
330
10F0
100
AcDbEntity
  8
0
100
AcDbLine
 10
0.0466634091780001
 20
-0.329545191204
 30
0.0
 11
-0.0046185089219999
 21
-0.295498354527
 31
0.0
  0
LINE
  5
8C0
330
10F0
100
AcDbEntity
  8
0
100
AcDbLine
 10
-0.0046185089219999
 20
-0.295498354527
 30
0.0
 11
-0.05426676621
 21
-0.2578240520010001
 31
0.0
  0
LINE
  5
8C1
330
10F0
100
AcDbEntity
  8
0
100
AcDbLine
 10
-0.05426676621
 20
-0.2578240520010001
 30
0.0
 11
-0.078731349381
 21
-0.2374585794540001
 31
0.0
  0
LINE
  5
8C2
330
10F0
100
AcDbEntity
  8
0
100
AcDbLine
 10
-0.078731349381
 20
-0.2374585794540001
 30
0.0
 11
-0.086109407964
 21
-0.2312632823039999
 31
0.0
  0
LINE
  5
8C3
330
10F0
100
AcDbEntity
  8
0
100
AcDbLine
 10
-0.086109407964
 20
-0.2312632823039999
 30
0.0
 11
-0.0971488333260001
 21
-0.223015243869
 31
0.0
  0
LINE
  5
8C4
330
10F0
100
AcDbEntity
  8
0
100
AcDbLine
 10
-0.0971488333260001
 20
-0.223015243869
 30
0.0
 11
-0.1042525393199999
 21
-0.2198338669709999
 31
0.0
  0
LINE
  5
8C5
330
10F0
100
AcDbEntity
  8
0
100
AcDbLine
 10
-0.1042525393199999
 20
-0.2198338669709999
 30
0.0
 11
-0.1086443682300001
 21
-0.2211710587919999
 31
0.0
  0
LINE
  5
8C6
330
10F0
100
AcDbEntity
  8
0
100
AcDbLine
 10
-0.1086443682300001
 20
-0.2211710587919999
 30
0.0
 11
-0.1102057790669999
 21
-0.2233628381159999
 31
0.0
  0
LINE
  5
8C7
330
10F0
100
AcDbEntity
  8
0
100
AcDbLine
 10
-0.1102057790669999
 20
-0.2233628381159999
 30
0.0
 11
-0.110844516474
 21
-0.2248270112880001
 31
0.0
  0
LINE
  5
8C8
330
10F0
100
AcDbEntity
  8
0
100
AcDbLine
 10
-0.110844516474
 20
-0.2248270112880001
 30
0.0
 11
-0.1106922446550001
 21
-0.2284114877639999
 31
0.0
  0
LINE
  5
8C9
330
10F0
100
AcDbEntity
  8
0
100
AcDbLine
 10
-0.1106922446550001
 20
-0.2284114877639999
 30
0.0
 11
-0.10769534631
 21
-0.2349033100379999
 31
0.0
  0
LINE
  5
8CA
330
10F0
100
AcDbEntity
  8
0
100
AcDbLine
 10
-0.10769534631
 20
-0.2349033100379999
 30
0.0
 11
-0.1029035578679999
 21
-0.243147339216
 31
0.0
  0
LINE
  5
8CB
330
10F0
100
AcDbEntity
  8
0
100
AcDbLine
 10
-0.1029035578679999
 20
-0.243147339216
 30
0.0
 11
-0.098233656282
 21
-0.2508222205980001
 31
0.0
  0
LINE
  5
8CC
330
10F0
100
AcDbEntity
  8
0
100
AcDbLine
 10
-0.098233656282
 20
-0.2508222205980001
 30
0.0
 11
-0.0954033147540001
 21
-0.25542764748
 31
0.0
  0
LINE
  5
8CD
330
10F0
100
AcDbEntity
  8
0
100
AcDbLine
 10
-0.0954033147540001
 20
-0.25542764748
 30
0.0
 11
-0.076235812281
 21
-0.285149703564
 31
0.0
  0
LINE
  5
8CE
330
10F0
100
AcDbEntity
  8
0
100
AcDbLine
 10
-0.076235812281
 20
-0.285149703564
 30
0.0
 11
-0.0444153566700001
 21
-0.3297808443419999
 31
0.0
  0
LINE
  5
8CF
330
10F0
100
AcDbEntity
  8
0
100
AcDbLine
 10
-0.0444153566700001
 20
-0.3297808443419999
 30
0.0
 11
-0.0225524359890001
 21
-0.3576444303509999
 31
0.0
  0
LINE
  5
8D0
330
10F0
100
AcDbEntity
  8
0
100
AcDbLine
 10
-0.0225524359890001
 20
-0.3576444303509999
 30
0.0
 11
-0.0117853798500001
 21
-0.370514699847
 31
0.0
  0
LINE
  5
8D1
330
10F0
100
AcDbEntity
  8
0
100
AcDbLine
 10
-0.0117853798500001
 20
-0.370514699847
 30
0.0
 11
-0.002151921141
 21
-0.38159401536
 31
0.0
  0
LINE
  5
8D2
330
10F0
100
AcDbEntity
  8
0
100
AcDbLine
 10
-0.002151921141
 20
-0.38159401536
 30
0.0
 11
0.016511765544
 21
-0.402181386759
 31
0.0
  0
LINE
  5
8D3
330
10F0
100
AcDbEntity
  8
0
100
AcDbLine
 10
0.016511765544
 20
-0.402181386759
 30
0.0
 11
0.0287361789480001
 21
-0.414957397041
 31
0.0
  0
LINE
  5
8D4
330
10F0
100
AcDbEntity
  8
0
100
AcDbLine
 10
0.0287361789480001
 20
-0.414957397041
 30
0.0
 11
0.0354482313930001
 21
-0.421591792032
 31
0.0
  0
LINE
  5
8D5
330
10F0
100
AcDbEntity
  8
0
100
AcDbLine
 10
0.0354482313930001
 20
-0.421591792032
 30
0.0
 11
0.04064119218
 21
-0.426337707906
 31
0.0
  0
LINE
  5
8D6
330
10F0
100
AcDbEntity
  8
0
100
AcDbLine
 10
0.04064119218
 20
-0.426337707906
 30
0.0
 11
0.0439987399470002
 21
-0.428867608608
 31
0.0
  0
LINE
  5
8D7
330
10F0
100
AcDbEntity
  8
0
100
AcDbLine
 10
0.0439987399470002
 20
-0.428867608608
 30
0.0
 11
0.0448903837350002
 21
-0.429199199847
 31
0.0
  0
LINE
  5
8D8
330
10F0
100
AcDbEntity
  8
0
100
AcDbLine
 10
0.0448903837350002
 20
-0.429199199847
 30
0.0
 11
0.0458709472980003
 21
-0.42914635488
 31
0.0
  0
LINE
  5
8D9
330
10F0
100
AcDbEntity
  8
0
100
AcDbLine
 10
0.0458709472980003
 20
-0.42914635488
 30
0.0
 11
0.0496129074570001
 21
-0.428755453173
 31
0.0
  0
LINE
  5
8DA
330
10F0
100
AcDbEntity
  8
0
100
AcDbLine
 10
0.0496129074570001
 20
-0.428755453173
 30
0.0
 11
0.058414536342
 21
-0.427615366428
 31
0.0
  0
LINE
  5
8DB
330
10F0
100
AcDbEntity
  8
0
100
AcDbLine
 10
0.058414536342
 20
-0.427615366428
 30
0.0
 11
0.065425445982
 21
-0.426610046511
 31
0.0
  0
LINE
  5
8DC
330
10F0
100
AcDbEntity
  8
0
100
AcDbLine
 10
-0.455543800956
 20
-0.4032589498469999
 30
0.0
 11
-0.455149374777
 21
-0.402021446832
 31
0.0
  0
LINE
  5
8DD
330
10F0
100
AcDbEntity
  8
0
100
AcDbLine
 10
-0.455149374777
 20
-0.402021446832
 30
0.0
 11
-0.4540390997580001
 21
-0.397187301789
 31
0.0
  0
LINE
  5
8DE
330
10F0
100
AcDbEntity
  8
0
100
AcDbLine
 10
-0.4540390997580001
 20
-0.397187301789
 30
0.0
 11
-0.451887991344
 21
-0.3856864903829999
 31
0.0
  0
LINE
  5
8DF
330
10F0
100
AcDbEntity
  8
0
100
AcDbLine
 10
-0.451887991344
 20
-0.3856864903829999
 30
0.0
 11
-0.45037734345
 21
-0.376468199847
 31
0.0
  0
LINE
  5
8E0
330
10F0
100
AcDbEntity
  8
0
100
AcDbLine
 10
-0.45037734345
 20
-0.376468199847
 30
0.0
 11
-0.444129970185
 21
-0.3418349349149999
 31
0.0
  0
LINE
  5
8E1
330
10F0
100
AcDbEntity
  8
0
100
AcDbLine
 10
-0.444129970185
 20
-0.3418349349149999
 30
0.0
 11
-0.426250315224
 21
-0.271573088715
 31
0.0
  0
LINE
  5
8E2
330
10F0
100
AcDbEntity
  8
0
100
AcDbLine
 10
-0.426250315224
 20
-0.271573088715
 30
0.0
 11
-0.414604338777
 21
-0.235890681003
 31
0.0
  0
LINE
  5
8E3
330
10F0
100
AcDbEntity
  8
0
100
AcDbLine
 10
-0.414604338777
 20
-0.235890681003
 30
0.0
 11
-0.4113364320089999
 21
-0.226269098676
 31
0.0
  0
LINE
  5
8E4
330
10F0
100
AcDbEntity
  8
0
100
AcDbLine
 10
-0.4113364320089999
 20
-0.226269098676
 30
0.0
 11
-0.407630448
 21
-0.214387455483
 31
0.0
  0
LINE
  5
8E5
330
10F0
100
AcDbEntity
  8
0
100
AcDbLine
 10
-0.407630448
 20
-0.214387455483
 30
0.0
 11
-0.406359778887
 21
-0.209487861063
 31
0.0
  0
LINE
  5
8E6
330
10F0
100
AcDbEntity
  8
0
100
AcDbLine
 10
-0.406359778887
 20
-0.209487861063
 30
0.0
 11
-0.4061879999999999
 21
-0.208284202845
 31
0.0
  0
LINE
  5
8E7
330
10F0
100
AcDbEntity
  8
0
100
AcDbLine
 10
-0.4061879999999999
 20
-0.208284202845
 30
0.0
 11
-0.406345157091
 21
-0.207217136628
 31
0.0
  0
LINE
  5
8E8
330
10F0
100
AcDbEntity
  8
0
100
AcDbLine
 10
-0.406345157091
 20
-0.207217136628
 30
0.0
 11
-0.407507666418
 21
-0.2033279413109998
 31
0.0
  0
LINE
  5
8E9
330
10F0
100
AcDbEntity
  8
0
100
AcDbLine
 10
-0.407507666418
 20
-0.2033279413109998
 30
0.0
 11
-0.410898193173
 21
-0.1943931870629999
 31
0.0
  0
LINE
  5
8EA
330
10F0
100
AcDbEntity
  8
0
100
AcDbLine
 10
-0.410898193173
 20
-0.1943931870629999
 30
0.0
 11
-0.413887932009
 21
-0.187370147592
 31
0.0
  0
LINE
  5
8EB
330
10F0
100
AcDbEntity
  8
0
100
AcDbLine
 10
-0.413887932009
 20
-0.187370147592
 30
0.0
 11
-0.417733433739
 21
-0.178305647868
 31
0.0
  0
LINE
  5
8EC
330
10F0
100
AcDbEntity
  8
0
100
AcDbLine
 10
-0.417733433739
 20
-0.178305647868
 30
0.0
 11
-0.425438633745
 21
-0.1579776398459999
 31
0.0
  0
LINE
  5
8ED
330
10F0
100
AcDbEntity
  8
0
100
AcDbLine
 10
-0.425438633745
 20
-0.1579776398459999
 30
0.0
 11
-0.432631654146
 21
-0.1363169782709999
 31
0.0
  0
LINE
  5
8EE
330
10F0
100
AcDbEntity
  8
0
100
AcDbLine
 10
-0.432631654146
 20
-0.1363169782709999
 30
0.0
 11
-0.43867516086
 21
-0.11524289634
 31
0.0
  0
LINE
  5
8EF
330
10F0
100
AcDbEntity
  8
0
100
AcDbLine
 10
-0.43867516086
 20
-0.11524289634
 30
0.0
 11
-0.441066680109
 21
-0.105525580032
 31
0.0
  0
LINE
  5
8F0
330
10F0
100
AcDbEntity
  8
0
100
AcDbLine
 10
-0.441066680109
 20
-0.105525580032
 30
0.0
 11
-0.4423881836070001
 21
-0.09992484702
 31
0.0
  0
LINE
  5
8F1
330
10F0
100
AcDbEntity
  8
0
100
AcDbLine
 10
-0.4423881836070001
 20
-0.09992484702
 30
0.0
 11
-0.444842752122
 21
-0.09090082089
 31
0.0
  0
LINE
  5
8F2
330
10F0
100
AcDbEntity
  8
0
100
AcDbLine
 10
-0.444842752122
 20
-0.09090082089
 30
0.0
 11
-0.4472806678469999
 21
-0.084736701369
 31
0.0
  0
LINE
  5
8F3
330
10F0
100
AcDbEntity
  8
0
100
AcDbLine
 10
-0.4472806678469999
 20
-0.084736701369
 30
0.0
 11
-0.449983439478
 21
-0.0813804752789999
 31
0.0
  0
LINE
  5
8F4
330
10F0
100
AcDbEntity
  8
0
100
AcDbLine
 10
-0.449983439478
 20
-0.0813804752789999
 30
0.0
 11
-0.453232584216
 21
-0.080780124339
 31
0.0
  0
LINE
  5
8F5
330
10F0
100
AcDbEntity
  8
0
100
AcDbLine
 10
-0.453232584216
 20
-0.080780124339
 30
0.0
 11
-0.45730961586
 21
-0.082883635371
 31
0.0
  0
LINE
  5
8F6
330
10F0
100
AcDbEntity
  8
0
100
AcDbLine
 10
-0.45730961586
 20
-0.082883635371
 30
0.0
 11
-0.462496044807
 21
-0.087638991795
 31
0.0
  0
LINE
  5
8F7
330
10F0
100
AcDbEntity
  8
0
100
AcDbLine
 10
-0.462496044807
 20
-0.087638991795
 30
0.0
 11
-0.469073384856
 21
-0.0949941770309998
 31
0.0
  0
LINE
  5
8F8
330
10F0
100
AcDbEntity
  8
0
100
AcDbLine
 10
-0.469073384856
 20
-0.0949941770309998
 30
0.0
 11
-0.472971620988
 21
-0.099630449847
 31
0.0
  0
LINE
  5
8F9
330
10F0
100
AcDbEntity
  8
0
100
AcDbLine
 10
-0.472971620988
 20
-0.099630449847
 30
0.0
 11
-0.495743766993
 21
-0.128441727594
 31
0.0
  0
LINE
  5
8FA
330
10F0
100
AcDbEntity
  8
0
100
AcDbLine
 10
-0.495743766993
 20
-0.128441727594
 30
0.0
 11
-0.537661537209
 21
-0.190019002626
 31
0.0
  0
LINE
  5
8FB
330
10F0
100
AcDbEntity
  8
0
100
AcDbLine
 10
-0.537661537209
 20
-0.190019002626
 30
0.0
 11
-0.556133829075
 21
-0.2217958752149999
 31
0.0
  0
LINE
  5
8FC
330
10F0
100
AcDbEntity
  8
0
100
AcDbLine
 10
-0.556133829075
 20
-0.2217958752149999
 30
0.0
 11
-0.5682002110740001
 21
-0.243794209104
 31
0.0
  0
LINE
  5
8FD
330
10F0
100
AcDbEntity
  8
0
100
AcDbLine
 10
-0.5682002110740001
 20
-0.243794209104
 30
0.0
 11
-0.5643961423020001
 21
-0.252722453625
 31
0.0
  0
LINE
  5
8FE
330
10F0
100
AcDbEntity
  8
0
100
AcDbLine
 10
-0.5643961423020001
 20
-0.252722453625
 30
0.0
 11
-0.55692318663
 21
-0.269207713836
 31
0.0
  0
LINE
  5
8FF
330
10F0
100
AcDbEntity
  8
0
100
AcDbLine
 10
-0.55692318663
 20
-0.269207713836
 30
0.0
 11
-0.538586782551
 21
-0.30416713191
 31
0.0
  0
LINE
  5
900
330
10F0
100
AcDbEntity
  8
0
100
AcDbLine
 10
-0.538586782551
 20
-0.30416713191
 30
0.0
 11
-0.5168545054739999
 21
-0.3399275866049999
 31
0.0
  0
LINE
  5
901
330
10F0
100
AcDbEntity
  8
0
100
AcDbLine
 10
-0.5168545054739999
 20
-0.3399275866049999
 30
0.0
 11
-0.493076092095
 21
-0.3742680873239999
 31
0.0
  0
LINE
  5
902
330
10F0
100
AcDbEntity
  8
0
100
AcDbLine
 10
-0.493076092095
 20
-0.3742680873239999
 30
0.0
 11
-0.4808413791359999
 21
-0.390211793361
 31
0.0
  0
LINE
  5
903
330
10F0
100
AcDbEntity
  8
0
100
AcDbLine
 10
-0.4808413791359999
 20
-0.390211793361
 30
0.0
 11
-0.47687319108
 21
-0.3951455574689999
 31
0.0
  0
LINE
  5
904
330
10F0
100
AcDbEntity
  8
0
100
AcDbLine
 10
-0.47687319108
 20
-0.3951455574689999
 30
0.0
 11
-0.471007988289
 21
-0.401992836012
 31
0.0
  0
LINE
  5
905
330
10F0
100
AcDbEntity
  8
0
100
AcDbLine
 10
-0.471007988289
 20
-0.401992836012
 30
0.0
 11
-0.465409646883
 21
-0.4065109743779999
 31
0.0
  0
LINE
  5
906
330
10F0
100
AcDbEntity
  8
0
100
AcDbLine
 10
-0.465409646883
 20
-0.4065109743779999
 30
0.0
 11
-0.4622715791460001
 21
-0.4070861998470001
 31
0.0
  0
LINE
  5
907
330
10F0
100
AcDbEntity
  8
0
100
AcDbLine
 10
-0.4622715791460001
 20
-0.4070861998470001
 30
0.0
 11
-0.459818946369
 21
-0.406877470137
 31
0.0
  0
LINE
  5
908
330
10F0
100
AcDbEntity
  8
0
100
AcDbLine
 10
-0.459818946369
 20
-0.406877470137
 30
0.0
 11
-0.456562191357
 21
-0.4050247902659999
 31
0.0
  0
LINE
  5
909
330
10F0
100
AcDbEntity
  8
0
100
AcDbLine
 10
-0.456562191357
 20
-0.4050247902659999
 30
0.0
 11
-0.455543800956
 21
-0.4032589498469999
 31
0.0
  0
LINE
  5
90A
330
10F0
100
AcDbEntity
  8
0
100
AcDbLine
 10
-0.163791575793
 20
-0.39115943577
 30
0.0
 11
-0.1625282601029999
 21
-0.388407476322
 31
0.0
  0
LINE
  5
90B
330
10F0
100
AcDbEntity
  8
0
100
AcDbLine
 10
-0.1625282601029999
 20
-0.388407476322
 30
0.0
 11
-0.1634471709209999
 21
-0.381478842351
 31
0.0
  0
LINE
  5
90C
330
10F0
100
AcDbEntity
  8
0
100
AcDbLine
 10
-0.1634471709209999
 20
-0.381478842351
 30
0.0
 11
-0.166503837303
 21
-0.372121131051
 31
0.0
  0
LINE
  5
90D
330
10F0
100
AcDbEntity
  8
0
100
AcDbLine
 10
-0.166503837303
 20
-0.372121131051
 30
0.0
 11
-0.1689114820320001
 21
-0.365282304777
 31
0.0
  0
LINE
  5
90E
330
10F0
100
AcDbEntity
  8
0
100
AcDbLine
 10
-0.1689114820320001
 20
-0.365282304777
 30
0.0
 11
-0.1783841928389999
 21
-0.336779629254
 31
0.0
  0
LINE
  5
90F
330
10F0
100
AcDbEntity
  8
0
100
AcDbLine
 10
-0.1783841928389999
 20
-0.336779629254
 30
0.0
 11
-0.195030581976
 21
-0.27578210265
 31
0.0
  0
LINE
  5
910
330
10F0
100
AcDbEntity
  8
0
100
AcDbLine
 10
-0.195030581976
 20
-0.27578210265
 30
0.0
 11
-0.208261652283
 21
-0.2111705480969999
 31
0.0
  0
LINE
  5
911
330
10F0
100
AcDbEntity
  8
0
100
AcDbLine
 10
-0.208261652283
 20
-0.2111705480969999
 30
0.0
 11
-0.217657474488
 21
-0.144995609547
 31
0.0
  0
LINE
  5
912
330
10F0
100
AcDbEntity
  8
0
100
AcDbLine
 10
-0.217657474488
 20
-0.144995609547
 30
0.0
 11
-0.2207859383790001
 21
-0.111962699847
 31
0.0
  0
LINE
  5
913
330
10F0
100
AcDbEntity
  8
0
100
AcDbLine
 10
-0.2207859383790001
 20
-0.111962699847
 30
0.0
 11
-0.2215802917710001
 21
-0.1024815980069999
 31
0.0
  0
LINE
  5
914
330
10F0
100
AcDbEntity
  8
0
100
AcDbLine
 10
-0.2215802917710001
 20
-0.1024815980069999
 30
0.0
 11
-0.222721026597
 21
-0.0909164411730001
 31
0.0
  0
LINE
  5
915
330
10F0
100
AcDbEntity
  8
0
100
AcDbLine
 10
-0.222721026597
 20
-0.0909164411730001
 30
0.0
 11
-0.223316315361
 21
-0.0862591218839999
 31
0.0
  0
LINE
  5
916
330
10F0
100
AcDbEntity
  8
0
100
AcDbLine
 10
-0.223316315361
 20
-0.0862591218839999
 30
0.0
 11
-0.223530627753
 21
-0.0851759029709999
 31
0.0
  0
LINE
  5
917
330
10F0
100
AcDbEntity
  8
0
100
AcDbLine
 10
-0.223530627753
 20
-0.0851759029709999
 30
0.0
 11
-0.225480021381
 21
-0.0825489619199999
 31
0.0
  0
LINE
  5
918
330
10F0
100
AcDbEntity
  8
0
100
AcDbLine
 10
-0.225480021381
 20
-0.0825489619199999
 30
0.0
 11
-0.23250771819
 21
-0.081096071481
 31
0.0
  0
LINE
  5
919
330
10F0
100
AcDbEntity
  8
0
100
AcDbLine
 10
-0.23250771819
 20
-0.081096071481
 30
0.0
 11
-0.235601248644
 21
-0.08268044922
 31
0.0
  0
LINE
  5
91A
330
10F0
100
AcDbEntity
  8
0
100
AcDbLine
 10
-0.235601248644
 20
-0.08268044922
 30
0.0
 11
-0.2366488435139999
 21
-0.084391146621
 31
0.0
  0
LINE
  5
91B
330
10F0
100
AcDbEntity
  8
0
100
AcDbLine
 10
-0.2366488435139999
 20
-0.084391146621
 30
0.0
 11
-0.2393970573600001
 21
-0.0921065203079999
 31
0.0
  0
LINE
  5
91C
330
10F0
100
AcDbEntity
  8
0
100
AcDbLine
 10
-0.2393970573600001
 20
-0.0921065203079999
 30
0.0
 11
-0.2428100288099999
 21
-0.1045908907379999
 31
0.0
  0
LINE
  5
91D
330
10F0
100
AcDbEntity
  8
0
100
AcDbLine
 10
-0.2428100288099999
 20
-0.1045908907379999
 30
0.0
 11
-0.246640633182
 21
-0.1206966867659999
 31
0.0
  0
LINE
  5
91E
330
10F0
100
AcDbEntity
  8
0
100
AcDbLine
 10
-0.246640633182
 20
-0.1206966867659999
 30
0.0
 11
-0.2526290036820001
 21
-0.149135244795
 31
0.0
  0
LINE
  5
91F
330
10F0
100
AcDbEntity
  8
0
100
AcDbLine
 10
-0.2526290036820001
 20
-0.149135244795
 30
0.0
 11
-0.259768682424
 21
-0.1890176630489999
 31
0.0
  0
LINE
  5
920
330
10F0
100
AcDbEntity
  8
0
100
AcDbLine
 10
-0.259768682424
 20
-0.1890176630489999
 30
0.0
 11
-0.262420418952
 21
-0.2072186998469999
 31
0.0
  0
LINE
  5
921
330
10F0
100
AcDbEntity
  8
0
100
AcDbLine
 10
-0.262420418952
 20
-0.2072186998469999
 30
0.0
 11
-0.265504964724
 21
-0.234155819196
 31
0.0
  0
LINE
  5
922
330
10F0
100
AcDbEntity
  8
0
100
AcDbLine
 10
-0.265504964724
 20
-0.234155819196
 30
0.0
 11
-0.268832067993
 21
-0.2753185019039999
 31
0.0
  0
LINE
  5
923
330
10F0
100
AcDbEntity
  8
0
100
AcDbLine
 10
-0.268832067993
 20
-0.2753185019039999
 30
0.0
 11
-0.269934230943
 21
-0.2999051607419999
 31
0.0
  0
LINE
  5
924
330
10F0
100
AcDbEntity
  8
0
100
AcDbLine
 10
-0.269934230943
 20
-0.2999051607419999
 30
0.0
 11
-0.270086402403
 21
-0.310478005206
 31
0.0
  0
LINE
  5
925
330
10F0
100
AcDbEntity
  8
0
100
AcDbLine
 10
-0.270086402403
 20
-0.310478005206
 30
0.0
 11
-0.270108
 21
-0.335491312266
 31
0.0
  0
LINE
  5
926
330
10F0
100
AcDbEntity
  8
0
100
AcDbLine
 10
-0.270108
 20
-0.335491312266
 30
0.0
 11
-0.2569252499999999
 21
-0.3455190083429999
 31
0.0
  0
LINE
  5
927
330
10F0
100
AcDbEntity
  8
0
100
AcDbLine
 10
-0.2569252499999999
 20
-0.3455190083429999
 30
0.0
 11
-0.243867416337
 21
-0.355011665076
 31
0.0
  0
LINE
  5
928
330
10F0
100
AcDbEntity
  8
0
100
AcDbLine
 10
-0.243867416337
 20
-0.355011665076
 30
0.0
 11
-0.2309849999999999
 21
-0.3637529935109999
 31
0.0
  0
LINE
  5
929
330
10F0
100
AcDbEntity
  8
0
100
AcDbLine
 10
-0.2309849999999999
 20
-0.3637529935109999
 30
0.0
 11
-0.223374688578
 21
-0.368434761273
 31
0.0
  0
LINE
  5
92A
330
10F0
100
AcDbEntity
  8
0
100
AcDbLine
 10
-0.223374688578
 20
-0.368434761273
 30
0.0
 11
-0.205009898211
 21
-0.378779186952
 31
0.0
  0
LINE
  5
92B
330
10F0
100
AcDbEntity
  8
0
100
AcDbLine
 10
-0.205009898211
 20
-0.378779186952
 30
0.0
 11
-0.186660959463
 21
-0.388257701571
 31
0.0
  0
LINE
  5
92C
330
10F0
100
AcDbEntity
  8
0
100
AcDbLine
 10
-0.186660959463
 20
-0.388257701571
 30
0.0
 11
-0.1759473606509999
 21
-0.3932291462309999
 31
0.0
  0
LINE
  5
92D
330
10F0
100
AcDbEntity
  8
0
100
AcDbLine
 10
-0.1759473606509999
 20
-0.3932291462309999
 30
0.0
 11
-0.171439960698
 21
-0.3949142435819999
 31
0.0
  0
LINE
  5
92E
330
10F0
100
AcDbEntity
  8
0
100
AcDbLine
 10
-0.171439960698
 20
-0.3949142435819999
 30
0.0
 11
-0.170213463153
 21
-0.395145756486
 31
0.0
  0
LINE
  5
92F
330
10F0
100
AcDbEntity
  8
0
100
AcDbLine
 10
-0.170213463153
 20
-0.395145756486
 30
0.0
 11
-0.1667589873030001
 21
-0.3940078164029999
 31
0.0
  0
LINE
  5
930
330
10F0
100
AcDbEntity
  8
0
100
AcDbLine
 10
-0.1667589873030001
 20
-0.3940078164029999
 30
0.0
 11
-0.163791575793
 21
-0.39115943577
 31
0.0
  0
LINE
  5
931
330
10F0
100
AcDbEntity
  8
0
100
AcDbLine
 10
-0.647971650864
 20
-0.378354544209
 30
0.0
 11
-0.6473580678449999
 21
-0.3775615039889999
 31
0.0
  0
LINE
  5
932
330
10F0
100
AcDbEntity
  8
0
100
AcDbLine
 10
-0.6473580678449999
 20
-0.3775615039889999
 30
0.0
 11
-0.6454264445639999
 21
-0.373347206748
 31
0.0
  0
LINE
  5
933
330
10F0
100
AcDbEntity
  8
0
100
AcDbLine
 10
-0.6454264445639999
 20
-0.373347206748
 30
0.0
 11
-0.641360874258
 21
-0.362049550875
 31
0.0
  0
LINE
  5
934
330
10F0
100
AcDbEntity
  8
0
100
AcDbLine
 10
-0.641360874258
 20
-0.362049550875
 30
0.0
 11
-0.63833296158
 21
-0.3524403416219999
 31
0.0
  0
LINE
  5
935
330
10F0
100
AcDbEntity
  8
0
100
AcDbLine
 10
-0.63833296158
 20
-0.3524403416219999
 30
0.0
 11
-0.6312072157290001
 21
-0.329815509021
 31
0.0
  0
LINE
  5
936
330
10F0
100
AcDbEntity
  8
0
100
AcDbLine
 10
-0.6312072157290001
 20
-0.329815509021
 30
0.0
 11
-0.615568162194
 21
-0.2872798539569999
 31
0.0
  0
LINE
  5
937
330
10F0
100
AcDbEntity
  8
0
100
AcDbLine
 10
-0.615568162194
 20
-0.2872798539569999
 30
0.0
 11
-0.6065640666809999
 21
-0.266034171744
 31
0.0
  0
LINE
  5
938
330
10F0
100
AcDbEntity
  8
0
100
AcDbLine
 10
-0.6065640666809999
 20
-0.266034171744
 30
0.0
 11
-0.5964860414159999
 21
-0.2432016453419999
 31
0.0
  0
LINE
  5
939
330
10F0
100
AcDbEntity
  8
0
100
AcDbLine
 10
-0.5964860414159999
 20
-0.2432016453419999
 30
0.0
 11
-0.6050103375599999
 21
-0.218406171744
 31
0.0
  0
LINE
  5
93A
330
10F0
100
AcDbEntity
  8
0
100
AcDbLine
 10
-0.6050103375599999
 20
-0.218406171744
 30
0.0
 11
-0.6115581465479999
 21
-0.198708965964
 31
0.0
  0
LINE
  5
93B
330
10F0
100
AcDbEntity
  8
0
100
AcDbLine
 10
-0.6115581465479999
 20
-0.198708965964
 30
0.0
 11
-0.622255718538
 21
-0.162065068002
 31
0.0
  0
LINE
  5
93C
330
10F0
100
AcDbEntity
  8
0
100
AcDbLine
 10
-0.622255718538
 20
-0.162065068002
 30
0.0
 11
-0.6302327128290001
 21
-0.1269920622509999
 31
0.0
  0
LINE
  5
93D
330
10F0
100
AcDbEntity
  8
0
100
AcDbLine
 10
-0.6302327128290001
 20
-0.1269920622509999
 30
0.0
 11
-0.636061313502
 21
-0.0909741918240001
 31
0.0
  0
LINE
  5
93E
330
10F0
100
AcDbEntity
  8
0
100
AcDbLine
 10
-0.636061313502
 20
-0.0909741918240001
 30
0.0
 11
-0.638348772375
 21
-0.0718247624760001
 31
0.0
  0
LINE
  5
93F
330
10F0
100
AcDbEntity
  8
0
100
AcDbLine
 10
-0.638348772375
 20
-0.0718247624760001
 30
0.0
 11
-0.638866466622
 21
-0.067043899557
 31
0.0
  0
LINE
  5
940
330
10F0
100
AcDbEntity
  8
0
100
AcDbLine
 10
-0.638866466622
 20
-0.067043899557
 30
0.0
 11
-0.639770980176
 21
-0.059138155053
 31
0.0
  0
LINE
  5
941
330
10F0
100
AcDbEntity
  8
0
100
AcDbLine
 10
-0.639770980176
 20
-0.059138155053
 30
0.0
 11
-0.6409684858770001
 21
-0.0508545231929999
 31
0.0
  0
LINE
  5
942
330
10F0
100
AcDbEntity
  8
0
100
AcDbLine
 10
-0.6409684858770001
 20
-0.0508545231929999
 30
0.0
 11
-0.642738068496
 21
-0.044901075924
 31
0.0
  0
LINE
  5
943
330
10F0
100
AcDbEntity
  8
0
100
AcDbLine
 10
-0.642738068496
 20
-0.044901075924
 30
0.0
 11
-0.645362051508
 21
-0.0425567186009999
 31
0.0
  0
LINE
  5
944
330
10F0
100
AcDbEntity
  8
0
100
AcDbLine
 10
-0.645362051508
 20
-0.0425567186009999
 30
0.0
 11
-0.6472183460039999
 21
-0.0419846603939998
 31
0.0
  0
LINE
  5
945
330
10F0
100
AcDbEntity
  8
0
100
AcDbLine
 10
-0.6472183460039999
 20
-0.0419846603939998
 30
0.0
 11
-0.649758207762
 21
-0.0418386125339998
 31
0.0
  0
LINE
  5
946
330
10F0
100
AcDbEntity
  8
0
100
AcDbLine
 10
-0.649758207762
 20
-0.0418386125339998
 30
0.0
 11
-0.6542695353239999
 21
-0.044205016518
 31
0.0
  0
LINE
  5
947
330
10F0
100
AcDbEntity
  8
0
100
AcDbLine
 10
-0.6542695353239999
 20
-0.044205016518
 30
0.0
 11
-0.658729407636
 21
-0.048116631015
 31
0.0
  0
LINE
  5
948
330
10F0
100
AcDbEntity
  8
0
100
AcDbLine
 10
-0.658729407636
 20
-0.048116631015
 30
0.0
 11
-0.6616482300809999
 21
-0.0509295934259999
 31
0.0
  0
LINE
  5
949
330
10F0
100
AcDbEntity
  8
0
100
AcDbLine
 10
-0.6616482300809999
 20
-0.0509295934259999
 30
0.0
 11
-0.670023768672
 21
-0.0594664599600001
 31
0.0
  0
LINE
  5
94A
330
10F0
100
AcDbEntity
  8
0
100
AcDbLine
 10
-0.670023768672
 20
-0.0594664599600001
 30
0.0
 11
-0.688529328696
 21
-0.0800827483589999
 31
0.0
  0
LINE
  5
94B
330
10F0
100
AcDbEntity
  8
0
100
AcDbLine
 10
-0.688529328696
 20
-0.0800827483589999
 30
0.0
 11
-0.707678676396
 21
-0.103361310981
 31
0.0
  0
LINE
  5
94C
330
10F0
100
AcDbEntity
  8
0
100
AcDbLine
 10
-0.707678676396
 20
-0.103361310981
 30
0.0
 11
-0.7254371912400001
 21
-0.12682879857
 31
0.0
  0
LINE
  5
94D
330
10F0
100
AcDbEntity
  8
0
100
AcDbLine
 10
-0.7254371912400001
 20
-0.12682879857
 30
0.0
 11
-0.733159066149
 21
-0.137860467372
 31
0.0
  0
LINE
  5
94E
330
10F0
100
AcDbEntity
  8
0
100
AcDbLine
 10
-0.733159066149
 20
-0.137860467372
 30
0.0
 11
-0.7426355055480001
 21
-0.151851234897
 31
0.0
  0
LINE
  5
94F
330
10F0
100
AcDbEntity
  8
0
100
AcDbLine
 10
-0.7426355055480001
 20
-0.151851234897
 30
0.0
 11
-0.739370352699
 21
-0.166777467372
 31
0.0
  0
LINE
  5
950
330
10F0
100
AcDbEntity
  8
0
100
AcDbLine
 10
-0.739370352699
 20
-0.166777467372
 30
0.0
 11
-0.734131568673
 21
-0.189079035129
 31
0.0
  0
LINE
  5
951
330
10F0
100
AcDbEntity
  8
0
100
AcDbLine
 10
-0.734131568673
 20
-0.189079035129
 30
0.0
 11
-0.721625401629
 21
-0.2330276428530001
 31
0.0
  0
LINE
  5
952
330
10F0
100
AcDbEntity
  8
0
100
AcDbLine
 10
-0.721625401629
 20
-0.2330276428530001
 30
0.0
 11
-0.706354648614
 21
-0.276272854758
 31
0.0
  0
LINE
  5
953
330
10F0
100
AcDbEntity
  8
0
100
AcDbLine
 10
-0.706354648614
 20
-0.276272854758
 30
0.0
 11
-0.6882475682520001
 21
-0.3190178365829999
 31
0.0
  0
LINE
  5
954
330
10F0
100
AcDbEntity
  8
0
100
AcDbLine
 10
-0.6882475682520001
 20
-0.3190178365829999
 30
0.0
 11
-0.678107983797
 21
-0.34026623019
 31
0.0
  0
LINE
  5
955
330
10F0
100
AcDbEntity
  8
0
100
AcDbLine
 10
-0.678107983797
 20
-0.34026623019
 30
0.0
 11
-0.6746335177949999
 21
-0.3472549945109999
 31
0.0
  0
LINE
  5
956
330
10F0
100
AcDbEntity
  8
0
100
AcDbLine
 10
-0.6746335177949999
 20
-0.3472549945109999
 30
0.0
 11
-0.668734905663
 21
-0.3588660596339999
 31
0.0
  0
LINE
  5
957
330
10F0
100
AcDbEntity
  8
0
100
AcDbLine
 10
-0.668734905663
 20
-0.3588660596339999
 30
0.0
 11
-0.664024442031
 21
-0.367590128022
 31
0.0
  0
LINE
  5
958
330
10F0
100
AcDbEntity
  8
0
100
AcDbLine
 10
-0.664024442031
 20
-0.367590128022
 30
0.0
 11
-0.660247393644
 21
-0.3737491479449999
 31
0.0
  0
LINE
  5
959
330
10F0
100
AcDbEntity
  8
0
100
AcDbLine
 10
-0.660247393644
 20
-0.3737491479449999
 30
0.0
 11
-0.655774745121
 21
-0.378882478476
 31
0.0
  0
LINE
  5
95A
330
10F0
100
AcDbEntity
  8
0
100
AcDbLine
 10
-0.655774745121
 20
-0.378882478476
 30
0.0
 11
-0.6507006570180001
 21
-0.379754115102
 31
0.0
  0
LINE
  5
95B
330
10F0
100
AcDbEntity
  8
0
100
AcDbLine
 10
-0.6507006570180001
 20
-0.379754115102
 30
0.0
 11
-0.647971650864
 21
-0.378354544209
 31
0.0
  0
LINE
  5
95C
330
10F0
100
AcDbEntity
  8
0
100
AcDbLine
 10
0.2203738514189999
 20
-0.370702901889
 30
0.0
 11
0.2316969389430008
 21
-0.363582791451
 31
0.0
  0
LINE
  5
95D
330
10F0
100
AcDbEntity
  8
0
100
AcDbLine
 10
0.2316969389430008
 20
-0.363582791451
 30
0.0
 11
0.2571676670160002
 21
-0.345489776658
 31
0.0
  0
LINE
  5
95E
330
10F0
100
AcDbEntity
  8
0
100
AcDbLine
 10
0.2571676670160002
 20
-0.345489776658
 30
0.0
 11
0.275426678997
 21
-0.331183164051
 31
0.0
  0
LINE
  5
95F
330
10F0
100
AcDbEntity
  8
0
100
AcDbLine
 10
0.275426678997
 20
-0.331183164051
 30
0.0
 11
0.2856186117270001
 21
-0.322548991812
 31
0.0
  0
LINE
  5
960
330
10F0
100
AcDbEntity
  8
0
100
AcDbLine
 10
0.2856186117270001
 20
-0.322548991812
 30
0.0
 11
0.2932435772640004
 21
-0.315418219506
 31
0.0
  0
LINE
  5
961
330
10F0
100
AcDbEntity
  8
0
100
AcDbLine
 10
0.2932435772640004
 20
-0.315418219506
 30
0.0
 11
0.2974595346810003
 21
-0.310459887855
 31
0.0
  0
LINE
  5
962
330
10F0
100
AcDbEntity
  8
0
100
AcDbLine
 10
0.2974595346810003
 20
-0.310459887855
 30
0.0
 11
0.2980260000000003
 21
-0.309004462926
 31
0.0
  0
LINE
  5
963
330
10F0
100
AcDbEntity
  8
0
100
AcDbLine
 10
0.2980260000000003
 20
-0.309004462926
 30
0.0
 11
0.2971515805380002
 21
-0.3066273205289999
 31
0.0
  0
LINE
  5
964
330
10F0
100
AcDbEntity
  8
0
100
AcDbLine
 10
0.2971515805380002
 20
-0.3066273205289999
 30
0.0
 11
0.2950492500000003
 21
-0.30358067814
 31
0.0
  0
LINE
  5
965
330
10F0
100
AcDbEntity
  8
0
100
AcDbLine
 10
0.2950492500000003
 20
-0.30358067814
 30
0.0
 11
0.2939842879200003
 21
-0.302518929249
 31
0.0
  0
LINE
  5
966
330
10F0
100
AcDbEntity
  8
0
100
AcDbLine
 10
0.2939842879200003
 20
-0.302518929249
 30
0.0
 11
0.2907080785710003
 21
-0.3009418011719999
 31
0.0
  0
LINE
  5
967
330
10F0
100
AcDbEntity
  8
0
100
AcDbLine
 10
0.2907080785710003
 20
-0.3009418011719999
 30
0.0
 11
0.2843357192280001
 21
-0.299816252874
 31
0.0
  0
LINE
  5
968
330
10F0
100
AcDbEntity
  8
0
100
AcDbLine
 10
0.2843357192280001
 20
-0.299816252874
 30
0.0
 11
0.272985883479
 21
-0.298809983799
 31
0.0
  0
LINE
  5
969
330
10F0
100
AcDbEntity
  8
0
100
AcDbLine
 10
0.272985883479
 20
-0.298809983799
 30
0.0
 11
0.2648565000000002
 21
-0.29824773696
 31
0.0
  0
LINE
  5
96A
330
10F0
100
AcDbEntity
  8
0
100
AcDbLine
 10
0.2648565000000002
 20
-0.29824773696
 30
0.0
 11
0.2331180581040002
 21
-0.29559589497
 31
0.0
  0
LINE
  5
96B
330
10F0
100
AcDbEntity
  8
0
100
AcDbLine
 10
0.2331180581040002
 20
-0.29559589497
 30
0.0
 11
0.1688116986719999
 21
-0.2870703485909999
 31
0.0
  0
LINE
  5
96C
330
10F0
100
AcDbEntity
  8
0
100
AcDbLine
 10
0.1688116986719999
 20
-0.2870703485909999
 30
0.0
 11
0.1048238684999999
 21
-0.2745281968919999
 31
0.0
  0
LINE
  5
96D
330
10F0
100
AcDbEntity
  8
0
100
AcDbLine
 10
0.1048238684999999
 20
-0.2745281968919999
 30
0.0
 11
0.0428639603220001
 21
-0.2583044977499999
 31
0.0
  0
LINE
  5
96E
330
10F0
100
AcDbEntity
  8
0
100
AcDbLine
 10
0.0428639603220001
 20
-0.2583044977499999
 30
0.0
 11
0.013178661147
 21
-0.248916770604
 31
0.0
  0
LINE
  5
96F
330
10F0
100
AcDbEntity
  8
0
100
AcDbLine
 10
0.013178661147
 20
-0.248916770604
 30
0.0
 11
0.004984134471
 21
-0.246265753599
 31
0.0
  0
LINE
  5
970
330
10F0
100
AcDbEntity
  8
0
100
AcDbLine
 10
0.004984134471
 20
-0.246265753599
 30
0.0
 11
-0.005361095781
 21
-0.2432593551689999
 31
0.0
  0
LINE
  5
971
330
10F0
100
AcDbEntity
  8
0
100
AcDbLine
 10
-0.005361095781
 20
-0.2432593551689999
 30
0.0
 11
-0.0098036434080001
 21
-0.24222855087
 31
0.0
  0
LINE
  5
972
330
10F0
100
AcDbEntity
  8
0
100
AcDbLine
 10
-0.0098036434080001
 20
-0.24222855087
 30
0.0
 11
-0.010991230578
 21
-0.242089199847
 31
0.0
  0
LINE
  5
973
330
10F0
100
AcDbEntity
  8
0
100
AcDbLine
 10
-0.010991230578
 20
-0.242089199847
 30
0.0
 11
-0.014082901839
 21
-0.2430148908509999
 31
0.0
  0
LINE
  5
974
330
10F0
100
AcDbEntity
  8
0
100
AcDbLine
 10
-0.014082901839
 20
-0.2430148908509999
 30
0.0
 11
-0.01777424364
 21
-0.248611783005
 31
0.0
  0
LINE
  5
975
330
10F0
100
AcDbEntity
  8
0
100
AcDbLine
 10
-0.01777424364
 20
-0.248611783005
 30
0.0
 11
-0.017578681371
 21
-0.252077230305
 31
0.0
  0
LINE
  5
976
330
10F0
100
AcDbEntity
  8
0
100
AcDbLine
 10
-0.017578681371
 20
-0.252077230305
 30
0.0
 11
-0.0165662172539999
 21
-0.253590026562
 31
0.0
  0
LINE
  5
977
330
10F0
100
AcDbEntity
  8
0
100
AcDbLine
 10
-0.0165662172539999
 20
-0.253590026562
 30
0.0
 11
-0.0109089413010001
 21
-0.25878057363
 31
0.0
  0
LINE
  5
978
330
10F0
100
AcDbEntity
  8
0
100
AcDbLine
 10
-0.0109089413010001
 20
-0.25878057363
 30
0.0
 11
-0.001115095302
 21
-0.26637295311
 31
0.0
  0
LINE
  5
979
330
10F0
100
AcDbEntity
  8
0
100
AcDbLine
 10
-0.001115095302
 20
-0.26637295311
 30
0.0
 11
0.011967450489
 21
-0.2757854247029999
 31
0.0
  0
LINE
  5
97A
330
10F0
100
AcDbEntity
  8
0
100
AcDbLine
 10
0.011967450489
 20
-0.2757854247029999
 30
0.0
 11
0.0534977141940001
 21
-0.3034618530840001
 31
0.0
  0
LINE
  5
97B
330
10F0
100
AcDbEntity
  8
0
100
AcDbLine
 10
0.0534977141940001
 20
-0.3034618530840001
 30
0.0
 11
0.088803
 21
-0.325067346126
 31
0.0
  0
LINE
  5
97C
330
10F0
100
AcDbEntity
  8
0
100
AcDbLine
 10
0.088803
 20
-0.325067346126
 30
0.0
 11
0.104075527158
 21
-0.333671859729
 31
0.0
  0
LINE
  5
97D
330
10F0
100
AcDbEntity
  8
0
100
AcDbLine
 10
0.104075527158
 20
-0.333671859729
 30
0.0
 11
0.1388646938430001
 21
-0.351910413783
 31
0.0
  0
LINE
  5
97E
330
10F0
100
AcDbEntity
  8
0
100
AcDbLine
 10
0.1388646938430001
 20
-0.351910413783
 30
0.0
 11
0.1645415218799999
 21
-0.36448838514
 31
0.0
  0
LINE
  5
97F
330
10F0
100
AcDbEntity
  8
0
100
AcDbLine
 10
0.1645415218799999
 20
-0.36448838514
 30
0.0
 11
0.1794957460110001
 21
-0.37139621418
 31
0.0
  0
LINE
  5
980
330
10F0
100
AcDbEntity
  8
0
100
AcDbLine
 10
0.1794957460110001
 20
-0.37139621418
 30
0.0
 11
0.1914957379800001
 21
-0.3765289340519999
 31
0.0
  0
LINE
  5
981
330
10F0
100
AcDbEntity
  8
0
100
AcDbLine
 10
0.1914957379800001
 20
-0.3765289340519999
 30
0.0
 11
0.1994929537590001
 21
-0.379378158381
 31
0.0
  0
LINE
  5
982
330
10F0
100
AcDbEntity
  8
0
100
AcDbLine
 10
0.1994929537590001
 20
-0.379378158381
 30
0.0
 11
0.2016628514190001
 21
-0.37978758738
 31
0.0
  0
LINE
  5
983
330
10F0
100
AcDbEntity
  8
0
100
AcDbLine
 10
0.2016628514190001
 20
-0.37978758738
 30
0.0
 11
0.202612383639
 21
-0.379617075738
 31
0.0
  0
LINE
  5
984
330
10F0
100
AcDbEntity
  8
0
100
AcDbLine
 10
0.202612383639
 20
-0.379617075738
 30
0.0
 11
0.2060860348620001
 21
-0.378262540521
 31
0.0
  0
LINE
  5
985
330
10F0
100
AcDbEntity
  8
0
100
AcDbLine
 10
0.2060860348620001
 20
-0.378262540521
 30
0.0
 11
0.2140818132960001
 21
-0.3742558724429999
 31
0.0
  0
LINE
  5
986
330
10F0
100
AcDbEntity
  8
0
100
AcDbLine
 10
0.2140818132960001
 20
-0.3742558724429999
 30
0.0
 11
0.2203738514189999
 21
-0.370702901889
 31
0.0
  0
LINE
  5
987
330
10F0
100
AcDbEntity
  8
0
100
AcDbLine
 10
-0.2993256364410001
 20
-0.298647449847
 30
0.0
 11
-0.298283418432
 21
-0.2975806728
 31
0.0
  0
LINE
  5
988
330
10F0
100
AcDbEntity
  8
0
100
AcDbLine
 10
-0.298283418432
 20
-0.2975806728
 30
0.0
 11
-0.296721779661
 21
-0.294265561581
 31
0.0
  0
LINE
  5
989
330
10F0
100
AcDbEntity
  8
0
100
AcDbLine
 10
-0.296721779661
 20
-0.294265561581
 30
0.0
 11
-0.295588729953
 21
-0.287856375588
 31
0.0
  0
LINE
  5
98A
330
10F0
100
AcDbEntity
  8
0
100
AcDbLine
 10
-0.295588729953
 20
-0.287856375588
 30
0.0
 11
-0.294562091403
 21
-0.276530711049
 31
0.0
  0
LINE
  5
98B
330
10F0
100
AcDbEntity
  8
0
100
AcDbLine
 10
-0.294562091403
 20
-0.276530711049
 30
0.0
 11
-0.293987997099
 21
-0.2684546998469999
 31
0.0
  0
LINE
  5
98C
330
10F0
100
AcDbEntity
  8
0
100
AcDbLine
 10
-0.293987997099
 20
-0.2684546998469999
 30
0.0
 11
-0.29127262446
 21
-0.236500171416
 31
0.0
  0
LINE
  5
98D
330
10F0
100
AcDbEntity
  8
0
100
AcDbLine
 10
-0.29127262446
 20
-0.236500171416
 30
0.0
 11
-0.282685661775
 21
-0.17202686904
 31
0.0
  0
LINE
  5
98E
330
10F0
100
AcDbEntity
  8
0
100
AcDbLine
 10
-0.282685661775
 20
-0.17202686904
 30
0.0
 11
-0.2701489209570001
 21
-0.1081190522069999
 31
0.0
  0
LINE
  5
98F
330
10F0
100
AcDbEntity
  8
0
100
AcDbLine
 10
-0.2701489209570001
 20
-0.1081190522069999
 30
0.0
 11
-0.2539726167779999
 21
-0.0463580912879999
 31
0.0
  0
LINE
  5
990
330
10F0
100
AcDbEntity
  8
0
100
AcDbLine
 10
-0.2539726167779999
 20
-0.0463580912879999
 30
0.0
 11
-0.244616570757
 21
-0.0167768609939998
 31
0.0
  0
LINE
  5
991
330
10F0
100
AcDbEntity
  8
0
100
AcDbLine
 10
-0.244616570757
 20
-0.0167768609939998
 30
0.0
 11
-0.2419655537520001
 21
-0.008582334318
 31
0.0
  0
LINE
  5
992
330
10F0
100
AcDbEntity
  8
0
100
AcDbLine
 10
-0.2419655537520001
 20
-0.008582334318
 30
0.0
 11
-0.2389591553219999
 21
0.0017628959340002
 31
0.0
  0
LINE
  5
993
330
10F0
100
AcDbEntity
  8
0
100
AcDbLine
 10
-0.2389591553219999
 20
0.0017628959340002
 30
0.0
 11
-0.2379283510230001
 21
0.0062054435610001
 31
0.0
  0
LINE
  5
994
330
10F0
100
AcDbEntity
  8
0
100
AcDbLine
 10
-0.2379283510230001
 20
0.0062054435610001
 30
0.0
 11
-0.2377889999999999
 21
0.007393030731
 31
0.0
  0
LINE
  5
995
330
10F0
100
AcDbEntity
  8
0
100
AcDbLine
 10
-0.2377889999999999
 20
0.007393030731
 30
0.0
 11
-0.2387146910039999
 21
0.0104847019919999
 31
0.0
  0
LINE
  5
996
330
10F0
100
AcDbEntity
  8
0
100
AcDbLine
 10
-0.2387146910039999
 20
0.0104847019919999
 30
0.0
 11
-0.244311583158
 21
0.0141760437930001
 31
0.0
  0
LINE
  5
997
330
10F0
100
AcDbEntity
  8
0
100
AcDbLine
 10
-0.244311583158
 20
0.0141760437930001
 30
0.0
 11
-0.247777030458
 21
0.0139804815240001
 31
0.0
  0
LINE
  5
998
330
10F0
100
AcDbEntity
  8
0
100
AcDbLine
 10
-0.247777030458
 20
0.0139804815240001
 30
0.0
 11
-0.249289629399
 21
0.0129681568890002
 31
0.0
  0
LINE
  5
999
330
10F0
100
AcDbEntity
  8
0
100
AcDbLine
 10
-0.249289629399
 20
0.0129681568890002
 30
0.0
 11
-0.2544795607050001
 21
0.0073116072630001
 31
0.0
  0
LINE
  5
99A
330
10F0
100
AcDbEntity
  8
0
100
AcDbLine
 10
-0.2544795607050001
 20
0.0073116072630001
 30
0.0
 11
-0.2620711951469999
 21
-0.002481177312
 31
0.0
  0
LINE
  5
99B
330
10F0
100
AcDbEntity
  8
0
100
AcDbLine
 10
-0.2620711951469999
 20
-0.002481177312
 30
0.0
 11
-0.271482998247
 21
-0.015562632762
 31
0.0
  0
LINE
  5
99C
330
10F0
100
AcDbEntity
  8
0
100
AcDbLine
 10
-0.271482998247
 20
-0.015562632762
 30
0.0
 11
-0.299159409618
 21
-0.057092073183
 31
0.0
  0
LINE
  5
99D
330
10F0
100
AcDbEntity
  8
0
100
AcDbLine
 10
-0.299159409618
 20
-0.057092073183
 30
0.0
 11
-0.3207682672379999
 21
-0.0924011998469998
 31
0.0
  0
LINE
  5
99E
330
10F0
100
AcDbEntity
  8
0
100
AcDbLine
 10
-0.3207682672379999
 20
-0.0924011998469998
 30
0.0
 11
-0.329366650437
 21
-0.1076755947029999
 31
0.0
  0
LINE
  5
99F
330
10F0
100
AcDbEntity
  8
0
100
AcDbLine
 10
-0.329366650437
 20
-0.1076755947029999
 30
0.0
 11
-0.347664441816
 21
-0.1426513832009999
 31
0.0
  0
LINE
  5
9A0
330
10F0
100
AcDbEntity
  8
0
100
AcDbLine
 10
-0.347664441816
 20
-0.1426513832009999
 30
0.0
 11
-0.3603041118449999
 21
-0.1685232291870001
 31
0.0
  0
LINE
  5
9A1
330
10F0
100
AcDbEntity
  8
0
100
AcDbLine
 10
-0.3603041118449999
 20
-0.1685232291870001
 30
0.0
 11
-0.3672397284209999
 21
-0.183583690974
 31
0.0
  0
LINE
  5
9A2
330
10F0
100
AcDbEntity
  8
0
100
AcDbLine
 10
-0.3672397284209999
 20
-0.183583690974
 30
0.0
 11
-0.372376142865
 21
-0.195639795531
 31
0.0
  0
LINE
  5
9A3
330
10F0
100
AcDbEntity
  8
0
100
AcDbLine
 10
-0.372376142865
 20
-0.195639795531
 30
0.0
 11
-0.375193464939
 21
-0.2036163390569999
 31
0.0
  0
LINE
  5
9A4
330
10F0
100
AcDbEntity
  8
0
100
AcDbLine
 10
-0.375193464939
 20
-0.2036163390569999
 30
0.0
 11
-0.37557
 21
-0.2057387737139999
 31
0.0
  0
LINE
  5
9A5
330
10F0
100
AcDbEntity
  8
0
100
AcDbLine
 10
-0.37557
 20
-0.2057387737139999
 30
0.0
 11
-0.374863828149
 21
-0.208635830163
 31
0.0
  0
LINE
  5
9A6
330
10F0
100
AcDbEntity
  8
0
100
AcDbLine
 10
-0.374863828149
 20
-0.208635830163
 30
0.0
 11
-0.369729681138
 21
-0.2186891330940001
 31
0.0
  0
LINE
  5
9A7
330
10F0
100
AcDbEntity
  8
0
100
AcDbLine
 10
-0.369729681138
 20
-0.2186891330940001
 30
0.0
 11
-0.360778064877
 21
-0.232872188463
 31
0.0
  0
LINE
  5
9A8
330
10F0
100
AcDbEntity
  8
0
100
AcDbLine
 10
-0.360778064877
 20
-0.232872188463
 30
0.0
 11
-0.3493829059829999
 21
-0.2493259954829999
 31
0.0
  0
LINE
  5
9A9
330
10F0
100
AcDbEntity
  8
0
100
AcDbLine
 10
-0.3493829059829999
 20
-0.2493259954829999
 30
0.0
 11
-0.3369181327739999
 21
-0.2661915533670001
 31
0.0
  0
LINE
  5
9AA
330
10F0
100
AcDbEntity
  8
0
100
AcDbLine
 10
-0.3369181327739999
 20
-0.2661915533670001
 30
0.0
 11
-0.324757668465
 21
-0.281609859627
 31
0.0
  0
LINE
  5
9AB
330
10F0
100
AcDbEntity
  8
0
100
AcDbLine
 10
-0.324757668465
 20
-0.281609859627
 30
0.0
 11
-0.3142754430749999
 21
-0.293721911775
 31
0.0
  0
LINE
  5
9AC
330
10F0
100
AcDbEntity
  8
0
100
AcDbLine
 10
-0.3142754430749999
 20
-0.293721911775
 30
0.0
 11
-0.3083416185420001
 21
-0.299517916185
 31
0.0
  0
LINE
  5
9AD
330
10F0
100
AcDbEntity
  8
0
100
AcDbLine
 10
-0.3083416185420001
 20
-0.299517916185
 30
0.0
 11
-0.3056257713239999
 21
-0.3013804856699999
 31
0.0
  0
LINE
  5
9AE
330
10F0
100
AcDbEntity
  8
0
100
AcDbLine
 10
-0.3056257713239999
 20
-0.3013804856699999
 30
0.0
 11
-0.3047042630790001
 21
-0.3016241998470001
 31
0.0
  0
LINE
  5
9AF
330
10F0
100
AcDbEntity
  8
0
100
AcDbLine
 10
-0.3047042630790001
 20
-0.3016241998470001
 30
0.0
 11
-0.302340386781
 21
-0.300749780385
 31
0.0
  0
LINE
  5
9B0
330
10F0
100
AcDbEntity
  8
0
100
AcDbLine
 10
-0.302340386781
 20
-0.300749780385
 30
0.0
 11
-0.2993256364410001
 21
-0.298647449847
 31
0.0
  0
LINE
  5
9B1
330
10F0
100
AcDbEntity
  8
0
100
AcDbLine
 10
0.3437624743920001
 20
-0.258673949847
 30
0.0
 11
0.3518238059640002
 21
-0.247346514567
 31
0.0
  0
LINE
  5
9B2
330
10F0
100
AcDbEntity
  8
0
100
AcDbLine
 10
0.3518238059640002
 20
-0.247346514567
 30
0.0
 11
0.3682294355610001
 21
-0.2215244823659999
 31
0.0
  0
LINE
  5
9B3
330
10F0
100
AcDbEntity
  8
0
100
AcDbLine
 10
0.3682294355610001
 20
-0.2215244823659999
 30
0.0
 11
0.3791240122680002
 21
-0.202353499647
 31
0.0
  0
LINE
  5
9B4
330
10F0
100
AcDbEntity
  8
0
100
AcDbLine
 10
0.3791240122680002
 20
-0.202353499647
 30
0.0
 11
0.384926640372
 21
-0.1910787239249999
 31
0.0
  0
LINE
  5
9B5
330
10F0
100
AcDbEntity
  8
0
100
AcDbLine
 10
0.384926640372
 20
-0.1910787239249999
 30
0.0
 11
0.3890698970490005
 21
-0.181887705522
 31
0.0
  0
LINE
  5
9B6
330
10F0
100
AcDbEntity
  8
0
100
AcDbLine
 10
0.3890698970490005
 20
-0.181887705522
 30
0.0
 11
0.3911328953640004
 21
-0.1755339210989999
 31
0.0
  0
LINE
  5
9B7
330
10F0
100
AcDbEntity
  8
0
100
AcDbLine
 10
0.3911328953640004
 20
-0.1755339210989999
 30
0.0
 11
0.3912527699369999
 21
-0.1736564508539999
 31
0.0
  0
LINE
  5
9B8
330
10F0
100
AcDbEntity
  8
0
100
AcDbLine
 10
0.3912527699369999
 20
-0.1736564508539999
 30
0.0
 11
0.3898761370290004
 21
-0.170540387253
 31
0.0
  0
LINE
  5
9B9
330
10F0
100
AcDbEntity
  8
0
100
AcDbLine
 10
0.3898761370290004
 20
-0.170540387253
 30
0.0
 11
0.3872997616050002
 21
-0.1679211823499999
 31
0.0
  0
LINE
  5
9BA
330
10F0
100
AcDbEntity
  8
0
100
AcDbLine
 10
0.3872997616050002
 20
-0.1679211823499999
 30
0.0
 11
0.3861341853750003
 21
-0.167309967123
 31
0.0
  0
LINE
  5
9BB
330
10F0
100
AcDbEntity
  8
0
100
AcDbLine
 10
0.3861341853750003
 20
-0.167309967123
 30
0.0
 11
0.3829988341350003
 21
-0.166994349975
 31
0.0
  0
LINE
  5
9BC
330
10F0
100
AcDbEntity
  8
0
100
AcDbLine
 10
0.3829988341350003
 20
-0.166994349975
 30
0.0
 11
0.3775505719590003
 21
-0.168151254507
 31
0.0
  0
LINE
  5
9BD
330
10F0
100
AcDbEntity
  8
0
100
AcDbLine
 10
0.3775505719590003
 20
-0.168151254507
 30
0.0
 11
0.3683006173080002
 21
-0.1710968166719999
 31
0.0
  0
LINE
  5
9BE
330
10F0
100
AcDbEntity
  8
0
100
AcDbLine
 10
0.3683006173080002
 20
-0.1710968166719999
 30
0.0
 11
0.3617847616050004
 21
-0.173339136108
 31
0.0
  0
LINE
  5
9BF
330
10F0
100
AcDbEntity
  8
0
100
AcDbLine
 10
0.3617847616050004
 20
-0.173339136108
 30
0.0
 11
0.3323562181740003
 21
-0.182965362165
 31
0.0
  0
LINE
  5
9C0
330
10F0
100
AcDbEntity
  8
0
100
AcDbLine
 10
0.3323562181740003
 20
-0.182965362165
 30
0.0
 11
0.270276547689
 21
-0.199777023864
 31
0.0
  0
LINE
  5
9C1
330
10F0
100
AcDbEntity
  8
0
100
AcDbLine
 10
0.270276547689
 20
-0.199777023864
 30
0.0
 11
0.205626603267
 21
-0.212981662332
 31
0.0
  0
LINE
  5
9C2
330
10F0
100
AcDbEntity
  8
0
100
AcDbLine
 10
0.205626603267
 20
-0.212981662332
 30
0.0
 11
0.1404781910010001
 21
-0.2221561163969999
 31
0.0
  0
LINE
  5
9C3
330
10F0
100
AcDbEntity
  8
0
100
AcDbLine
 10
0.1404781910010001
 20
-0.2221561163969999
 30
0.0
 11
0.1083645000000001
 21
-0.2250997853489999
 31
0.0
  0
LINE
  5
9C4
330
10F0
100
AcDbEntity
  8
0
100
AcDbLine
 10
0.1083645000000001
 20
-0.2250997853489999
 30
0.0
 11
0.0988833981600001
 21
-0.2258604827550001
 31
0.0
  0
LINE
  5
9C5
330
10F0
100
AcDbEntity
  8
0
100
AcDbLine
 10
0.0988833981600001
 20
-0.2258604827550001
 30
0.0
 11
0.0873182413260001
 21
-0.2269741665779999
 31
0.0
  0
LINE
  5
9C6
330
10F0
100
AcDbEntity
  8
0
100
AcDbLine
 10
0.0873182413260001
 20
-0.2269741665779999
 30
0.0
 11
0.0826609220370002
 21
-0.2275696407510001
 31
0.0
  0
LINE
  5
9C7
330
10F0
100
AcDbEntity
  8
0
100
AcDbLine
 10
0.0826609220370002
 20
-0.2275696407510001
 30
0.0
 11
0.0815777031240005
 21
-0.2277901805039999
 31
0.0
  0
LINE
  5
9C8
330
10F0
100
AcDbEntity
  8
0
100
AcDbLine
 10
0.0815777031240005
 20
-0.2277901805039999
 30
0.0
 11
0.078949380861
 21
-0.2297713266989999
 31
0.0
  0
LINE
  5
9C9
330
10F0
100
AcDbEntity
  8
0
100
AcDbLine
 10
0.078949380861
 20
-0.2297713266989999
 30
0.0
 11
0.0774988088850001
 21
-0.236811430602
 31
0.0
  0
LINE
  5
9CA
330
10F0
100
AcDbEntity
  8
0
100
AcDbLine
 10
0.0774988088850001
 20
-0.236811430602
 30
0.0
 11
0.079082249373
 21
-0.2399014484909999
 31
0.0
  0
LINE
  5
9CB
330
10F0
100
AcDbEntity
  8
0
100
AcDbLine
 10
0.079082249373
 20
-0.2399014484909999
 30
0.0
 11
0.0807787400220001
 21
-0.240952608657
 31
0.0
  0
LINE
  5
9CC
330
10F0
100
AcDbEntity
  8
0
100
AcDbLine
 10
0.0807787400220001
 20
-0.240952608657
 30
0.0
 11
0.088355871738
 21
-0.243681786612
 31
0.0
  0
LINE
  5
9CD
330
10F0
100
AcDbEntity
  8
0
100
AcDbLine
 10
0.088355871738
 20
-0.243681786612
 30
0.0
 11
0.1006205750279999
 21
-0.2470548100769999
 31
0.0
  0
LINE
  5
9CE
330
10F0
100
AcDbEntity
  8
0
100
AcDbLine
 10
0.1006205750279999
 20
-0.2470548100769999
 30
0.0
 11
0.116503295112
 21
-0.2508413262300001
 31
0.0
  0
LINE
  5
9CF
330
10F0
100
AcDbEntity
  8
0
100
AcDbLine
 10
0.116503295112
 20
-0.2508413262300001
 30
0.0
 11
0.1650199740570002
 21
-0.2606049165419999
 31
0.0
  0
LINE
  5
9D0
330
10F0
100
AcDbEntity
  8
0
100
AcDbLine
 10
0.1650199740570002
 20
-0.2606049165419999
 30
0.0
 11
0.2040710846939999
 21
-0.266821137693
 31
0.0
  0
LINE
  5
9D1
330
10F0
100
AcDbEntity
  8
0
100
AcDbLine
 10
0.2040710846939999
 20
-0.266821137693
 30
0.0
 11
0.2296251277469999
 21
-0.2698557506099999
 31
0.0
  0
LINE
  5
9D2
330
10F0
100
AcDbEntity
  8
0
100
AcDbLine
 10
0.2296251277469999
 20
-0.2698557506099999
 30
0.0
 11
0.2799292974390001
 21
-0.2735860266
 31
0.0
  0
LINE
  5
9D3
330
10F0
100
AcDbEntity
  8
0
100
AcDbLine
 10
0.2799292974390001
 20
-0.2735860266
 30
0.0
 11
0.3035222592930002
 21
-0.274195882728
 31
0.0
  0
LINE
  5
9D4
330
10F0
100
AcDbEntity
  8
0
100
AcDbLine
 10
0.3035222592930002
 20
-0.274195882728
 30
0.0
 11
0.3319820202870002
 21
-0.274408199847
 31
0.0
  0
LINE
  5
9D5
330
10F0
100
AcDbEntity
  8
0
100
AcDbLine
 10
0.3319820202870002
 20
-0.274408199847
 30
0.0
 11
0.3437624743920001
 21
-0.258673949847
 31
0.0
  0
LINE
  5
9D6
330
10F0
100
AcDbEntity
  8
0
100
AcDbLine
 10
0.4111425
 20
-0.2702610818999999
 30
0.0
 11
0.4455006043680002
 21
-0.265828155129
 31
0.0
  0
LINE
  5
9D7
330
10F0
100
AcDbEntity
  8
0
100
AcDbLine
 10
0.4455006043680002
 20
-0.265828155129
 30
0.0
 11
0.5126749943850003
 21
-0.252810160587
 31
0.0
  0
LINE
  5
9D8
330
10F0
100
AcDbEntity
  8
0
100
AcDbLine
 10
0.5126749943850003
 20
-0.252810160587
 30
0.0
 11
0.5446710000000003
 21
-0.2443840597709999
 31
0.0
  0
LINE
  5
9D9
330
10F0
100
AcDbEntity
  8
0
100
AcDbLine
 10
0.5446710000000003
 20
-0.2443840597709999
 30
0.0
 11
0.5530760118180003
 21
-0.241938270117
 31
0.0
  0
LINE
  5
9DA
330
10F0
100
AcDbEntity
  8
0
100
AcDbLine
 10
0.5530760118180003
 20
-0.241938270117
 30
0.0
 11
0.5643284823270002
 21
-0.238373134011
 31
0.0
  0
LINE
  5
9DB
330
10F0
100
AcDbEntity
  8
0
100
AcDbLine
 10
0.5643284823270002
 20
-0.238373134011
 30
0.0
 11
0.5718786480900002
 21
-0.2342069784719999
 31
0.0
  0
LINE
  5
9DC
330
10F0
100
AcDbEntity
  8
0
100
AcDbLine
 10
0.5718786480900002
 20
-0.2342069784719999
 30
0.0
 11
0.5742438885900002
 21
-0.2305570254030001
 31
0.0
  0
LINE
  5
9DD
330
10F0
100
AcDbEntity
  8
0
100
AcDbLine
 10
0.5742438885900002
 20
-0.2305570254030001
 30
0.0
 11
0.5751726005700002
 21
-0.2285573417099999
 31
0.0
  0
LINE
  5
9DE
330
10F0
100
AcDbEntity
  8
0
100
AcDbLine
 10
0.5751726005700002
 20
-0.2285573417099999
 30
0.0
 11
0.5776629649290002
 21
-0.222220485639
 31
0.0
  0
LINE
  5
9DF
330
10F0
100
AcDbEntity
  8
0
100
AcDbLine
 10
0.5776629649290002
 20
-0.222220485639
 30
0.0
 11
0.582535673343
 21
-0.208262032011
 31
0.0
  0
LINE
  5
9E0
330
10F0
100
AcDbEntity
  8
0
100
AcDbLine
 10
0.582535673343
 20
-0.208262032011
 30
0.0
 11
0.5899088058300005
 21
-0.185231730339
 31
0.0
  0
LINE
  5
9E1
330
10F0
100
AcDbEntity
  8
0
100
AcDbLine
 10
0.5899088058300005
 20
-0.185231730339
 30
0.0
 11
0.5965421291910002
 21
-0.162589724442
 31
0.0
  0
LINE
  5
9E2
330
10F0
100
AcDbEntity
  8
0
100
AcDbLine
 10
0.5965421291910002
 20
-0.162589724442
 30
0.0
 11
0.5989877827650005
 21
-0.153268402635
 31
0.0
  0
LINE
  5
9E3
330
10F0
100
AcDbEntity
  8
0
100
AcDbLine
 10
0.5989877827650005
 20
-0.153268402635
 30
0.0
 11
0.6062368000860008
 21
-0.119863647531
 31
0.0
  0
LINE
  5
9E4
330
10F0
100
AcDbEntity
  8
0
100
AcDbLine
 10
0.6062368000860008
 20
-0.119863647531
 30
0.0
 11
0.6128268244920001
 21
-0.079755168078
 31
0.0
  0
LINE
  5
9E5
330
10F0
100
AcDbEntity
  8
0
100
AcDbLine
 10
0.6128268244920001
 20
-0.079755168078
 30
0.0
 11
0.6143375540340006
 21
-0.0666697169790001
 31
0.0
  0
LINE
  5
9E6
330
10F0
100
AcDbEntity
  8
0
100
AcDbLine
 10
0.6143375540340006
 20
-0.0666697169790001
 30
0.0
 11
0.6150386160810001
 21
-0.056417820597
 31
0.0
  0
LINE
  5
9E7
330
10F0
100
AcDbEntity
  8
0
100
AcDbLine
 10
0.6150386160810001
 20
-0.056417820597
 30
0.0
 11
0.6148189098180001
 21
-0.049761680022
 31
0.0
  0
LINE
  5
9E8
330
10F0
100
AcDbEntity
  8
0
100
AcDbLine
 10
0.6148189098180001
 20
-0.049761680022
 30
0.0
 11
0.6143290507350004
 21
-0.048020206428
 31
0.0
  0
LINE
  5
9E9
330
10F0
100
AcDbEntity
  8
0
100
AcDbLine
 10
0.6143290507350004
 20
-0.048020206428
 30
0.0
 11
0.6128425502370003
 21
-0.045740919159
 31
0.0
  0
LINE
  5
9EA
330
10F0
100
AcDbEntity
  8
0
100
AcDbLine
 10
0.6128425502370003
 20
-0.045740919159
 30
0.0
 11
0.6088441558230002
 21
-0.0439978279139999
 31
0.0
  0
LINE
  5
9EB
330
10F0
100
AcDbEntity
  8
0
100
AcDbLine
 10
0.6088441558230002
 20
-0.0439978279139999
 30
0.0
 11
0.6017530576410006
 21
-0.0466553937689999
 31
0.0
  0
LINE
  5
9EC
330
10F0
100
AcDbEntity
  8
0
100
AcDbLine
 10
0.6017530576410006
 20
-0.0466553937689999
 30
0.0
 11
0.5931595393020003
 21
-0.0520033207589998
 31
0.0
  0
LINE
  5
9ED
330
10F0
100
AcDbEntity
  8
0
100
AcDbLine
 10
0.5931595393020003
 20
-0.0520033207589998
 30
0.0
 11
0.5853856120920005
 21
-0.057347986932
 31
0.0
  0
LINE
  5
9EE
330
10F0
100
AcDbEntity
  8
0
100
AcDbLine
 10
0.5853856120920005
 20
-0.057347986932
 30
0.0
 11
0.5807881135710005
 21
-0.060590507976
 31
0.0
  0
LINE
  5
9EF
330
10F0
100
AcDbEntity
  8
0
100
AcDbLine
 10
0.5807881135710005
 20
-0.060590507976
 30
0.0
 11
0.5655227731380004
 21
-0.071238749265
 31
0.0
  0
LINE
  5
9F0
330
10F0
100
AcDbEntity
  8
0
100
AcDbLine
 10
0.5655227731380004
 20
-0.071238749265
 30
0.0
 11
0.5365904743440003
 21
-0.090226098828
 31
0.0
  0
LINE
  5
9F1
330
10F0
100
AcDbEntity
  8
0
100
AcDbLine
 10
0.5365904743440003
 20
-0.090226098828
 30
0.0
 11
0.5072137637850004
 21
-0.1076634155429999
 31
0.0
  0
LINE
  5
9F2
330
10F0
100
AcDbEntity
  8
0
100
AcDbLine
 10
0.5072137637850004
 20
-0.1076634155429999
 30
0.0
 11
0.4743019363680002
 21
-0.1253852687339999
 31
0.0
  0
LINE
  5
9F3
330
10F0
100
AcDbEntity
  8
0
100
AcDbLine
 10
0.4743019363680002
 20
-0.1253852687339999
 30
0.0
 11
0.455554507752
 21
-0.134926199847
 31
0.0
  0
LINE
  5
9F4
330
10F0
100
AcDbEntity
  8
0
100
AcDbLine
 10
0.455554507752
 20
-0.134926199847
 30
0.0
 11
0.4301170733520003
 21
-0.1476836998469999
 31
0.0
  0
LINE
  5
9F5
330
10F0
100
AcDbEntity
  8
0
100
AcDbLine
 10
0.4301170733520003
 20
-0.1476836998469999
 30
0.0
 11
0.4229310338550002
 21
-0.166782395169
 31
0.0
  0
LINE
  5
9F6
330
10F0
100
AcDbEntity
  8
0
100
AcDbLine
 10
0.4229310338550002
 20
-0.166782395169
 30
0.0
 11
0.4192216189290002
 21
-0.1761367759109999
 31
0.0
  0
LINE
  5
9F7
330
10F0
100
AcDbEntity
  8
0
100
AcDbLine
 10
0.4192216189290002
 20
-0.1761367759109999
 30
0.0
 11
0.4101092666730003
 21
-0.1965717836369999
 31
0.0
  0
LINE
  5
9F8
330
10F0
100
AcDbEntity
  8
0
100
AcDbLine
 10
0.4101092666730003
 20
-0.1965717836369999
 30
0.0
 11
0.3995871613380001
 21
-0.217612216386
 31
0.0
  0
LINE
  5
9F9
330
10F0
100
AcDbEntity
  8
0
100
AcDbLine
 10
0.3995871613380001
 20
-0.217612216386
 30
0.0
 11
0.3886732289520004
 21
-0.237222586116
 31
0.0
  0
LINE
  5
9FA
330
10F0
100
AcDbEntity
  8
0
100
AcDbLine
 10
0.3886732289520004
 20
-0.237222586116
 30
0.0
 11
0.3833874292860003
 21
-0.245855407761
 31
0.0
  0
LINE
  5
9FB
330
10F0
100
AcDbEntity
  8
0
100
AcDbLine
 10
0.3833874292860003
 20
-0.245855407761
 30
0.0
 11
0.3793037093100003
 21
-0.2524678122239999
 31
0.0
  0
LINE
  5
9FC
330
10F0
100
AcDbEntity
  8
0
100
AcDbLine
 10
0.3793037093100003
 20
-0.2524678122239999
 30
0.0
 11
0.3746725479990003
 21
-0.2606479501409999
 31
0.0
  0
LINE
  5
9FD
330
10F0
100
AcDbEntity
  8
0
100
AcDbLine
 10
0.3746725479990003
 20
-0.2606479501409999
 30
0.0
 11
0.3730846627980003
 21
-0.2640325080869999
 31
0.0
  0
LINE
  5
9FE
330
10F0
100
AcDbEntity
  8
0
100
AcDbLine
 10
0.3730846627980003
 20
-0.2640325080869999
 30
0.0
 11
0.3728700000000002
 21
-0.2648701570319998
 31
0.0
  0
LINE
  5
9FF
330
10F0
100
AcDbEntity
  8
0
100
AcDbLine
 10
0.3728700000000002
 20
-0.2648701570319998
 30
0.0
 11
0.3737477721330003
 21
-0.2678562608309999
 31
0.0
  0
LINE
  5
A00
330
10F0
100
AcDbEntity
  8
0
100
AcDbLine
 10
0.3737477721330003
 20
-0.2678562608309999
 30
0.0
 11
0.3795355947330002
 21
-0.272056461885
 31
0.0
  0
LINE
  5
A01
330
10F0
100
AcDbEntity
  8
0
100
AcDbLine
 10
0.3795355947330002
 20
-0.272056461885
 30
0.0
 11
0.3836227507290002
 21
-0.272673385668
 31
0.0
  0
LINE
  5
A02
330
10F0
100
AcDbEntity
  8
0
100
AcDbLine
 10
0.3836227507290002
 20
-0.272673385668
 30
0.0
 11
0.3851601825690001
 21
-0.272618048736
 31
0.0
  0
LINE
  5
A03
330
10F0
100
AcDbEntity
  8
0
100
AcDbLine
 10
0.3851601825690001
 20
-0.272618048736
 30
0.0
 11
0.3904301612340005
 21
-0.2722468735259999
 31
0.0
  0
LINE
  5
A04
330
10F0
100
AcDbEntity
  8
0
100
AcDbLine
 10
0.3904301612340005
 20
-0.2722468735259999
 30
0.0
 11
0.4021298110350002
 21
-0.2711872729979999
 31
0.0
  0
LINE
  5
A05
330
10F0
100
AcDbEntity
  8
0
100
AcDbLine
 10
0.4021298110350002
 20
-0.2711872729979999
 30
0.0
 11
0.4111425
 21
-0.2702610818999999
 31
0.0
  0
LINE
  5
A06
330
10F0
100
AcDbEntity
  8
0
100
AcDbLine
 10
0.6381057597120002
 20
-0.2105921723759999
 30
0.0
 11
0.661066066935
 21
-0.199921387734
 31
0.0
  0
LINE
  5
A07
330
10F0
100
AcDbEntity
  8
0
100
AcDbLine
 10
0.661066066935
 20
-0.199921387734
 30
0.0
 11
0.6934698294660003
 21
-0.182746616967
 31
0.0
  0
LINE
  5
A08
330
10F0
100
AcDbEntity
  8
0
100
AcDbLine
 10
0.6934698294660003
 20
-0.182746616967
 30
0.0
 11
0.7158589732080002
 21
-0.1693509732089999
 31
0.0
  0
LINE
  5
A09
330
10F0
100
AcDbEntity
  8
0
100
AcDbLine
 10
0.7158589732080002
 20
-0.1693509732089999
 30
0.0
 11
0.7278409617930005
 21
-0.1617693950789999
 31
0.0
  0
LINE
  5
A0A
330
10F0
100
AcDbEntity
  8
0
100
AcDbLine
 10
0.7278409617930005
 20
-0.1617693950789999
 30
0.0
 11
0.731957264424
 21
-0.159078586581
 31
0.0
  0
LINE
  5
A0B
330
10F0
100
AcDbEntity
  8
0
100
AcDbLine
 10
0.731957264424
 20
-0.159078586581
 30
0.0
 11
0.7381458511290008
 21
-0.1546922246849999
 31
0.0
  0
LINE
  5
A0C
330
10F0
100
AcDbEntity
  8
0
100
AcDbLine
 10
0.7381458511290008
 20
-0.1546922246849999
 30
0.0
 11
0.7431829799040001
 21
-0.1498373121329999
 31
0.0
  0
LINE
  5
A0D
330
10F0
100
AcDbEntity
  8
0
100
AcDbLine
 10
0.7431829799040001
 20
-0.1498373121329999
 30
0.0
 11
0.7443828006660004
 21
-0.1471566194819998
 31
0.0
  0
LINE
  5
A0E
330
10F0
100
AcDbEntity
  8
0
100
AcDbLine
 10
0.7443828006660004
 20
-0.1471566194819998
 30
0.0
 11
0.7495748956440003
 21
-0.1175793338070001
 31
0.0
  0
LINE
  5
A0F
330
10F0
100
AcDbEntity
  8
0
100
AcDbLine
 10
0.7495748956440003
 20
-0.1175793338070001
 30
0.0
 11
0.7545447702810001
 21
-0.0713813645070001
 31
0.0
  0
LINE
  5
A10
330
10F0
100
AcDbEntity
  8
0
100
AcDbLine
 10
0.7545447702810001
 20
-0.0713813645070001
 30
0.0
 11
0.7562679700320001
 21
-0.0363094320869999
 31
0.0
  0
LINE
  5
A11
330
10F0
100
AcDbEntity
  8
0
100
AcDbLine
 10
0.7562679700320001
 20
-0.0363094320869999
 30
0.0
 11
0.7567268164830004
 21
-0.016706699847
 31
0.0
  0
LINE
  5
A12
330
10F0
100
AcDbEntity
  8
0
100
AcDbLine
 10
0.7567268164830004
 20
-0.016706699847
 30
0.0
 11
0.756875426049
 21
-0.00515330883
 31
0.0
  0
LINE
  5
A13
330
10F0
100
AcDbEntity
  8
0
100
AcDbLine
 10
0.756875426049
 20
-0.00515330883
 30
0.0
 11
0.7568980969770002
 21
0.0162865578420001
 31
0.0
  0
LINE
  5
A14
330
10F0
100
AcDbEntity
  8
0
100
AcDbLine
 10
0.7568980969770002
 20
0.0162865578420001
 30
0.0
 11
0.7565639066100004
 21
0.035377435368
 31
0.0
  0
LINE
  5
A15
330
10F0
100
AcDbEntity
  8
0
100
AcDbLine
 10
0.7565639066100004
 20
0.035377435368
 30
0.0
 11
0.7558839029430007
 21
0.0519675911460001
 31
0.0
  0
LINE
  5
A16
330
10F0
100
AcDbEntity
  8
0
100
AcDbLine
 10
0.7558839029430007
 20
0.0519675911460001
 30
0.0
 11
0.7548691322700003
 21
0.0659052993780001
 31
0.0
  0
LINE
  5
A17
330
10F0
100
AcDbEntity
  8
0
100
AcDbLine
 10
0.7548691322700003
 20
0.0659052993780001
 30
0.0
 11
0.7535306425860009
 21
0.0770388274619999
 31
0.0
  0
LINE
  5
A18
330
10F0
100
AcDbEntity
  8
0
100
AcDbLine
 10
0.7535306425860009
 20
0.0770388274619999
 30
0.0
 11
0.7518794784840005
 21
0.0852164496
 31
0.0
  0
LINE
  5
A19
330
10F0
100
AcDbEntity
  8
0
100
AcDbLine
 10
0.7518794784840005
 20
0.0852164496
 30
0.0
 11
0.7499266896600003
 21
0.0902864348910001
 31
0.0
  0
LINE
  5
A1A
330
10F0
100
AcDbEntity
  8
0
100
AcDbLine
 10
0.7499266896600003
 20
0.0902864348910001
 30
0.0
 11
0.7488406385820003
 21
0.091608647706
 31
0.0
  0
LINE
  5
A1B
330
10F0
100
AcDbEntity
  8
0
100
AcDbLine
 10
0.7488406385820003
 20
0.091608647706
 30
0.0
 11
0.7453581710760002
 21
0.0934327933020002
 31
0.0
  0
LINE
  5
A1C
330
10F0
100
AcDbEntity
  8
0
100
AcDbLine
 10
0.7453581710760002
 20
0.0934327933020002
 30
0.0
 11
0.7421088630420004
 21
0.093347574903
 31
0.0
  0
LINE
  5
A1D
330
10F0
100
AcDbEntity
  8
0
100
AcDbLine
 10
0.7421088630420004
 20
0.093347574903
 30
0.0
 11
0.7411708755090003
 21
0.0927257148180001
 31
0.0
  0
LINE
  5
A1E
330
10F0
100
AcDbEntity
  8
0
100
AcDbLine
 10
0.7411708755090003
 20
0.0927257148180001
 30
0.0
 11
0.7377476436270005
 21
0.089469191142
 31
0.0
  0
LINE
  5
A1F
330
10F0
100
AcDbEntity
  8
0
100
AcDbLine
 10
0.7377476436270005
 20
0.089469191142
 30
0.0
 11
0.7298778769740001
 21
0.08077940811
 31
0.0
  0
LINE
  5
A20
330
10F0
100
AcDbEntity
  8
0
100
AcDbLine
 10
0.7298778769740001
 20
0.08077940811
 30
0.0
 11
0.7236894841830005
 21
0.0734038908210002
 31
0.0
  0
LINE
  5
A21
330
10F0
100
AcDbEntity
  8
0
100
AcDbLine
 10
0.7236894841830005
 20
0.0734038908210002
 30
0.0
 11
0.7080645200310001
 21
0.0548730318240001
 31
0.0
  0
LINE
  5
A22
330
10F0
100
AcDbEntity
  8
0
100
AcDbLine
 10
0.7080645200310001
 20
0.0548730318240001
 30
0.0
 11
0.6756925423860006
 21
0.019881257328
 31
0.0
  0
LINE
  5
A23
330
10F0
100
AcDbEntity
  8
0
100
AcDbLine
 10
0.6756925423860006
 20
0.019881257328
 30
0.0
 11
0.6600662446500005
 21
0.0046317583080002
 31
0.0
  0
LINE
  5
A24
330
10F0
100
AcDbEntity
  8
0
100
AcDbLine
 10
0.6600662446500005
 20
0.0046317583080002
 30
0.0
 11
0.6436339893000003
 21
-0.0107580562019998
 31
0.0
  0
LINE
  5
A25
330
10F0
100
AcDbEntity
  8
0
100
AcDbLine
 10
0.6436339893000003
 20
-0.0107580562019998
 30
0.0
 11
0.6426552594150006
 21
-0.0256393771739999
 31
0.0
  0
LINE
  5
A26
330
10F0
100
AcDbEntity
  8
0
100
AcDbLine
 10
0.6426552594150006
 20
-0.0256393771739999
 30
0.0
 11
0.6407771138730003
 21
-0.050744966886
 31
0.0
  0
LINE
  5
A27
330
10F0
100
AcDbEntity
  8
0
100
AcDbLine
 10
0.6407771138730003
 20
-0.050744966886
 30
0.0
 11
0.6359037675840001
 21
-0.0955766555639999
 31
0.0
  0
LINE
  5
A28
330
10F0
100
AcDbEntity
  8
0
100
AcDbLine
 10
0.6359037675840001
 20
-0.0955766555639999
 30
0.0
 11
0.6291443456909999
 21
-0.135583440732
 31
0.0
  0
LINE
  5
A29
330
10F0
100
AcDbEntity
  8
0
100
AcDbLine
 10
0.6291443456909999
 20
-0.135583440732
 30
0.0
 11
0.6200228471580003
 21
-0.173582613846
 31
0.0
  0
LINE
  5
A2A
330
10F0
100
AcDbEntity
  8
0
100
AcDbLine
 10
0.6200228471580003
 20
-0.173582613846
 30
0.0
 11
0.6144275675520001
 21
-0.192709751589
 31
0.0
  0
LINE
  5
A2B
330
10F0
100
AcDbEntity
  8
0
100
AcDbLine
 10
0.6144275675520001
 20
-0.192709751589
 30
0.0
 11
0.6124713154920008
 21
-0.1990813488839999
 31
0.0
  0
LINE
  5
A2C
330
10F0
100
AcDbEntity
  8
0
100
AcDbLine
 10
0.6124713154920008
 20
-0.1990813488839999
 30
0.0
 11
0.6101147619990003
 21
-0.207494316279
 31
0.0
  0
LINE
  5
A2D
330
10F0
100
AcDbEntity
  8
0
100
AcDbLine
 10
0.6101147619990003
 20
-0.207494316279
 30
0.0
 11
0.610046242317
 21
-0.2132530602839999
 31
0.0
  0
LINE
  5
A2E
330
10F0
100
AcDbEntity
  8
0
100
AcDbLine
 10
0.610046242317
 20
-0.2132530602839999
 30
0.0
 11
0.6119820007290001
 21
-0.2156021991179999
 31
0.0
  0
LINE
  5
A2F
330
10F0
100
AcDbEntity
  8
0
100
AcDbLine
 10
0.6119820007290001
 20
-0.2156021991179999
 30
0.0
 11
0.6134757032610003
 21
-0.216879556563
 31
0.0
  0
LINE
  5
A30
330
10F0
100
AcDbEntity
  8
0
100
AcDbLine
 10
0.6134757032610003
 20
-0.216879556563
 30
0.0
 11
0.6170104067760002
 21
-0.2179888909289999
 31
0.0
  0
LINE
  5
A31
330
10F0
100
AcDbEntity
  8
0
100
AcDbLine
 10
0.6170104067760002
 20
-0.2179888909289999
 30
0.0
 11
0.622569987495
 21
-0.216922673511
 31
0.0
  0
LINE
  5
A32
330
10F0
100
AcDbEntity
  8
0
100
AcDbLine
 10
0.622569987495
 20
-0.216922673511
 30
0.0
 11
0.6317086185000004
 21
-0.213382838079
 31
0.0
  0
LINE
  5
A33
330
10F0
100
AcDbEntity
  8
0
100
AcDbLine
 10
0.6317086185000004
 20
-0.213382838079
 30
0.0
 11
0.6381057597120002
 21
-0.2105921723759999
 31
0.0
  0
LINE
  5
A34
330
10F0
100
AcDbEntity
  8
0
100
AcDbLine
 10
-0.5725132615709999
 20
-0.1965874498469998
 30
0.0
 11
-0.571754038932
 21
-0.195607588797
 31
0.0
  0
LINE
  5
A35
330
10F0
100
AcDbEntity
  8
0
100
AcDbLine
 10
-0.571754038932
 20
-0.195607588797
 30
0.0
 11
-0.569073723903
 21
-0.1917192933089999
 31
0.0
  0
LINE
  5
A36
330
10F0
100
AcDbEntity
  8
0
100
AcDbLine
 10
-0.569073723903
 20
-0.1917192933089999
 30
0.0
 11
-0.5630222088810001
 21
-0.182399715027
 31
0.0
  0
LINE
  5
A37
330
10F0
100
AcDbEntity
  8
0
100
AcDbLine
 10
-0.5630222088810001
 20
-0.182399715027
 30
0.0
 11
-0.5583133254779999
 21
-0.1748996998469999
 31
0.0
  0
LINE
  5
A38
330
10F0
100
AcDbEntity
  8
0
100
AcDbLine
 10
-0.5583133254779999
 20
-0.1748996998469999
 30
0.0
 11
-0.538351127712
 21
-0.1443425905439999
 31
0.0
  0
LINE
  5
A39
330
10F0
100
AcDbEntity
  8
0
100
AcDbLine
 10
-0.538351127712
 20
-0.1443425905439999
 30
0.0
 11
-0.493486812153
 21
-0.0846087742620001
 31
0.0
  0
LINE
  5
A3A
330
10F0
100
AcDbEntity
  8
0
100
AcDbLine
 10
-0.493486812153
 20
-0.0846087742620001
 30
0.0
 11
-0.469820098341
 21
-0.057076922376
 31
0.0
  0
LINE
  5
A3B
330
10F0
100
AcDbEntity
  8
0
100
AcDbLine
 10
-0.469820098341
 20
-0.057076922376
 30
0.0
 11
-0.452527182918
 21
-0.037912146606
 31
0.0
  0
LINE
  5
A3C
330
10F0
100
AcDbEntity
  8
0
100
AcDbLine
 10
-0.452527182918
 20
-0.037912146606
 30
0.0
 11
-0.4515720356970001
 21
0.004159077624
 31
0.0
  0
LINE
  5
A3D
330
10F0
100
AcDbEntity
  8
0
100
AcDbLine
 10
-0.4515720356970001
 20
0.004159077624
 30
0.0
 11
-0.451316101536
 21
0.0136405094580001
 31
0.0
  0
LINE
  5
A3E
330
10F0
100
AcDbEntity
  8
0
100
AcDbLine
 10
-0.451316101536
 20
0.0136405094580001
 30
0.0
 11
-0.450605723112
 21
0.031168846683
 31
0.0
  0
LINE
  5
A3F
330
10F0
100
AcDbEntity
  8
0
100
AcDbLine
 10
-0.450605723112
 20
0.031168846683
 30
0.0
 11
-0.449676000738
 21
0.0460584362160001
 31
0.0
  0
LINE
  5
A40
330
10F0
100
AcDbEntity
  8
0
100
AcDbLine
 10
-0.449676000738
 20
0.0460584362160001
 30
0.0
 11
-0.448581335796
 21
0.0574380241560001
 31
0.0
  0
LINE
  5
A41
330
10F0
100
AcDbEntity
  8
0
100
AcDbLine
 10
-0.448581335796
 20
0.0574380241560001
 30
0.0
 11
-0.447989151357
 21
0.0615393001530001
 31
0.0
  0
LINE
  5
A42
330
10F0
100
AcDbEntity
  8
0
100
AcDbLine
 10
-0.447989151357
 20
0.0615393001530001
 30
0.0
 11
-0.446881213512
 21
0.068249690721
 31
0.0
  0
LINE
  5
A43
330
10F0
100
AcDbEntity
  8
0
100
AcDbLine
 10
-0.446881213512
 20
0.068249690721
 30
0.0
 11
-0.444889354419
 21
0.0815802184980001
 31
0.0
  0
LINE
  5
A44
330
10F0
100
AcDbEntity
  8
0
100
AcDbLine
 10
-0.444889354419
 20
0.0815802184980001
 30
0.0
 11
-0.444250764999
 21
0.08655847056
 31
0.0
  0
LINE
  5
A45
330
10F0
100
AcDbEntity
  8
0
100
AcDbLine
 10
-0.444250764999
 20
0.08655847056
 30
0.0
 11
-0.44391638412
 21
0.0896383317780001
 31
0.0
  0
LINE
  5
A46
330
10F0
100
AcDbEntity
  8
0
100
AcDbLine
 10
-0.44391638412
 20
0.0896383317780001
 30
0.0
 11
-0.443718632664
 21
0.0938238515010001
 31
0.0
  0
LINE
  5
A47
330
10F0
100
AcDbEntity
  8
0
100
AcDbLine
 10
-0.443718632664
 20
0.0938238515010001
 30
0.0
 11
-0.4450873678289999
 21
0.096927700221
 31
0.0
  0
LINE
  5
A48
330
10F0
100
AcDbEntity
  8
0
100
AcDbLine
 10
-0.4450873678289999
 20
0.096927700221
 30
0.0
 11
-0.447489525132
 21
0.0982503638010001
 31
0.0
  0
LINE
  5
A49
330
10F0
100
AcDbEntity
  8
0
100
AcDbLine
 10
-0.447489525132
 20
0.0982503638010001
 30
0.0
 11
-0.448940212776
 21
0.098775042354
 31
0.0
  0
LINE
  5
A4A
330
10F0
100
AcDbEntity
  8
0
100
AcDbLine
 10
-0.448940212776
 20
0.098775042354
 30
0.0
 11
-0.452405319876
 21
0.098702926758
 31
0.0
  0
LINE
  5
A4B
330
10F0
100
AcDbEntity
  8
0
100
AcDbLine
 10
-0.452405319876
 20
0.098702926758
 30
0.0
 11
-0.4581276165539999
 21
0.096575890896
 31
0.0
  0
LINE
  5
A4C
330
10F0
100
AcDbEntity
  8
0
100
AcDbLine
 10
-0.4581276165539999
 20
0.096575890896
 30
0.0
 11
-0.467913760425
 21
0.0917223799680001
 31
0.0
  0
LINE
  5
A4D
330
10F0
100
AcDbEntity
  8
0
100
AcDbLine
 10
-0.467913760425
 20
0.0917223799680001
 30
0.0
 11
-0.4748953550309999
 21
0.0880633350540001
 31
0.0
  0
LINE
  5
A4E
330
10F0
100
AcDbEntity
  8
0
100
AcDbLine
 10
-0.4748953550309999
 20
0.0880633350540001
 30
0.0
 11
-0.495544641129
 21
0.076695417675
 31
0.0
  0
LINE
  5
A4F
330
10F0
100
AcDbEntity
  8
0
100
AcDbLine
 10
-0.495544641129
 20
0.076695417675
 30
0.0
 11
-0.537474471435
 21
0.0510629415120001
 31
0.0
  0
LINE
  5
A50
330
10F0
100
AcDbEntity
  8
0
100
AcDbLine
 10
-0.537474471435
 20
0.0510629415120001
 30
0.0
 11
-0.5567265000000001
 21
0.0380384508510002
 31
0.0
  0
LINE
  5
A51
330
10F0
100
AcDbEntity
  8
0
100
AcDbLine
 10
-0.5567265000000001
 20
0.0380384508510002
 30
0.0
 11
-0.573886506087
 21
0.0255532027050001
 31
0.0
  0
LINE
  5
A52
330
10F0
100
AcDbEntity
  8
0
100
AcDbLine
 10
-0.573886506087
 20
0.0255532027050001
 30
0.0
 11
-0.6005350780019999
 21
0.0051183208530001
 31
0.0
  0
LINE
  5
A53
330
10F0
100
AcDbEntity
  8
0
100
AcDbLine
 10
-0.6005350780019999
 20
0.0051183208530001
 30
0.0
 11
-0.6102543130379999
 21
-0.002759071383
 31
0.0
  0
LINE
  5
A54
330
10F0
100
AcDbEntity
  8
0
100
AcDbLine
 10
-0.6102543130379999
 20
-0.002759071383
 30
0.0
 11
-0.6141406812929999
 21
-0.0061699012739999
 31
0.0
  0
LINE
  5
A55
330
10F0
100
AcDbEntity
  8
0
100
AcDbLine
 10
-0.6141406812929999
 20
-0.0061699012739999
 30
0.0
 11
-0.6151000861169998
 21
-0.0071636901119998
 31
0.0
  0
LINE
  5
A56
330
10F0
100
AcDbEntity
  8
0
100
AcDbLine
 10
-0.6151000861169998
 20
-0.0071636901119998
 30
0.0
 11
-0.615892745313
 21
-0.009124573995
 31
0.0
  0
LINE
  5
A57
330
10F0
100
AcDbEntity
  8
0
100
AcDbLine
 10
-0.615892745313
 20
-0.009124573995
 30
0.0
 11
-0.616648378842
 21
-0.017468625375
 31
0.0
  0
LINE
  5
A58
330
10F0
100
AcDbEntity
  8
0
100
AcDbLine
 10
-0.616648378842
 20
-0.017468625375
 30
0.0
 11
-0.6163983080280001
 21
-0.0306878720310001
 31
0.0
  0
LINE
  5
A59
330
10F0
100
AcDbEntity
  8
0
100
AcDbLine
 10
-0.6163983080280001
 20
-0.0306878720310001
 30
0.0
 11
-0.6152631830999999
 21
-0.0475568897489999
 31
0.0
  0
LINE
  5
A5A
330
10F0
100
AcDbEntity
  8
0
100
AcDbLine
 10
-0.6152631830999999
 20
-0.0475568897489999
 30
0.0
 11
-0.612164937474
 21
-0.077023122237
 31
0.0
  0
LINE
  5
A5B
330
10F0
100
AcDbEntity
  8
0
100
AcDbLine
 10
-0.612164937474
 20
-0.077023122237
 30
0.0
 11
-0.6060623125050001
 21
-0.1176483365729999
 31
0.0
  0
LINE
  5
A5C
330
10F0
100
AcDbEntity
  8
0
100
AcDbLine
 10
-0.6060623125050001
 20
-0.1176483365729999
 30
0.0
 11
-0.602437474701
 21
-0.1357766998470001
 31
0.0
  0
LINE
  5
A5D
330
10F0
100
AcDbEntity
  8
0
100
AcDbLine
 10
-0.602437474701
 20
-0.1357766998470001
 30
0.0
 11
-0.597683525004
 21
-0.1556893576889999
 31
0.0
  0
LINE
  5
A5E
330
10F0
100
AcDbEntity
  8
0
100
AcDbLine
 10
-0.597683525004
 20
-0.1556893576889999
 30
0.0
 11
-0.590513248674
 21
-0.1817736500699999
 31
0.0
  0
LINE
  5
A5F
330
10F0
100
AcDbEntity
  8
0
100
AcDbLine
 10
-0.590513248674
 20
-0.1817736500699999
 30
0.0
 11
-0.586751048316
 21
-0.192955637943
 31
0.0
  0
LINE
  5
A60
330
10F0
100
AcDbEntity
  8
0
100
AcDbLine
 10
-0.586751048316
 20
-0.192955637943
 30
0.0
 11
-0.585443855331
 21
-0.195736949847
 31
0.0
  0
LINE
  5
A61
330
10F0
100
AcDbEntity
  8
0
100
AcDbLine
 10
-0.585443855331
 20
-0.195736949847
 30
0.0
 11
-0.582705127962
 21
-0.1983903720659999
 31
0.0
  0
LINE
  5
A62
330
10F0
100
AcDbEntity
  8
0
100
AcDbLine
 10
-0.582705127962
 20
-0.1983903720659999
 30
0.0
 11
-0.5756566534379999
 21
-0.198853981317
 31
0.0
  0
LINE
  5
A63
330
10F0
100
AcDbEntity
  8
0
100
AcDbLine
 10
-0.5756566534379999
 20
-0.198853981317
 30
0.0
 11
-0.5725132615709999
 21
-0.1965874498469998
 31
0.0
  0
LINE
  5
A64
330
10F0
100
AcDbEntity
  8
0
100
AcDbLine
 10
0.0335204999999999
 20
-0.193578285591
 30
0.0
 11
0.050719848516
 21
-0.189552722805
 31
0.0
  0
LINE
  5
A65
330
10F0
100
AcDbEntity
  8
0
100
AcDbLine
 10
0.050719848516
 20
-0.189552722805
 30
0.0
 11
0.082928926494
 21
-0.1775197212299999
 31
0.0
  0
LINE
  5
A66
330
10F0
100
AcDbEntity
  8
0
100
AcDbLine
 10
0.082928926494
 20
-0.1775197212299999
 30
0.0
 11
0.1118523341610001
 21
-0.160614159228
 31
0.0
  0
LINE
  5
A67
330
10F0
100
AcDbEntity
  8
0
100
AcDbLine
 10
0.1118523341610001
 20
-0.160614159228
 30
0.0
 11
0.137050660692
 21
-0.1393599550049999
 31
0.0
  0
LINE
  5
A68
330
10F0
100
AcDbEntity
  8
0
100
AcDbLine
 10
0.137050660692
 20
-0.1393599550049999
 30
0.0
 11
0.1580844884579999
 21
-0.114281030169
 31
0.0
  0
LINE
  5
A69
330
10F0
100
AcDbEntity
  8
0
100
AcDbLine
 10
0.1580844884579999
 20
-0.114281030169
 30
0.0
 11
0.1745144032319999
 21
-0.0859013029259999
 31
0.0
  0
LINE
  5
A6A
330
10F0
100
AcDbEntity
  8
0
100
AcDbLine
 10
0.1745144032319999
 20
-0.0859013029259999
 30
0.0
 11
0.1859009924880001
 21
-0.0547446931829999
 31
0.0
  0
LINE
  5
A6B
330
10F0
100
AcDbEntity
  8
0
100
AcDbLine
 10
0.1859009924880001
 20
-0.0547446931829999
 30
0.0
 11
0.1918048385970002
 21
-0.021335120847
 31
0.0
  0
LINE
  5
A6C
330
10F0
100
AcDbEntity
  8
0
100
AcDbLine
 10
0.1918048385970002
 20
-0.021335120847
 30
0.0
 11
0.192563416557
 21
-0.0039491998469998
 31
0.0
  0
LINE
  5
A6D
330
10F0
100
AcDbEntity
  8
0
100
AcDbLine
 10
0.192563416557
 20
-0.0039491998469998
 30
0.0
 11
0.19192192353
 21
0.011877198426
 31
0.0
  0
LINE
  5
A6E
330
10F0
100
AcDbEntity
  8
0
100
AcDbLine
 10
0.19192192353
 20
0.011877198426
 30
0.0
 11
0.1868390548650004
 21
0.0427807469970001
 31
0.0
  0
LINE
  5
A6F
330
10F0
100
AcDbEntity
  8
0
100
AcDbLine
 10
0.1868390548650004
 20
0.0427807469970001
 30
0.0
 11
0.1767987254610002
 21
0.072363981069
 31
0.0
  0
LINE
  5
A70
330
10F0
100
AcDbEntity
  8
0
100
AcDbLine
 10
0.1767987254610002
 20
0.072363981069
 30
0.0
 11
0.1619317983509999
 21
0.1002413281680002
 31
0.0
  0
LINE
  5
A71
330
10F0
100
AcDbEntity
  8
0
100
AcDbLine
 10
0.1619317983509999
 20
0.1002413281680002
 30
0.0
 11
0.152729255673
 21
0.113419800153
 31
0.0
  0
LINE
  5
A72
330
10F0
100
AcDbEntity
  8
0
100
AcDbLine
 10
0.152729255673
 20
0.113419800153
 30
0.0
 11
0.148224381705
 21
0.1192499572410001
 31
0.0
  0
LINE
  5
A73
330
10F0
100
AcDbEntity
  8
0
100
AcDbLine
 10
0.148224381705
 20
0.1192499572410001
 30
0.0
 11
0.14016336822
 21
0.1287997505639999
 31
0.0
  0
LINE
  5
A74
330
10F0
100
AcDbEntity
  8
0
100
AcDbLine
 10
0.14016336822
 20
0.1287997505639999
 30
0.0
 11
0.132006459159
 21
0.136884321198
 31
0.0
  0
LINE
  5
A75
330
10F0
100
AcDbEntity
  8
0
100
AcDbLine
 10
0.132006459159
 20
0.136884321198
 30
0.0
 11
0.1221206060700001
 21
0.1451222318790001
 31
0.0
  0
LINE
  5
A76
330
10F0
100
AcDbEntity
  8
0
100
AcDbLine
 10
0.1221206060700001
 20
0.1451222318790001
 30
0.0
 11
0.116019
 21
0.1498044912300001
 31
0.0
  0
LINE
  5
A77
330
10F0
100
AcDbEntity
  8
0
100
AcDbLine
 10
0.116019
 20
0.1498044912300001
 30
0.0
 11
0.106125805395
 21
0.1567802650140004
 31
0.0
  0
LINE
  5
A78
330
10F0
100
AcDbEntity
  8
0
100
AcDbLine
 10
0.106125805395
 20
0.1567802650140004
 30
0.0
 11
0.0852752603789999
 21
0.168676349697
 31
0.0
  0
LINE
  5
A79
330
10F0
100
AcDbEntity
  8
0
100
AcDbLine
 10
0.0852752603789999
 20
0.168676349697
 30
0.0
 11
0.063245638296
 21
0.1777967289720001
 31
0.0
  0
LINE
  5
A7A
330
10F0
100
AcDbEntity
  8
0
100
AcDbLine
 10
0.063245638296
 20
0.1777967289720001
 30
0.0
 11
0.04032468711
 21
0.1840992894810002
 31
0.0
  0
LINE
  5
A7B
330
10F0
100
AcDbEntity
  8
0
100
AcDbLine
 10
0.04032468711
 20
0.1840992894810002
 30
0.0
 11
0.016800158187
 21
0.1875419229690001
 31
0.0
  0
LINE
  5
A7C
330
10F0
100
AcDbEntity
  8
0
100
AcDbLine
 10
0.016800158187
 20
0.1875419229690001
 30
0.0
 11
-0.007040197107
 21
0.1880825194799998
 31
0.0
  0
LINE
  5
A7D
330
10F0
100
AcDbEntity
  8
0
100
AcDbLine
 10
-0.007040197107
 20
0.1880825194799998
 30
0.0
 11
-0.0309086274060001
 21
0.1856789690580001
 31
0.0
  0
LINE
  5
A7E
330
10F0
100
AcDbEntity
  8
0
100
AcDbLine
 10
-0.0309086274060001
 20
0.1856789690580001
 30
0.0
 11
-0.0545173830450001
 21
0.1802891583450002
 31
0.0
  0
LINE
  5
A7F
330
10F0
100
AcDbEntity
  8
0
100
AcDbLine
 10
-0.0545173830450001
 20
0.1802891583450002
 30
0.0
 11
-0.066134461203
 21
0.1764612483570001
 31
0.0
  0
LINE
  5
A80
330
10F0
100
AcDbEntity
  8
0
100
AcDbLine
 10
-0.066134461203
 20
0.1764612483570001
 30
0.0
 11
-0.0764185779269999
 21
0.1723949228070001
 31
0.0
  0
LINE
  5
A81
330
10F0
100
AcDbEntity
  8
0
100
AcDbLine
 10
-0.0764185779269999
 20
0.1723949228070001
 30
0.0
 11
-0.0955556256960001
 21
0.162816989841
 31
0.0
  0
LINE
  5
A82
330
10F0
100
AcDbEntity
  8
0
100
AcDbLine
 10
-0.0955556256960001
 20
0.162816989841
 30
0.0
 11
-0.1133514553769998
 21
0.150933368385
 31
0.0
  0
LINE
  5
A83
330
10F0
100
AcDbEntity
  8
0
100
AcDbLine
 10
-0.1133514553769998
 20
0.150933368385
 30
0.0
 11
-0.130486502691
 21
0.136289680515
 31
0.0
  0
LINE
  5
A84
330
10F0
100
AcDbEntity
  8
0
100
AcDbLine
 10
-0.130486502691
 20
0.136289680515
 30
0.0
 11
-0.139018866678
 21
0.1277908177230002
 31
0.0
  0
LINE
  5
A85
330
10F0
100
AcDbEntity
  8
0
100
AcDbLine
 10
-0.139018866678
 20
0.1277908177230002
 30
0.0
 11
-0.1477124327339999
 21
0.1181085147989999
 31
0.0
  0
LINE
  5
A86
330
10F0
100
AcDbEntity
  8
0
100
AcDbLine
 10
-0.1477124327339999
 20
0.1181085147989999
 30
0.0
 11
-0.1628361240930001
 21
0.097420454406
 31
0.0
  0
LINE
  5
A87
330
10F0
100
AcDbEntity
  8
0
100
AcDbLine
 10
-0.1628361240930001
 20
0.097420454406
 30
0.0
 11
-0.1748868773040001
 21
0.0752032783620001
 31
0.0
  0
LINE
  5
A88
330
10F0
100
AcDbEntity
  8
0
100
AcDbLine
 10
-0.1748868773040001
 20
0.0752032783620001
 30
0.0
 11
-0.183798674856
 21
0.0517395789
 31
0.0
  0
LINE
  5
A89
330
10F0
100
AcDbEntity
  8
0
100
AcDbLine
 10
-0.183798674856
 20
0.0517395789
 30
0.0
 11
-0.1895054958360002
 21
0.027311946552
 31
0.0
  0
LINE
  5
A8A
330
10F0
100
AcDbEntity
  8
0
100
AcDbLine
 10
-0.1895054958360002
 20
0.027311946552
 30
0.0
 11
-0.1919413210319998
 21
0.002202968448
 31
0.0
  0
LINE
  5
A8B
330
10F0
100
AcDbEntity
  8
0
100
AcDbLine
 10
-0.1919413210319998
 20
0.002202968448
 30
0.0
 11
-0.1910401312319999
 21
-0.023304763179
 31
0.0
  0
LINE
  5
A8C
330
10F0
100
AcDbEntity
  8
0
100
AcDbLine
 10
-0.1910401312319999
 20
-0.023304763179
 30
0.0
 11
-0.186735910626
 21
-0.0489286594980001
 31
0.0
  0
LINE
  5
A8D
330
10F0
100
AcDbEntity
  8
0
100
AcDbLine
 10
-0.186735910626
 20
-0.0489286594980001
 30
0.0
 11
-0.183287031066
 21
-0.0616958586
 31
0.0
  0
LINE
  5
A8E
330
10F0
100
AcDbEntity
  8
0
100
AcDbLine
 10
-0.183287031066
 20
-0.0616958586
 30
0.0
 11
-0.1794933758159999
 21
-0.072340968348
 31
0.0
  0
LINE
  5
A8F
330
10F0
100
AcDbEntity
  8
0
100
AcDbLine
 10
-0.1794933758159999
 20
-0.072340968348
 30
0.0
 11
-0.1684991154059999
 21
-0.0951988753709999
 31
0.0
  0
LINE
  5
A90
330
10F0
100
AcDbEntity
  8
0
100
AcDbLine
 10
-0.1684991154059999
 20
-0.0951988753709999
 30
0.0
 11
-0.154472603067
 21
-0.1177218027629999
 31
0.0
  0
LINE
  5
A91
330
10F0
100
AcDbEntity
  8
0
100
AcDbLine
 10
-0.154472603067
 20
-0.1177218027629999
 30
0.0
 11
-0.1392262594020001
 21
-0.136999480707
 31
0.0
  0
LINE
  5
A92
330
10F0
100
AcDbEntity
  8
0
100
AcDbLine
 10
-0.1392262594020001
 20
-0.136999480707
 30
0.0
 11
-0.1317120306660001
 21
-0.1445118893730001
 31
0.0
  0
LINE
  5
A93
330
10F0
100
AcDbEntity
  8
0
100
AcDbLine
 10
-0.1317120306660001
 20
-0.1445118893730001
 30
0.0
 11
-0.12110648958
 21
-0.1534212868139999
 31
0.0
  0
LINE
  5
A94
330
10F0
100
AcDbEntity
  8
0
100
AcDbLine
 10
-0.12110648958
 20
-0.1534212868139999
 30
0.0
 11
-0.098304616899
 21
-0.1689763704839999
 31
0.0
  0
LINE
  5
A95
330
10F0
100
AcDbEntity
  8
0
100
AcDbLine
 10
-0.098304616899
 20
-0.1689763704839999
 30
0.0
 11
-0.0737386575299999
 21
-0.181333608174
 31
0.0
  0
LINE
  5
A96
330
10F0
100
AcDbEntity
  8
0
100
AcDbLine
 10
-0.0737386575299999
 20
-0.181333608174
 30
0.0
 11
-0.047836976004
 21
-0.190277520606
 31
0.0
  0
LINE
  5
A97
330
10F0
100
AcDbEntity
  8
0
100
AcDbLine
 10
-0.047836976004
 20
-0.190277520606
 30
0.0
 11
-0.034519105368
 21
-0.1934021453399999
 31
0.0
  0
LINE
  5
A98
330
10F0
100
AcDbEntity
  8
0
100
AcDbLine
 10
-0.034519105368
 20
-0.1934021453399999
 30
0.0
 11
-0.0275600354039999
 21
-0.1944772351739999
 31
0.0
  0
LINE
  5
A99
330
10F0
100
AcDbEntity
  8
0
100
AcDbLine
 10
-0.0275600354039999
 20
-0.1944772351739999
 30
0.0
 11
-0.010177451766
 21
-0.195730319349
 31
0.0
  0
LINE
  5
A9A
330
10F0
100
AcDbEntity
  8
0
100
AcDbLine
 10
-0.010177451766
 20
-0.195730319349
 30
0.0
 11
0.008971853409
 21
-0.1957798932930001
 31
0.0
  0
LINE
  5
A9B
330
10F0
100
AcDbEntity
  8
0
100
AcDbLine
 10
0.008971853409
 20
-0.1957798932930001
 30
0.0
 11
0.026464833648
 21
-0.194617094796
 31
0.0
  0
LINE
  5
A9C
330
10F0
100
AcDbEntity
  8
0
100
AcDbLine
 10
0.026464833648
 20
-0.194617094796
 30
0.0
 11
0.0335204999999999
 21
-0.193578285591
 31
0.0
  0
LINE
  5
A9D
330
10F0
100
AcDbEntity
  8
0
100
AcDbLine
 10
0.1921668879420002
 20
-0.189331514559
 30
0.0
 11
0.2278604048850003
 21
-0.1829440129139999
 31
0.0
  0
LINE
  5
A9E
330
10F0
100
AcDbEntity
  8
0
100
AcDbLine
 10
0.2278604048850003
 20
-0.1829440129139999
 30
0.0
 11
0.2991710587680002
 21
-0.16598318202
 31
0.0
  0
LINE
  5
A9F
330
10F0
100
AcDbEntity
  8
0
100
AcDbLine
 10
0.2991710587680002
 20
-0.16598318202
 30
0.0
 11
0.3328965000000001
 21
-0.15585978258
 31
0.0
  0
LINE
  5
AA0
330
10F0
100
AcDbEntity
  8
0
100
AcDbLine
 10
0.3328965000000001
 20
-0.15585978258
 30
0.0
 11
0.3560662530540005
 21
-0.1479930369029999
 31
0.0
  0
LINE
  5
AA1
330
10F0
100
AcDbEntity
  8
0
100
AcDbLine
 10
0.3560662530540005
 20
-0.1479930369029999
 30
0.0
 11
0.3904094022300002
 21
-0.135372858633
 31
0.0
  0
LINE
  5
AA2
330
10F0
100
AcDbEntity
  8
0
100
AcDbLine
 10
0.3904094022300002
 20
-0.135372858633
 30
0.0
 11
0.4024895776380003
 21
-0.1305244677149999
 31
0.0
  0
LINE
  5
AA3
330
10F0
100
AcDbEntity
  8
0
100
AcDbLine
 10
0.4024895776380003
 20
-0.1305244677149999
 30
0.0
 11
0.4071197591730001
 21
-0.1284073095599998
 31
0.0
  0
LINE
  5
AA4
330
10F0
100
AcDbEntity
  8
0
100
AcDbLine
 10
0.4071197591730001
 20
-0.1284073095599998
 30
0.0
 11
0.4081562669250002
 21
-0.127777145193
 31
0.0
  0
LINE
  5
AA5
330
10F0
100
AcDbEntity
  8
0
100
AcDbLine
 10
0.4081562669250002
 20
-0.127777145193
 30
0.0
 11
0.4094463070260003
 21
-0.1260513548189999
 31
0.0
  0
LINE
  5
AA6
330
10F0
100
AcDbEntity
  8
0
100
AcDbLine
 10
0.4094463070260003
 20
-0.1260513548189999
 30
0.0
 11
0.4123455220440001
 21
-0.1187800169759999
 31
0.0
  0
LINE
  5
AA7
330
10F0
100
AcDbEntity
  8
0
100
AcDbLine
 10
0.4123455220440001
 20
-0.1187800169759999
 30
0.0
 11
0.4154874272370004
 21
-0.107402978835
 31
0.0
  0
LINE
  5
AA8
330
10F0
100
AcDbEntity
  8
0
100
AcDbLine
 10
0.4154874272370004
 20
-0.107402978835
 30
0.0
 11
0.4186526310270001
 21
-0.0931050090089999
 31
0.0
  0
LINE
  5
AA9
330
10F0
100
AcDbEntity
  8
0
100
AcDbLine
 10
0.4186526310270001
 20
-0.0931050090089999
 30
0.0
 11
0.4229642101590002
 21
-0.068772996675
 31
0.0
  0
LINE
  5
AAA
330
10F0
100
AcDbEntity
  8
0
100
AcDbLine
 10
0.4229642101590002
 20
-0.068772996675
 30
0.0
 11
0.4260941454150002
 21
-0.044533226169
 31
0.0
  0
LINE
  5
AAB
330
10F0
100
AcDbEntity
  8
0
100
AcDbLine
 10
0.4260941454150002
 20
-0.044533226169
 30
0.0
 11
0.4271586533280001
 21
-0.0303992429490001
 31
0.0
  0
LINE
  5
AAC
330
10F0
100
AcDbEntity
  8
0
100
AcDbLine
 10
0.4271586533280001
 20
-0.0303992429490001
 30
0.0
 11
0.4273020000000002
 21
-0.0243842994269999
 31
0.0
  0
LINE
  5
AAD
330
10F0
100
AcDbEntity
  8
0
100
AcDbLine
 10
0.4273020000000002
 20
-0.0243842994269999
 30
0.0
 11
0.4272394014990001
 21
-0.0203046397379999
 31
0.0
  0
LINE
  5
AAE
330
10F0
100
AcDbEntity
  8
0
100
AcDbLine
 10
0.4272394014990001
 20
-0.0203046397379999
 30
0.0
 11
0.426660478056
 21
-0.013795984368
 31
0.0
  0
LINE
  5
AAF
330
10F0
100
AcDbEntity
  8
0
100
AcDbLine
 10
0.426660478056
 20
-0.013795984368
 30
0.0
 11
0.4253029524810007
 21
-0.0094950398879999
 31
0.0
  0
LINE
  5
AB0
330
10F0
100
AcDbEntity
  8
0
100
AcDbLine
 10
0.4253029524810007
 20
-0.0094950398879999
 30
0.0
 11
0.4229584607790001
 21
-0.0074099864069998
 31
0.0
  0
LINE
  5
AB1
330
10F0
100
AcDbEntity
  8
0
100
AcDbLine
 10
0.4229584607790001
 20
-0.0074099864069998
 30
0.0
 11
0.4194186423570003
 21
-0.007549009137
 31
0.0
  0
LINE
  5
AB2
330
10F0
100
AcDbEntity
  8
0
100
AcDbLine
 10
0.4194186423570003
 20
-0.007549009137
 30
0.0
 11
0.4144751332200001
 21
-0.009920289888
 31
0.0
  0
LINE
  5
AB3
330
10F0
100
AcDbEntity
  8
0
100
AcDbLine
 10
0.4144751332200001
 20
-0.009920289888
 30
0.0
 11
0.4079195727750002
 21
-0.014532012171
 31
0.0
  0
LINE
  5
AB4
330
10F0
100
AcDbEntity
  8
0
100
AcDbLine
 10
0.4079195727750002
 20
-0.014532012171
 30
0.0
 11
0.3995436004290007
 21
-0.0213923577959998
 31
0.0
  0
LINE
  5
AB5
330
10F0
100
AcDbEntity
  8
0
100
AcDbLine
 10
0.3995436004290007
 20
-0.0213923577959998
 30
0.0
 11
0.3946078461510004
 21
-0.0256683230909999
 31
0.0
  0
LINE
  5
AB6
330
10F0
100
AcDbEntity
  8
0
100
AcDbLine
 10
0.3946078461510004
 20
-0.0256683230909999
 30
0.0
 11
0.3704860331910003
 21
-0.0461382370380001
 31
0.0
  0
LINE
  5
AB7
330
10F0
100
AcDbEntity
  8
0
100
AcDbLine
 10
0.3704860331910003
 20
-0.0461382370380001
 30
0.0
 11
0.3201213674340002
 21
-0.0848725551359999
 31
0.0
  0
LINE
  5
AB8
330
10F0
100
AcDbEntity
  8
0
100
AcDbLine
 10
0.3201213674340002
 20
-0.0848725551359999
 30
0.0
 11
0.2673256869090001
 21
-0.120399020271
 31
0.0
  0
LINE
  5
AB9
330
10F0
100
AcDbEntity
  8
0
100
AcDbLine
 10
0.2673256869090001
 20
-0.120399020271
 30
0.0
 11
0.2125754485200001
 21
-0.1523970245609999
 31
0.0
  0
LINE
  5
ABA
330
10F0
100
AcDbEntity
  8
0
100
AcDbLine
 10
0.2125754485200001
 20
-0.1523970245609999
 30
0.0
 11
0.184616261208
 21
-0.166972662225
 31
0.0
  0
LINE
  5
ABB
330
10F0
100
AcDbEntity
  8
0
100
AcDbLine
 10
0.184616261208
 20
-0.166972662225
 30
0.0
 11
0.176273536608
 21
-0.1712242368809999
 31
0.0
  0
LINE
  5
ABC
330
10F0
100
AcDbEntity
  8
0
100
AcDbLine
 10
0.176273536608
 20
-0.1712242368809999
 30
0.0
 11
0.16498655451
 21
-0.177685949754
 31
0.0
  0
LINE
  5
ABD
330
10F0
100
AcDbEntity
  8
0
100
AcDbLine
 10
0.16498655451
 20
-0.177685949754
 30
0.0
 11
0.1597475952810001
 21
-0.182477476242
 31
0.0
  0
LINE
  5
ABE
330
10F0
100
AcDbEntity
  8
0
100
AcDbLine
 10
0.1597475952810001
 20
-0.182477476242
 30
0.0
 11
0.1591767328770001
 21
-0.1868608886039999
 31
0.0
  0
LINE
  5
ABF
330
10F0
100
AcDbEntity
  8
0
100
AcDbLine
 10
0.1591767328770001
 20
-0.1868608886039999
 30
0.0
 11
0.1602106142850001
 21
-0.189293947974
 31
0.0
  0
LINE
  5
AC0
330
10F0
100
AcDbEntity
  8
0
100
AcDbLine
 10
0.1602106142850001
 20
-0.189293947974
 30
0.0
 11
0.1611363784320002
 21
-0.1907141060699999
 31
0.0
  0
LINE
  5
AC1
330
10F0
100
AcDbEntity
  8
0
100
AcDbLine
 10
0.1611363784320002
 20
-0.1907141060699999
 30
0.0
 11
0.1641890304540001
 21
-0.192339488115
 31
0.0
  0
LINE
  5
AC2
330
10F0
100
AcDbEntity
  8
0
100
AcDbLine
 10
0.1641890304540001
 20
-0.192339488115
 30
0.0
 11
0.1707488451
 21
-0.192347200449
 31
0.0
  0
LINE
  5
AC3
330
10F0
100
AcDbEntity
  8
0
100
AcDbLine
 10
0.1707488451
 20
-0.192347200449
 30
0.0
 11
0.1793459406420001
 21
-0.1912930039980001
 31
0.0
  0
LINE
  5
AC4
330
10F0
100
AcDbEntity
  8
0
100
AcDbLine
 10
0.1793459406420001
 20
-0.1912930039980001
 30
0.0
 11
0.1873643695919999
 21
-0.1900860849629999
 31
0.0
  0
LINE
  5
AC5
330
10F0
100
AcDbEntity
  8
0
100
AcDbLine
 10
0.1873643695919999
 20
-0.1900860849629999
 30
0.0
 11
0.1921668879420002
 21
-0.189331514559
 31
0.0
  0
LINE
  5
AC6
330
10F0
100
AcDbEntity
  8
0
100
AcDbLine
 10
-0.386408658033
 20
-0.1608404024339999
 30
0.0
 11
-0.38573850996
 21
-0.160020183636
 31
0.0
  0
LINE
  5
AC7
330
10F0
100
AcDbEntity
  8
0
100
AcDbLine
 10
-0.38573850996
 20
-0.160020183636
 30
0.0
 11
-0.382947145146
 21
-0.155363451192
 31
0.0
  0
LINE
  5
AC8
330
10F0
100
AcDbEntity
  8
0
100
AcDbLine
 10
-0.382947145146
 20
-0.155363451192
 30
0.0
 11
-0.376108633557
 21
-0.142630222761
 31
0.0
  0
LINE
  5
AC9
330
10F0
100
AcDbEntity
  8
0
100
AcDbLine
 10
-0.376108633557
 20
-0.142630222761
 30
0.0
 11
-0.370541263959
 21
-0.1317035600909999
 31
0.0
  0
LINE
  5
ACA
330
10F0
100
AcDbEntity
  8
0
100
AcDbLine
 10
-0.370541263959
 20
-0.1317035600909999
 30
0.0
 11
-0.356228616204
 21
-0.1041110675549999
 31
0.0
  0
LINE
  5
ACB
330
10F0
100
AcDbEntity
  8
0
100
AcDbLine
 10
-0.356228616204
 20
-0.1041110675549999
 30
0.0
 11
-0.3254643897389999
 21
-0.050808715263
 31
0.0
  0
LINE
  5
ACC
330
10F0
100
AcDbEntity
  8
0
100
AcDbLine
 10
-0.3254643897389999
 20
-0.050808715263
 30
0.0
 11
-0.29174135202
 21
0.0001449795780001
 31
0.0
  0
LINE
  5
ACD
330
10F0
100
AcDbEntity
  8
0
100
AcDbLine
 10
-0.29174135202
 20
0.0001449795780001
 30
0.0
 11
-0.2549312170290001
 21
0.0489438510210002
 31
0.0
  0
LINE
  5
ACE
330
10F0
100
AcDbEntity
  8
0
100
AcDbLine
 10
-0.2549312170290001
 20
0.0489438510210002
 30
0.0
 11
-0.23532840144
 21
0.0725958001530001
 31
0.0
  0
LINE
  5
ACF
330
10F0
100
AcDbEntity
  8
0
100
AcDbLine
 10
-0.23532840144
 20
0.0725958001530001
 30
0.0
 11
-0.22968171081
 21
0.0792409301550002
 31
0.0
  0
LINE
  5
AD0
330
10F0
100
AcDbEntity
  8
0
100
AcDbLine
 10
-0.22968171081
 20
0.0792409301550002
 30
0.0
 11
-0.2222914407480001
 21
0.0880617854430001
 31
0.0
  0
LINE
  5
AD1
330
10F0
100
AcDbEntity
  8
0
100
AcDbLine
 10
-0.2222914407480001
 20
0.0880617854430001
 30
0.0
 11
-0.218917871262
 21
0.0921797312400001
 31
0.0
  0
LINE
  5
AD2
330
10F0
100
AcDbEntity
  8
0
100
AcDbLine
 10
-0.218917871262
 20
0.0921797312400001
 30
0.0
 11
-0.217911381057
 21
0.0934532716410002
 31
0.0
  0
LINE
  5
AD3
330
10F0
100
AcDbEntity
  8
0
100
AcDbLine
 10
-0.217911381057
 20
0.0934532716410002
 30
0.0
 11
-0.2157240651570001
 21
0.0973924270290001
 31
0.0
  0
LINE
  5
AD4
330
10F0
100
AcDbEntity
  8
0
100
AcDbLine
 10
-0.2157240651570001
 20
0.0973924270290001
 30
0.0
 11
-0.216433172934
 21
0.104291468703
 31
0.0
  0
LINE
  5
AD5
330
10F0
100
AcDbEntity
  8
0
100
AcDbLine
 10
-0.216433172934
 20
0.104291468703
 30
0.0
 11
-0.219275113581
 21
0.106721292771
 31
0.0
  0
LINE
  5
AD6
330
10F0
100
AcDbEntity
  8
0
100
AcDbLine
 10
-0.219275113581
 20
0.106721292771
 30
0.0
 11
-0.2206725939450001
 21
0.1073076819030001
 31
0.0
  0
LINE
  5
AD7
330
10F0
100
AcDbEntity
  8
0
100
AcDbLine
 10
-0.2206725939450001
 20
0.1073076819030001
 30
0.0
 11
-0.224239317084
 21
0.1070554916430001
 31
0.0
  0
LINE
  5
AD8
330
10F0
100
AcDbEntity
  8
0
100
AcDbLine
 10
-0.224239317084
 20
0.1070554916430001
 30
0.0
 11
-0.2307592568880001
 21
0.1040022595800001
 31
0.0
  0
LINE
  5
AD9
330
10F0
100
AcDbEntity
  8
0
100
AcDbLine
 10
-0.2307592568880001
 20
0.1040022595800001
 30
0.0
 11
-0.238976284392
 21
0.0992236828050001
 31
0.0
  0
LINE
  5
ADA
330
10F0
100
AcDbEntity
  8
0
100
AcDbLine
 10
-0.238976284392
 20
0.0992236828050001
 30
0.0
 11
-0.24657980202
 21
0.0945994615739999
 31
0.0
  0
LINE
  5
ADB
330
10F0
100
AcDbEntity
  8
0
100
AcDbLine
 10
-0.24657980202
 20
0.0945994615739999
 30
0.0
 11
-0.251127447633
 21
0.091805114907
 31
0.0
  0
LINE
  5
ADC
330
10F0
100
AcDbEntity
  8
0
100
AcDbLine
 10
-0.251127447633
 20
0.091805114907
 30
0.0
 11
-0.271399227399
 21
0.0789376282470002
 31
0.0
  0
LINE
  5
ADD
330
10F0
100
AcDbEntity
  8
0
100
AcDbLine
 10
-0.271399227399
 20
0.0789376282470002
 30
0.0
 11
-0.311447755107
 21
0.0511663623120001
 31
0.0
  0
LINE
  5
ADE
330
10F0
100
AcDbEntity
  8
0
100
AcDbLine
 10
-0.311447755107
 20
0.0511663623120001
 30
0.0
 11
-0.3509505203669999
 21
0.0205915847220002
 31
0.0
  0
LINE
  5
ADF
330
10F0
100
AcDbEntity
  8
0
100
AcDbLine
 10
-0.3509505203669999
 20
0.0205915847220002
 30
0.0
 11
-0.390044656098
 21
-0.0128928435209999
 31
0.0
  0
LINE
  5
AE0
330
10F0
100
AcDbEntity
  8
0
100
AcDbLine
 10
-0.390044656098
 20
-0.0128928435209999
 30
0.0
 11
-0.409481343522
 21
-0.030759348051
 31
0.0
  0
LINE
  5
AE1
330
10F0
100
AcDbEntity
  8
0
100
AcDbLine
 10
-0.409481343522
 20
-0.030759348051
 30
0.0
 11
-0.4255321870440001
 21
-0.045850402323
 31
0.0
  0
LINE
  5
AE2
330
10F0
100
AcDbEntity
  8
0
100
AcDbLine
 10
-0.4255321870440001
 20
-0.045850402323
 30
0.0
 11
-0.4226507066519999
 21
-0.066213660168
 31
0.0
  0
LINE
  5
AE3
330
10F0
100
AcDbEntity
  8
0
100
AcDbLine
 10
-0.4226507066519999
 20
-0.066213660168
 30
0.0
 11
-0.420547278969
 21
-0.078858606699
 31
0.0
  0
LINE
  5
AE4
330
10F0
100
AcDbEntity
  8
0
100
AcDbLine
 10
-0.420547278969
 20
-0.078858606699
 30
0.0
 11
-0.414306820269
 21
-0.1074526463339999
 31
0.0
  0
LINE
  5
AE5
330
10F0
100
AcDbEntity
  8
0
100
AcDbLine
 10
-0.414306820269
 20
-0.1074526463339999
 30
0.0
 11
-0.4068351131309999
 21
-0.134995643172
 31
0.0
  0
LINE
  5
AE6
330
10F0
100
AcDbEntity
  8
0
100
AcDbLine
 10
-0.4068351131309999
 20
-0.134995643172
 30
0.0
 11
-0.4014918638909999
 21
-0.151024186584
 31
0.0
  0
LINE
  5
AE7
330
10F0
100
AcDbEntity
  8
0
100
AcDbLine
 10
-0.4014918638909999
 20
-0.151024186584
 30
0.0
 11
-0.398470073112
 21
-0.157971077388
 31
0.0
  0
LINE
  5
AE8
330
10F0
100
AcDbEntity
  8
0
100
AcDbLine
 10
-0.398470073112
 20
-0.157971077388
 30
0.0
 11
-0.397204554627
 21
-0.1600159498469999
 31
0.0
  0
LINE
  5
AE9
330
10F0
100
AcDbEntity
  8
0
100
AcDbLine
 10
-0.397204554627
 20
-0.1600159498469999
 30
0.0
 11
-0.3951830368980001
 21
-0.1614063098249998
 31
0.0
  0
LINE
  5
AEA
330
10F0
100
AcDbEntity
  8
0
100
AcDbLine
 10
-0.3951830368980001
 20
-0.1614063098249998
 30
0.0
 11
-0.389116364265
 21
-0.161869604391
 31
0.0
  0
LINE
  5
AEB
330
10F0
100
AcDbEntity
  8
0
100
AcDbLine
 10
-0.389116364265
 20
-0.161869604391
 30
0.0
 11
-0.386408658033
 21
-0.1608404024339999
 31
0.0
  0
LINE
  5
AEC
330
10F0
100
AcDbEntity
  8
0
100
AcDbLine
 10
0.2468101062150002
 20
-0.10271967507
 30
0.0
 11
0.2678377746599999
 21
-0.089586206442
 31
0.0
  0
LINE
  5
AED
330
10F0
100
AcDbEntity
  8
0
100
AcDbLine
 10
0.2678377746599999
 20
-0.089586206442
 30
0.0
 11
0.3092091496560003
 21
-0.0612537533909998
 31
0.0
  0
LINE
  5
AEE
330
10F0
100
AcDbEntity
  8
0
100
AcDbLine
 10
0.3092091496560003
 20
-0.0612537533909998
 30
0.0
 11
0.3498883503300002
 21
-0.0299984142059999
 31
0.0
  0
LINE
  5
AEF
330
10F0
100
AcDbEntity
  8
0
100
AcDbLine
 10
0.3498883503300002
 20
-0.0299984142059999
 30
0.0
 11
0.3901391184330001
 21
0.0043824512430001
 31
0.0
  0
LINE
  5
AF0
330
10F0
100
AcDbEntity
  8
0
100
AcDbLine
 10
0.3901391184330001
 20
0.0043824512430001
 30
0.0
 11
0.4101862556340001
 21
0.0228082785930002
 31
0.0
  0
LINE
  5
AF1
330
10F0
100
AcDbEntity
  8
0
100
AcDbLine
 10
0.4101862556340001
 20
0.0228082785930002
 30
0.0
 11
0.4262400129690003
 21
0.037910831625
 31
0.0
  0
LINE
  5
AF2
330
10F0
100
AcDbEntity
  8
0
100
AcDbLine
 10
0.4262400129690003
 20
0.037910831625
 30
0.0
 11
0.4233556187640006
 21
0.058294674972
 31
0.0
  0
LINE
  5
AF3
330
10F0
100
AcDbEntity
  8
0
100
AcDbLine
 10
0.4233556187640006
 20
0.058294674972
 30
0.0
 11
0.4210082829900001
 21
0.0723880485179999
 31
0.0
  0
LINE
  5
AF4
330
10F0
100
AcDbEntity
  8
0
100
AcDbLine
 10
0.4210082829900001
 20
0.0723880485179999
 30
0.0
 11
0.4142335827150002
 21
0.1028565748440001
 31
0.0
  0
LINE
  5
AF5
330
10F0
100
AcDbEntity
  8
0
100
AcDbLine
 10
0.4142335827150002
 20
0.1028565748440001
 30
0.0
 11
0.4082744915280007
 21
0.1243985168250001
 31
0.0
  0
LINE
  5
AF6
330
10F0
100
AcDbEntity
  8
0
100
AcDbLine
 10
0.4082744915280007
 20
0.1243985168250001
 30
0.0
 11
0.404332190991
 21
0.136561976595
 31
0.0
  0
LINE
  5
AF7
330
10F0
100
AcDbEntity
  8
0
100
AcDbLine
 10
0.404332190991
 20
0.136561976595
 30
0.0
 11
0.4006933335450003
 21
0.1459876105260001
 31
0.0
  0
LINE
  5
AF8
330
10F0
100
AcDbEntity
  8
0
100
AcDbLine
 10
0.4006933335450003
 20
0.1459876105260001
 30
0.0
 11
0.3975971461290002
 21
0.1518357965130001
 31
0.0
  0
LINE
  5
AF9
330
10F0
100
AcDbEntity
  8
0
100
AcDbLine
 10
0.3975971461290002
 20
0.1518357965130001
 30
0.0
 11
0.3963273122070001
 21
0.1531559664270001
 31
0.0
  0
LINE
  5
AFA
330
10F0
100
AcDbEntity
  8
0
100
AcDbLine
 10
0.3963273122070001
 20
0.1531559664270001
 30
0.0
 11
0.3933468455220005
 21
0.1539751169970001
 31
0.0
  0
LINE
  5
AFB
330
10F0
100
AcDbEntity
  8
0
100
AcDbLine
 10
0.3933468455220005
 20
0.1539751169970001
 30
0.0
 11
0.3897180256770003
 21
0.1537134895890002
 31
0.0
  0
LINE
  5
AFC
330
10F0
100
AcDbEntity
  8
0
100
AcDbLine
 10
0.3897180256770003
 20
0.1537134895890002
 30
0.0
 11
0.3884573261250001
 21
0.1531434334589999
 31
0.0
  0
LINE
  5
AFD
330
10F0
100
AcDbEntity
  8
0
100
AcDbLine
 10
0.3884573261250001
 20
0.1531434334589999
 30
0.0
 11
0.3854869599780004
 21
0.1500220185119999
 31
0.0
  0
LINE
  5
AFE
330
10F0
100
AcDbEntity
  8
0
100
AcDbLine
 10
0.3854869599780004
 20
0.1500220185119999
 30
0.0
 11
0.3813393776580004
 21
0.1433245640490001
 31
0.0
  0
LINE
  5
AFF
330
10F0
100
AcDbEntity
  8
0
100
AcDbLine
 10
0.3813393776580004
 20
0.1433245640490001
 30
0.0
 11
0.3753202649850003
 21
0.131929905249
 31
0.0
  0
LINE
  5
B00
330
10F0
100
AcDbEntity
  8
0
100
AcDbLine
 10
0.3753202649850003
 20
0.131929905249
 30
0.0
 11
0.3713919126480001
 21
0.1241207605350001
 31
0.0
  0
LINE
  5
B01
330
10F0
100
AcDbEntity
  8
0
100
AcDbLine
 10
0.3713919126480001
 20
0.1241207605350001
 30
0.0
 11
0.3568426642980005
 21
0.0959884369380001
 31
0.0
  0
LINE
  5
B02
330
10F0
100
AcDbEntity
  8
0
100
AcDbLine
 10
0.3568426642980005
 20
0.0959884369380001
 30
0.0
 11
0.3256332299999999
 21
0.0418848336990001
 31
0.0
  0
LINE
  5
B03
330
10F0
100
AcDbEntity
  8
0
100
AcDbLine
 10
0.3256332299999999
 20
0.0418848336990001
 30
0.0
 11
0.2914068374640001
 21
-0.009642052215
 31
0.0
  0
LINE
  5
B04
330
10F0
100
AcDbEntity
  8
0
100
AcDbLine
 10
0.2914068374640001
 20
-0.009642052215
 30
0.0
 11
0.2539206332190002
 21
-0.058957828641
 31
0.0
  0
LINE
  5
B05
330
10F0
100
AcDbEntity
  8
0
100
AcDbLine
 10
0.2539206332190002
 20
-0.058957828641
 30
0.0
 11
0.233879209677
 21
-0.082900805265
 31
0.0
  0
LINE
  5
B06
330
10F0
100
AcDbEntity
  8
0
100
AcDbLine
 10
0.233879209677
 20
-0.082900805265
 30
0.0
 11
0.2293483699440002
 21
-0.0882051407279998
 31
0.0
  0
LINE
  5
B07
330
10F0
100
AcDbEntity
  8
0
100
AcDbLine
 10
0.2293483699440002
 20
-0.0882051407279998
 30
0.0
 11
0.2225577874320001
 21
-0.0965711043899998
 31
0.0
  0
LINE
  5
B08
330
10F0
100
AcDbEntity
  8
0
100
AcDbLine
 10
0.2225577874320001
 20
-0.0965711043899998
 30
0.0
 11
0.2184451334460001
 21
-0.102447145953
 31
0.0
  0
LINE
  5
B09
330
10F0
100
AcDbEntity
  8
0
100
AcDbLine
 10
0.2184451334460001
 20
-0.102447145953
 30
0.0
 11
0.2165901708330001
 21
-0.1064336895
 31
0.0
  0
LINE
  5
B0A
330
10F0
100
AcDbEntity
  8
0
100
AcDbLine
 10
0.2165901708330001
 20
-0.1064336895
 30
0.0
 11
0.2163780000000002
 21
-0.107906030874
 31
0.0
  0
LINE
  5
B0B
330
10F0
100
AcDbEntity
  8
0
100
AcDbLine
 10
0.2163780000000002
 20
-0.107906030874
 30
0.0
 11
0.2169631150830001
 21
-0.110910166974
 31
0.0
  0
LINE
  5
B0C
330
10F0
100
AcDbEntity
  8
0
100
AcDbLine
 10
0.2169631150830001
 20
-0.110910166974
 30
0.0
 11
0.2207735438940003
 21
-0.1153792076759998
 31
0.0
  0
LINE
  5
B0D
330
10F0
100
AcDbEntity
  8
0
100
AcDbLine
 10
0.2207735438940003
 20
-0.1153792076759998
 30
0.0
 11
0.2234185257510003
 21
-0.116163474138
 31
0.0
  0
LINE
  5
B0E
330
10F0
100
AcDbEntity
  8
0
100
AcDbLine
 10
0.2234185257510003
 20
-0.116163474138
 30
0.0
 11
0.2240921251530001
 21
-0.115898419215
 31
0.0
  0
LINE
  5
B0F
330
10F0
100
AcDbEntity
  8
0
100
AcDbLine
 10
0.2240921251530001
 20
-0.115898419215
 30
0.0
 11
0.2278479059370001
 21
-0.113879390049
 31
0.0
  0
LINE
  5
B10
330
10F0
100
AcDbEntity
  8
0
100
AcDbLine
 10
0.2278479059370001
 20
-0.113879390049
 30
0.0
 11
0.2380638925080003
 21
-0.107955654147
 31
0.0
  0
LINE
  5
B11
330
10F0
100
AcDbEntity
  8
0
100
AcDbLine
 10
0.2380638925080003
 20
-0.107955654147
 30
0.0
 11
0.2468101062150002
 21
-0.10271967507
 31
0.0
  0
LINE
  5
B12
330
10F0
100
AcDbEntity
  8
0
100
AcDbLine
 10
0.4747814567730006
 20
-0.096421402782
 30
0.0
 11
0.495375079347
 21
-0.0851435159309999
 31
0.0
  0
LINE
  5
B13
330
10F0
100
AcDbEntity
  8
0
100
AcDbLine
 10
0.495375079347
 20
-0.0851435159309999
 30
0.0
 11
0.5360667500520002
 21
-0.0603819381600001
 31
0.0
  0
LINE
  5
B14
330
10F0
100
AcDbEntity
  8
0
100
AcDbLine
 10
0.5360667500520002
 20
-0.0603819381600001
 30
0.0
 11
0.5557275000000002
 21
-0.0471643499789999
 31
0.0
  0
LINE
  5
B15
330
10F0
100
AcDbEntity
  8
0
100
AcDbLine
 10
0.5557275000000002
 20
-0.0471643499789999
 30
0.0
 11
0.5749955740980002
 21
-0.0332577666449999
 31
0.0
  0
LINE
  5
B16
330
10F0
100
AcDbEntity
  8
0
100
AcDbLine
 10
0.5749955740980002
 20
-0.0332577666449999
 30
0.0
 11
0.6027576512310002
 21
-0.0118275786629998
 31
0.0
  0
LINE
  5
B17
330
10F0
100
AcDbEntity
  8
0
100
AcDbLine
 10
0.6027576512310002
 20
-0.0118275786629998
 30
0.0
 11
0.6123263239530006
 21
-0.0038286720899998
 31
0.0
  0
LINE
  5
B18
330
10F0
100
AcDbEntity
  8
0
100
AcDbLine
 10
0.6123263239530006
 20
-0.0038286720899998
 30
0.0
 11
0.6159175874190006
 21
-0.0004337193329999
 31
0.0
  0
LINE
  5
B19
330
10F0
100
AcDbEntity
  8
0
100
AcDbLine
 10
0.6159175874190006
 20
-0.0004337193329999
 30
0.0
 11
0.616682027025
 21
0.000530007732
 31
0.0
  0
LINE
  5
B1A
330
10F0
100
AcDbEntity
  8
0
100
AcDbLine
 10
0.616682027025
 20
0.000530007732
 30
0.0
 11
0.6169891357710005
 21
0.001748112543
 31
0.0
  0
LINE
  5
B1B
330
10F0
100
AcDbEntity
  8
0
100
AcDbLine
 10
0.6169891357710005
 20
0.001748112543
 30
0.0
 11
0.6172416764370006
 21
0.007196917338
 31
0.0
  0
LINE
  5
B1C
330
10F0
100
AcDbEntity
  8
0
100
AcDbLine
 10
0.6172416764370006
 20
0.007196917338
 30
0.0
 11
0.6170602460760002
 21
0.015955204743
 31
0.0
  0
LINE
  5
B1D
330
10F0
100
AcDbEntity
  8
0
100
AcDbLine
 10
0.6170602460760002
 20
0.015955204743
 30
0.0
 11
0.6165027671400003
 21
0.0271742029740001
 31
0.0
  0
LINE
  5
B1E
330
10F0
100
AcDbEntity
  8
0
100
AcDbLine
 10
0.6165027671400003
 20
0.0271742029740001
 30
0.0
 11
0.6150881594070005
 21
0.0467598452670001
 31
0.0
  0
LINE
  5
B1F
330
10F0
100
AcDbEntity
  8
0
100
AcDbLine
 10
0.6150881594070005
 20
0.0467598452670001
 30
0.0
 11
0.6124264465140004
 21
0.0735646540320001
 31
0.0
  0
LINE
  5
B20
330
10F0
100
AcDbEntity
  8
0
100
AcDbLine
 10
0.6124264465140004
 20
0.0735646540320001
 30
0.0
 11
0.6108935291280002
 21
0.085353300153
 31
0.0
  0
LINE
  5
B21
330
10F0
100
AcDbEntity
  8
0
100
AcDbLine
 10
0.6108935291280002
 20
0.085353300153
 30
0.0
 11
0.6085539363060001
 21
0.0997755229260002
 31
0.0
  0
LINE
  5
B22
330
10F0
100
AcDbEntity
  8
0
100
AcDbLine
 10
0.6085539363060001
 20
0.0997755229260002
 30
0.0
 11
0.6022390503510006
 21
0.1313364688740002
 31
0.0
  0
LINE
  5
B23
330
10F0
100
AcDbEntity
  8
0
100
AcDbLine
 10
0.6022390503510006
 20
0.1313364688740002
 30
0.0
 11
0.5968509032160003
 21
0.1541570627610001
 31
0.0
  0
LINE
  5
B24
330
10F0
100
AcDbEntity
  8
0
100
AcDbLine
 10
0.5968509032160003
 20
0.1541570627610001
 30
0.0
 11
0.5933194094880001
 21
0.1674292870620001
 31
0.0
  0
LINE
  5
B25
330
10F0
100
AcDbEntity
  8
0
100
AcDbLine
 10
0.5933194094880001
 20
0.1674292870620001
 30
0.0
 11
0.5900672897010003
 21
0.178192141731
 31
0.0
  0
LINE
  5
B26
330
10F0
100
AcDbEntity
  8
0
100
AcDbLine
 10
0.5900672897010003
 20
0.178192141731
 30
0.0
 11
0.5872924501020005
 21
0.1856260577520001
 31
0.0
  0
LINE
  5
B27
330
10F0
100
AcDbEntity
  8
0
100
AcDbLine
 10
0.5872924501020005
 20
0.1856260577520001
 30
0.0
 11
0.586145855331
 21
0.187838550153
 31
0.0
  0
LINE
  5
B28
330
10F0
100
AcDbEntity
  8
0
100
AcDbLine
 10
0.586145855331
 20
0.187838550153
 30
0.0
 11
0.5834080209870002
 21
0.1904919315480001
 31
0.0
  0
LINE
  5
B29
330
10F0
100
AcDbEntity
  8
0
100
AcDbLine
 10
0.5834080209870002
 20
0.1904919315480001
 30
0.0
 11
0.5763509462069998
 21
0.1909550917350001
 31
0.0
  0
LINE
  5
B2A
330
10F0
100
AcDbEntity
  8
0
100
AcDbLine
 10
0.5763509462069998
 20
0.1909550917350001
 30
0.0
 11
0.5731869484260008
 21
0.1886890501530001
 31
0.0
  0
LINE
  5
B2B
330
10F0
100
AcDbEntity
  8
0
100
AcDbLine
 10
0.5731869484260008
 20
0.1886890501530001
 30
0.0
 11
0.5724247660470004
 21
0.1877091891030001
 31
0.0
  0
LINE
  5
B2C
330
10F0
100
AcDbEntity
  8
0
100
AcDbLine
 10
0.5724247660470004
 20
0.1877091891030001
 30
0.0
 11
0.5697545175360003
 21
0.183820893615
 31
0.0
  0
LINE
  5
B2D
330
10F0
100
AcDbEntity
  8
0
100
AcDbLine
 10
0.5697545175360003
 20
0.183820893615
 30
0.0
 11
0.5637515830740002
 21
0.1745013153330001
 31
0.0
  0
LINE
  5
B2E
330
10F0
100
AcDbEntity
  8
0
100
AcDbLine
 10
0.5637515830740002
 20
0.1745013153330001
 30
0.0
 11
0.5590923671700002
 21
0.167001300153
 31
0.0
  0
LINE
  5
B2F
330
10F0
100
AcDbEntity
  8
0
100
AcDbLine
 10
0.5590923671700002
 20
0.167001300153
 30
0.0
 11
0.5498333921160001
 21
0.1523392431839999
 31
0.0
  0
LINE
  5
B30
330
10F0
100
AcDbEntity
  8
0
100
AcDbLine
 10
0.5498333921160001
 20
0.1523392431839999
 30
0.0
 11
0.5293100599650004
 21
0.1223399360069999
 31
0.0
  0
LINE
  5
B31
330
10F0
100
AcDbEntity
  8
0
100
AcDbLine
 10
0.5293100599650004
 20
0.1223399360069999
 30
0.0
 11
0.4950541669860006
 21
0.077707749114
 31
0.0
  0
LINE
  5
B32
330
10F0
100
AcDbEntity
  8
0
100
AcDbLine
 10
0.4950541669860006
 20
0.077707749114
 30
0.0
 11
0.4711027500000001
 21
0.0497956165650003
 31
0.0
  0
LINE
  5
B33
330
10F0
100
AcDbEntity
  8
0
100
AcDbLine
 10
0.4711027500000001
 20
0.0497956165650003
 30
0.0
 11
0.4528170000000007
 21
0.0294846015330001
 31
0.0
  0
LINE
  5
B34
330
10F0
100
AcDbEntity
  8
0
100
AcDbLine
 10
0.4528170000000007
 20
0.0294846015330001
 30
0.0
 11
0.4527616732740004
 21
-0.0038170491569999
 31
0.0
  0
LINE
  5
B35
330
10F0
100
AcDbEntity
  8
0
100
AcDbLine
 10
0.4527616732740004
 20
-0.0038170491569999
 30
0.0
 11
0.4526790489
 21
-0.0148212314999999
 31
0.0
  0
LINE
  5
B36
330
10F0
100
AcDbEntity
  8
0
100
AcDbLine
 10
0.4526790489
 20
-0.0148212314999999
 30
0.0
 11
0.4520246231700003
 21
-0.0341890624439999
 31
0.0
  0
LINE
  5
B37
330
10F0
100
AcDbEntity
  8
0
100
AcDbLine
 10
0.4520246231700003
 20
-0.0341890624439999
 30
0.0
 11
0.450474163371
 21
-0.0529930101870001
 31
0.0
  0
LINE
  5
B38
330
10F0
100
AcDbEntity
  8
0
100
AcDbLine
 10
0.450474163371
 20
-0.0529930101870001
 30
0.0
 11
0.4477351060080004
 21
-0.0747812722769998
 31
0.0
  0
LINE
  5
B39
330
10F0
100
AcDbEntity
  8
0
100
AcDbLine
 10
0.4477351060080004
 20
-0.0747812722769998
 30
0.0
 11
0.4458284278920004
 21
-0.087903332298
 31
0.0
  0
LINE
  5
B3A
330
10F0
100
AcDbEntity
  8
0
100
AcDbLine
 10
0.4458284278920004
 20
-0.087903332298
 30
0.0
 11
0.4451328311580002
 21
-0.0926590799519999
 31
0.0
  0
LINE
  5
B3B
330
10F0
100
AcDbEntity
  8
0
100
AcDbLine
 10
0.4451328311580002
 20
-0.0926590799519999
 30
0.0
 11
0.4443952248270008
 21
-0.0991009404539998
 31
0.0
  0
LINE
  5
B3C
330
10F0
100
AcDbEntity
  8
0
100
AcDbLine
 10
0.4443952248270008
 20
-0.0991009404539998
 30
0.0
 11
0.4450700098260004
 21
-0.1036736724150002
 31
0.0
  0
LINE
  5
B3D
330
10F0
100
AcDbEntity
  8
0
100
AcDbLine
 10
0.4450700098260004
 20
-0.1036736724150002
 30
0.0
 11
0.4468218425100005
 21
-0.105338582298
 31
0.0
  0
LINE
  5
B3E
330
10F0
100
AcDbEntity
  8
0
100
AcDbLine
 10
0.4468218425100005
 20
-0.105338582298
 30
0.0
 11
0.4495979289420003
 21
-0.1070135365859999
 31
0.0
  0
LINE
  5
B3F
330
10F0
100
AcDbEntity
  8
0
100
AcDbLine
 10
0.4495979289420003
 20
-0.1070135365859999
 30
0.0
 11
0.4517178189030003
 21
-0.107710199847
 31
0.0
  0
LINE
  5
B40
330
10F0
100
AcDbEntity
  8
0
100
AcDbLine
 10
0.4517178189030003
 20
-0.107710199847
 30
0.0
 11
0.4524867933750001
 21
-0.1074797942939999
 31
0.0
  0
LINE
  5
B41
330
10F0
100
AcDbEntity
  8
0
100
AcDbLine
 10
0.4524867933750001
 20
-0.1074797942939999
 30
0.0
 11
0.456309709227
 21
-0.1057754501280001
 31
0.0
  0
LINE
  5
B42
330
10F0
100
AcDbEntity
  8
0
100
AcDbLine
 10
0.456309709227
 20
-0.1057754501280001
 30
0.0
 11
0.4663375498890002
 21
-0.1008046314359999
 31
0.0
  0
LINE
  5
B43
330
10F0
100
AcDbEntity
  8
0
100
AcDbLine
 10
0.4663375498890002
 20
-0.1008046314359999
 30
0.0
 11
0.4747814567730006
 21
-0.096421402782
 31
0.0
  0
LINE
  5
B44
330
10F0
100
AcDbEntity
  8
0
100
AcDbLine
 10
-0.7229534437709999
 20
-0.081339841791
 30
0.0
 11
-0.707724785403
 21
-0.063230511006
 31
0.0
  0
LINE
  5
B45
330
10F0
100
AcDbEntity
  8
0
100
AcDbLine
 10
-0.707724785403
 20
-0.063230511006
 30
0.0
 11
-0.6753339776880001
 21
-0.0282004333920001
 31
0.0
  0
LINE
  5
B46
330
10F0
100
AcDbEntity
  8
0
100
AcDbLine
 10
-0.6753339776880001
 20
-0.0282004333920001
 30
0.0
 11
-0.659362467105
 21
-0.0125673418619999
 31
0.0
  0
LINE
  5
B47
330
10F0
100
AcDbEntity
  8
0
100
AcDbLine
 10
-0.659362467105
 20
-0.0125673418619999
 30
0.0
 11
-0.64292843421
 21
0.002902346505
 31
0.0
  0
LINE
  5
B48
330
10F0
100
AcDbEntity
  8
0
100
AcDbLine
 10
-0.64292843421
 20
0.002902346505
 30
0.0
 11
-0.6419514818700001
 21
0.0177623233290001
 31
0.0
  0
LINE
  5
B49
330
10F0
100
AcDbEntity
  8
0
100
AcDbLine
 10
-0.6419514818700001
 20
0.0177623233290001
 30
0.0
 11
-0.6400816559189999
 21
0.042649361757
 31
0.0
  0
LINE
  5
B4A
330
10F0
100
AcDbEntity
  8
0
100
AcDbLine
 10
-0.6400816559189999
 20
0.042649361757
 30
0.0
 11
-0.635167497537
 21
0.087478214868
 31
0.0
  0
LINE
  5
B4B
330
10F0
100
AcDbEntity
  8
0
100
AcDbLine
 10
-0.635167497537
 20
0.087478214868
 30
0.0
 11
-0.6283326209850001
 21
0.1278063308430002
 31
0.0
  0
LINE
  5
B4C
330
10F0
100
AcDbEntity
  8
0
100
AcDbLine
 10
-0.6283326209850001
 20
0.1278063308430002
 30
0.0
 11
-0.619151376528
 21
0.1661451851520001
 31
0.0
  0
LINE
  5
B4D
330
10F0
100
AcDbEntity
  8
0
100
AcDbLine
 10
-0.619151376528
 20
0.1661451851520001
 30
0.0
 11
-0.613547850474
 21
0.1853534759040003
 31
0.0
  0
LINE
  5
B4E
330
10F0
100
AcDbEntity
  8
0
100
AcDbLine
 10
-0.613547850474
 20
0.1853534759040003
 30
0.0
 11
-0.6120860791139999
 21
0.190284186717
 31
0.0
  0
LINE
  5
B4F
330
10F0
100
AcDbEntity
  8
0
100
AcDbLine
 10
-0.6120860791139999
 20
0.190284186717
 30
0.0
 11
-0.6101266631939999
 21
0.19839023928
 31
0.0
  0
LINE
  5
B50
330
10F0
100
AcDbEntity
  8
0
100
AcDbLine
 10
-0.6101266631939999
 20
0.19839023928
 30
0.0
 11
-0.609610190265
 21
0.2042458110089999
 31
0.0
  0
LINE
  5
B51
330
10F0
100
AcDbEntity
  8
0
100
AcDbLine
 10
-0.609610190265
 20
0.2042458110089999
 30
0.0
 11
-0.610725585294
 21
0.2079589137030001
 31
0.0
  0
LINE
  5
B52
330
10F0
100
AcDbEntity
  8
0
100
AcDbLine
 10
-0.610725585294
 20
0.2079589137030001
 30
0.0
 11
-0.613661780052
 21
0.2096375574600001
 31
0.0
  0
LINE
  5
B53
330
10F0
100
AcDbEntity
  8
0
100
AcDbLine
 10
-0.613661780052
 20
0.2096375574600001
 30
0.0
 11
-0.618607701207
 21
0.20938975578
 31
0.0
  0
LINE
  5
B54
330
10F0
100
AcDbEntity
  8
0
100
AcDbLine
 10
-0.618607701207
 20
0.20938975578
 30
0.0
 11
-0.6257522771280001
 21
0.2073235204620001
 31
0.0
  0
LINE
  5
B55
330
10F0
100
AcDbEntity
  8
0
100
AcDbLine
 10
-0.6257522771280001
 20
0.2073235204620001
 30
0.0
 11
-0.6352844361839999
 21
0.2035468616040002
 31
0.0
  0
LINE
  5
B56
330
10F0
100
AcDbEntity
  8
0
100
AcDbLine
 10
-0.6352844361839999
 20
0.2035468616040002
 30
0.0
 11
-0.641004897483
 21
0.2010508771410003
 31
0.0
  0
LINE
  5
B57
330
10F0
100
AcDbEntity
  8
0
100
AcDbLine
 10
-0.641004897483
 20
0.2010508771410003
 30
0.0
 11
-0.6604435682729999
 21
0.1918826980650002
 31
0.0
  0
LINE
  5
B58
330
10F0
100
AcDbEntity
  8
0
100
AcDbLine
 10
-0.6604435682729999
 20
0.1918826980650002
 30
0.0
 11
-0.7016297945219999
 21
0.1694739196800001
 31
0.0
  0
LINE
  5
B59
330
10F0
100
AcDbEntity
  8
0
100
AcDbLine
 10
-0.7016297945219999
 20
0.1694739196800001
 30
0.0
 11
-0.722873319867
 21
0.1565075555909999
 31
0.0
  0
LINE
  5
B5A
330
10F0
100
AcDbEntity
  8
0
100
AcDbLine
 10
-0.722873319867
 20
0.1565075555909999
 30
0.0
 11
-0.728282472651
 21
0.1530469629450001
 31
0.0
  0
LINE
  5
B5B
330
10F0
100
AcDbEntity
  8
0
100
AcDbLine
 10
-0.728282472651
 20
0.1530469629450001
 30
0.0
 11
-0.73621496538
 21
0.1476448727130001
 31
0.0
  0
LINE
  5
B5C
330
10F0
100
AcDbEntity
  8
0
100
AcDbLine
 10
-0.73621496538
 20
0.1476448727130001
 30
0.0
 11
-0.740936189538
 21
0.143742105117
 31
0.0
  0
LINE
  5
B5D
330
10F0
100
AcDbEntity
  8
0
100
AcDbLine
 10
-0.740936189538
 20
0.143742105117
 30
0.0
 11
-0.7432099230420001
 21
0.140707284678
 31
0.0
  0
LINE
  5
B5E
330
10F0
100
AcDbEntity
  8
0
100
AcDbLine
 10
-0.7432099230420001
 20
0.140707284678
 30
0.0
 11
-0.743667660441
 21
0.139318052463
 31
0.0
  0
LINE
  5
B5F
330
10F0
100
AcDbEntity
  8
0
100
AcDbLine
 10
-0.743667660441
 20
0.139318052463
 30
0.0
 11
-0.748864035135
 21
0.109743554727
 31
0.0
  0
LINE
  5
B60
330
10F0
100
AcDbEntity
  8
0
100
AcDbLine
 10
-0.748864035135
 20
0.109743554727
 30
0.0
 11
-0.75383985987
 21
0.0635182248420002
 31
0.0
  0
LINE
  5
B61
330
10F0
100
AcDbEntity
  8
0
100
AcDbLine
 10
-0.75383985987
 20
0.0635182248420002
 30
0.0
 11
-0.755565510762
 21
0.028421583696
 31
0.0
  0
LINE
  5
B62
330
10F0
100
AcDbEntity
  8
0
100
AcDbLine
 10
-0.755565510762
 20
0.028421583696
 30
0.0
 11
-0.756024816483
 21
0.0088083001529999
 31
0.0
  0
LINE
  5
B63
330
10F0
100
AcDbEntity
  8
0
100
AcDbLine
 10
-0.756024816483
 20
0.0088083001529999
 30
0.0
 11
-0.7561734260490001
 21
-0.0027450908639998
 31
0.0
  0
LINE
  5
B64
330
10F0
100
AcDbEntity
  8
0
100
AcDbLine
 10
-0.7561734260490001
 20
-0.0027450908639998
 30
0.0
 11
-0.756196096977
 21
-0.0241849575359999
 31
0.0
  0
LINE
  5
B65
330
10F0
100
AcDbEntity
  8
0
100
AcDbLine
 10
-0.756196096977
 20
-0.0241849575359999
 30
0.0
 11
-0.75586190661
 21
-0.0432758350619998
 31
0.0
  0
LINE
  5
B66
330
10F0
100
AcDbEntity
  8
0
100
AcDbLine
 10
-0.75586190661
 20
-0.0432758350619998
 30
0.0
 11
-0.755181902943
 21
-0.0598659908400001
 31
0.0
  0
LINE
  5
B67
330
10F0
100
AcDbEntity
  8
0
100
AcDbLine
 10
-0.755181902943
 20
-0.0598659908400001
 30
0.0
 11
-0.75416713227
 21
-0.073803699072
 31
0.0
  0
LINE
  5
B68
330
10F0
100
AcDbEntity
  8
0
100
AcDbLine
 10
-0.75416713227
 20
-0.073803699072
 30
0.0
 11
-0.752828642586
 21
-0.0849372271559999
 31
0.0
  0
LINE
  5
B69
330
10F0
100
AcDbEntity
  8
0
100
AcDbLine
 10
-0.752828642586
 20
-0.0849372271559999
 30
0.0
 11
-0.751177478484
 21
-0.0931148492940001
 31
0.0
  0
LINE
  5
B6A
330
10F0
100
AcDbEntity
  8
0
100
AcDbLine
 10
-0.751177478484
 20
-0.0931148492940001
 30
0.0
 11
-0.74922468966
 21
-0.0981848345849999
 31
0.0
  0
LINE
  5
B6B
330
10F0
100
AcDbEntity
  8
0
100
AcDbLine
 10
-0.74922468966
 20
-0.0981848345849999
 30
0.0
 11
-0.748138638582
 21
-0.0995070473999999
 31
0.0
  0
LINE
  5
B6C
330
10F0
100
AcDbEntity
  8
0
100
AcDbLine
 10
-0.748138638582
 20
-0.0995070473999999
 30
0.0
 11
-0.744636995703
 21
-0.1013386620869998
 31
0.0
  0
LINE
  5
B6D
330
10F0
100
AcDbEntity
  8
0
100
AcDbLine
 10
-0.744636995703
 20
-0.1013386620869998
 30
0.0
 11
-0.7413383195459999
 21
-0.1012459745969999
 31
0.0
  0
LINE
  5
B6E
330
10F0
100
AcDbEntity
  8
0
100
AcDbLine
 10
-0.7413383195459999
 20
-0.1012459745969999
 30
0.0
 11
-0.740388666555
 21
-0.1006248799619999
 31
0.0
  0
LINE
  5
B6F
330
10F0
100
AcDbEntity
  8
0
100
AcDbLine
 10
-0.740388666555
 20
-0.1006248799619999
 30
0.0
 11
-0.736956506124
 21
-0.097374025719
 31
0.0
  0
LINE
  5
B70
330
10F0
100
AcDbEntity
  8
0
100
AcDbLine
 10
-0.736956506124
 20
-0.097374025719
 30
0.0
 11
-0.7291072331189999
 21
-0.0887007798090001
 31
0.0
  0
LINE
  5
B71
330
10F0
100
AcDbEntity
  8
0
100
AcDbLine
 10
-0.7291072331189999
 20
-0.0887007798090001
 30
0.0
 11
-0.7229534437709999
 21
-0.081339841791
 31
0.0
  0
LINE
  5
B72
330
10F0
100
AcDbEntity
  8
0
100
AcDbLine
 10
0.2507132293200002
 20
-0.020533949847
 30
0.0
 11
0.2525869675710002
 21
-0.0187103979
 31
0.0
  0
LINE
  5
B73
330
10F0
100
AcDbEntity
  8
0
100
AcDbLine
 10
0.2525869675710002
 20
-0.0187103979
 30
0.0
 11
0.2584023991020001
 21
-0.0115989387480001
 31
0.0
  0
LINE
  5
B74
330
10F0
100
AcDbEntity
  8
0
100
AcDbLine
 10
0.2584023991020001
 20
-0.0115989387480001
 30
0.0
 11
0.26645691987
 21
-0.0006396542999999
 31
0.0
  0
LINE
  5
B75
330
10F0
100
AcDbEntity
  8
0
100
AcDbLine
 10
0.26645691987
 20
-0.0006396542999999
 30
0.0
 11
0.2761287055110003
 21
0.013241871603
 31
0.0
  0
LINE
  5
B76
330
10F0
100
AcDbEntity
  8
0
100
AcDbLine
 10
0.2761287055110003
 20
0.013241871603
 30
0.0
 11
0.2923085222550003
 21
0.037518654168
 31
0.0
  0
LINE
  5
B77
330
10F0
100
AcDbEntity
  8
0
100
AcDbLine
 10
0.2923085222550003
 20
0.037518654168
 30
0.0
 11
0.3137383734390003
 21
0.0714767700870001
 31
0.0
  0
LINE
  5
B78
330
10F0
100
AcDbEntity
  8
0
100
AcDbLine
 10
0.3137383734390003
 20
0.0714767700870001
 30
0.0
 11
0.3229928119260003
 21
0.0870543001530001
 31
0.0
  0
LINE
  5
B79
330
10F0
100
AcDbEntity
  8
0
100
AcDbLine
 10
0.3229928119260003
 20
0.0870543001530001
 30
0.0
 11
0.3313714905630001
 21
0.102059675055
 31
0.0
  0
LINE
  5
B7A
330
10F0
100
AcDbEntity
  8
0
100
AcDbLine
 10
0.3313714905630001
 20
0.102059675055
 30
0.0
 11
0.3491710964640004
 21
0.1363091909850001
 31
0.0
  0
LINE
  5
B7B
330
10F0
100
AcDbEntity
  8
0
100
AcDbLine
 10
0.3491710964640004
 20
0.1363091909850001
 30
0.0
 11
0.3614518214730001
 21
0.161586166653
 31
0.0
  0
LINE
  5
B7C
330
10F0
100
AcDbEntity
  8
0
100
AcDbLine
 10
0.3614518214730001
 20
0.161586166653
 30
0.0
 11
0.3681866247930006
 21
0.176280702516
 31
0.0
  0
LINE
  5
B7D
330
10F0
100
AcDbEntity
  8
0
100
AcDbLine
 10
0.3681866247930006
 20
0.176280702516
 30
0.0
 11
0.3731726027970003
 21
0.1880293428180001
 31
0.0
  0
LINE
  5
B7E
330
10F0
100
AcDbEntity
  8
0
100
AcDbLine
 10
0.3731726027970003
 20
0.1880293428180001
 30
0.0
 11
0.3759066609210002
 21
0.1957859742600001
 31
0.0
  0
LINE
  5
B7F
330
10F0
100
AcDbEntity
  8
0
100
AcDbLine
 10
0.3759066609210002
 20
0.1957859742600001
 30
0.0
 11
0.3762720000000002
 21
0.1978403740200002
 31
0.0
  0
LINE
  5
B80
330
10F0
100
AcDbEntity
  8
0
100
AcDbLine
 10
0.3762720000000002
 20
0.1978403740200002
 30
0.0
 11
0.3755658281490003
 21
0.2007374304690002
 31
0.0
  0
LINE
  5
B81
330
10F0
100
AcDbEntity
  8
0
100
AcDbLine
 10
0.3755658281490003
 20
0.2007374304690002
 30
0.0
 11
0.3704316811380008
 21
0.2107907334
 31
0.0
  0
LINE
  5
B82
330
10F0
100
AcDbEntity
  8
0
100
AcDbLine
 10
0.3704316811380008
 20
0.2107907334
 30
0.0
 11
0.3614800648770002
 21
0.2249737887690001
 31
0.0
  0
LINE
  5
B83
330
10F0
100
AcDbEntity
  8
0
100
AcDbLine
 10
0.3614800648770002
 20
0.2249737887690001
 30
0.0
 11
0.3500849059830002
 21
0.2414275957890001
 31
0.0
  0
LINE
  5
B84
330
10F0
100
AcDbEntity
  8
0
100
AcDbLine
 10
0.3500849059830002
 20
0.2414275957890001
 30
0.0
 11
0.3376201327740002
 21
0.258293153673
 31
0.0
  0
LINE
  5
B85
330
10F0
100
AcDbEntity
  8
0
100
AcDbLine
 10
0.3376201327740002
 20
0.258293153673
 30
0.0
 11
0.3254596684650003
 21
0.2737114599330002
 31
0.0
  0
LINE
  5
B86
330
10F0
100
AcDbEntity
  8
0
100
AcDbLine
 10
0.3254596684650003
 20
0.2737114599330002
 30
0.0
 11
0.314977443075
 21
0.285823512081
 31
0.0
  0
LINE
  5
B87
330
10F0
100
AcDbEntity
  8
0
100
AcDbLine
 10
0.314977443075
 20
0.285823512081
 30
0.0
 11
0.3090436185420001
 21
0.2916195164910002
 31
0.0
  0
LINE
  5
B88
330
10F0
100
AcDbEntity
  8
0
100
AcDbLine
 10
0.3090436185420001
 20
0.2916195164910002
 30
0.0
 11
0.3063277713240002
 21
0.2934820859760001
 31
0.0
  0
LINE
  5
B89
330
10F0
100
AcDbEntity
  8
0
100
AcDbLine
 10
0.3063277713240002
 20
0.2934820859760001
 30
0.0
 11
0.3054062630790002
 21
0.2937258001530001
 31
0.0
  0
LINE
  5
B8A
330
10F0
100
AcDbEntity
  8
0
100
AcDbLine
 10
0.3054062630790002
 20
0.2937258001530001
 30
0.0
 11
0.3030423867810002
 21
0.2928513789900002
 31
0.0
  0
LINE
  5
B8B
330
10F0
100
AcDbEntity
  8
0
100
AcDbLine
 10
0.3030423867810002
 20
0.2928513789900002
 30
0.0
 11
0.3000276364410003
 21
0.2907490501530001
 31
0.0
  0
LINE
  5
B8C
330
10F0
100
AcDbEntity
  8
0
100
AcDbLine
 10
0.3000276364410003
 20
0.2907490501530001
 30
0.0
 11
0.2989854184319999
 21
0.2896822731060003
 31
0.0
  0
LINE
  5
B8D
330
10F0
100
AcDbEntity
  8
0
100
AcDbLine
 10
0.2989854184319999
 20
0.2896822731060003
 30
0.0
 11
0.2974237796610006
 21
0.2863671618870004
 31
0.0
  0
LINE
  5
B8E
330
10F0
100
AcDbEntity
  8
0
100
AcDbLine
 10
0.2974237796610006
 20
0.2863671618870004
 30
0.0
 11
0.2962907299530002
 21
0.2799579758940001
 31
0.0
  0
LINE
  5
B8F
330
10F0
100
AcDbEntity
  8
0
100
AcDbLine
 10
0.2962907299530002
 20
0.2799579758940001
 30
0.0
 11
0.2952640914030003
 21
0.2686323113550002
 31
0.0
  0
LINE
  5
B90
330
10F0
100
AcDbEntity
  8
0
100
AcDbLine
 10
0.2952640914030003
 20
0.2686323113550002
 30
0.0
 11
0.2946899970990002
 21
0.260556300153
 31
0.0
  0
LINE
  5
B91
330
10F0
100
AcDbEntity
  8
0
100
AcDbLine
 10
0.2946899970990002
 20
0.260556300153
 30
0.0
 11
0.2919733929360001
 21
0.2285579369519999
 31
0.0
  0
LINE
  5
B92
330
10F0
100
AcDbEntity
  8
0
100
AcDbLine
 10
0.2919733929360001
 20
0.2285579369519999
 30
0.0
 11
0.2833966192410001
 21
0.1640936430720001
 31
0.0
  0
LINE
  5
B93
330
10F0
100
AcDbEntity
  8
0
100
AcDbLine
 10
0.2833966192410001
 20
0.1640936430720001
 30
0.0
 11
0.2708714707380002
 21
0.1002449325870001
 31
0.0
  0
LINE
  5
B94
330
10F0
100
AcDbEntity
  8
0
100
AcDbLine
 10
0.2708714707380002
 20
0.1002449325870001
 30
0.0
 11
0.2546896178970001
 21
0.0384986053710001
 31
0.0
  0
LINE
  5
B95
330
10F0
100
AcDbEntity
  8
0
100
AcDbLine
 10
0.2546896178970001
 20
0.0384986053710001
 30
0.0
 11
0.2453185707570001
 21
0.0088784613
 31
0.0
  0
LINE
  5
B96
330
10F0
100
AcDbEntity
  8
0
100
AcDbLine
 10
0.2453185707570001
 20
0.0088784613
 30
0.0
 11
0.2427927507540001
 21
0.001209973977
 31
0.0
  0
LINE
  5
B97
330
10F0
100
AcDbEntity
  8
0
100
AcDbLine
 10
0.2427927507540001
 20
0.001209973977
 30
0.0
 11
0.239615488575
 21
-0.009795497724
 31
0.0
  0
LINE
  5
B98
330
10F0
100
AcDbEntity
  8
0
100
AcDbLine
 10
0.239615488575
 20
-0.009795497724
 30
0.0
 11
0.2387747608200002
 21
-0.01628004312
 31
0.0
  0
LINE
  5
B99
330
10F0
100
AcDbEntity
  8
0
100
AcDbLine
 10
0.2387747608200002
 20
-0.01628004312
 30
0.0
 11
0.2400754032540003
 21
-0.019748953656
 31
0.0
  0
LINE
  5
B9A
330
10F0
100
AcDbEntity
  8
0
100
AcDbLine
 10
0.2400754032540003
 20
-0.019748953656
 30
0.0
 11
0.24146775
 21
-0.0208229514479998
 31
0.0
  0
LINE
  5
B9B
330
10F0
100
AcDbEntity
  8
0
100
AcDbLine
 10
0.24146775
 20
-0.0208229514479998
 30
0.0
 11
0.2441424194100002
 21
-0.0221125237740001
 31
0.0
  0
LINE
  5
B9C
330
10F0
100
AcDbEntity
  8
0
100
AcDbLine
 10
0.2441424194100002
 20
-0.0221125237740001
 30
0.0
 11
0.2484837694440001
 21
-0.021976817994
 31
0.0
  0
LINE
  5
B9D
330
10F0
100
AcDbEntity
  8
0
100
AcDbLine
 10
0.2484837694440001
 20
-0.021976817994
 30
0.0
 11
0.2507132293200002
 21
-0.020533949847
 31
0.0
  0
LINE
  5
B9E
330
10F0
100
AcDbEntity
  8
0
100
AcDbLine
 10
-0.394067835783
 20
0.017738550153
 30
0.0
 11
-0.3689200578690001
 21
0.038871706113
 31
0.0
  0
LINE
  5
B9F
330
10F0
100
AcDbEntity
  8
0
100
AcDbLine
 10
-0.3689200578690001
 20
0.038871706113
 30
0.0
 11
-0.3177633826979999
 21
0.0780687846630001
 31
0.0
  0
LINE
  5
BA0
330
10F0
100
AcDbEntity
  8
0
100
AcDbLine
 10
-0.3177633826979999
 20
0.0780687846630001
 30
0.0
 11
-0.2650820450940001
 21
0.113426252046
 31
0.0
  0
LINE
  5
BA1
330
10F0
100
AcDbEntity
  8
0
100
AcDbLine
 10
-0.2650820450940001
 20
0.113426252046
 30
0.0
 11
-0.210424233942
 21
0.14524734213
 31
0.0
  0
LINE
  5
BA2
330
10F0
100
AcDbEntity
  8
0
100
AcDbLine
 10
-0.210424233942
 20
0.14524734213
 30
0.0
 11
-0.1822129618319999
 21
0.1599265077570002
 31
0.0
  0
LINE
  5
BA3
330
10F0
100
AcDbEntity
  8
0
100
AcDbLine
 10
-0.1822129618319999
 20
0.1599265077570002
 30
0.0
 11
-0.1744451871389999
 21
0.1638946719990002
 31
0.0
  0
LINE
  5
BA4
330
10F0
100
AcDbEntity
  8
0
100
AcDbLine
 10
-0.1744451871389999
 20
0.1638946719990002
 30
0.0
 11
-0.1638982404
 21
0.1700083738800001
 31
0.0
  0
LINE
  5
BA5
330
10F0
100
AcDbEntity
  8
0
100
AcDbLine
 10
-0.1638982404
 20
0.1700083738800001
 30
0.0
 11
-0.158985272718
 21
0.1746540362160001
 31
0.0
  0
LINE
  5
BA6
330
10F0
100
AcDbEntity
  8
0
100
AcDbLine
 10
-0.158985272718
 20
0.1746540362160001
 30
0.0
 11
-0.1584852909840001
 21
0.1789862161590001
 31
0.0
  0
LINE
  5
BA7
330
10F0
100
AcDbEntity
  8
0
100
AcDbLine
 10
-0.1584852909840001
 20
0.1789862161590001
 30
0.0
 11
-0.159508614285
 21
0.1813955482800002
 31
0.0
  0
LINE
  5
BA8
330
10F0
100
AcDbEntity
  8
0
100
AcDbLine
 10
-0.159508614285
 20
0.1813955482800002
 30
0.0
 11
-0.1604343784320001
 21
0.1828157063760001
 31
0.0
  0
LINE
  5
BA9
330
10F0
100
AcDbEntity
  8
0
100
AcDbLine
 10
-0.1604343784320001
 20
0.1828157063760001
 30
0.0
 11
-0.1634870304540001
 21
0.1844410884210003
 31
0.0
  0
LINE
  5
BAA
330
10F0
100
AcDbEntity
  8
0
100
AcDbLine
 10
-0.1634870304540001
 20
0.1844410884210003
 30
0.0
 11
-0.1700468451
 21
0.1844488007550002
 31
0.0
  0
LINE
  5
BAB
330
10F0
100
AcDbEntity
  8
0
100
AcDbLine
 10
-0.1700468451
 20
0.1844488007550002
 30
0.0
 11
-0.1786439406420001
 21
0.1833946043040003
 31
0.0
  0
LINE
  5
BAC
330
10F0
100
AcDbEntity
  8
0
100
AcDbLine
 10
-0.1786439406420001
 20
0.1833946043040003
 30
0.0
 11
-0.186662369592
 21
0.182187685269
 31
0.0
  0
LINE
  5
BAD
330
10F0
100
AcDbEntity
  8
0
100
AcDbLine
 10
-0.186662369592
 20
0.182187685269
 30
0.0
 11
-0.191464887942
 21
0.1814331148650001
 31
0.0
  0
LINE
  5
BAE
330
10F0
100
AcDbEntity
  8
0
100
AcDbLine
 10
-0.191464887942
 20
0.1814331148650001
 30
0.0
 11
-0.215822376153
 21
0.177229979586
 31
0.0
  0
LINE
  5
BAF
330
10F0
100
AcDbEntity
  8
0
100
AcDbLine
 10
-0.215822376153
 20
0.177229979586
 30
0.0
 11
-0.2648587225050001
 21
0.166707875952
 31
0.0
  0
LINE
  5
BB0
330
10F0
100
AcDbEntity
  8
0
100
AcDbLine
 10
-0.2648587225050001
 20
0.166707875952
 30
0.0
 11
-0.313938170496
 21
0.153468620433
 31
0.0
  0
LINE
  5
BB1
330
10F0
100
AcDbEntity
  8
0
100
AcDbLine
 10
-0.313938170496
 20
0.153468620433
 30
0.0
 11
-0.362598247143
 21
0.137636969472
 31
0.0
  0
LINE
  5
BB2
330
10F0
100
AcDbEntity
  8
0
100
AcDbLine
 10
-0.362598247143
 20
0.137636969472
 30
0.0
 11
-0.3866265
 21
0.1287879796440001
 31
0.0
  0
LINE
  5
BB3
330
10F0
100
AcDbEntity
  8
0
100
AcDbLine
 10
-0.3866265
 20
0.1287879796440001
 30
0.0
 11
-0.3940531493490001
 21
0.1258721985870002
 31
0.0
  0
LINE
  5
BB4
330
10F0
100
AcDbEntity
  8
0
100
AcDbLine
 10
-0.3940531493490001
 20
0.1258721985870002
 30
0.0
 11
-0.4030352288189999
 21
0.122102694135
 31
0.0
  0
LINE
  5
BB5
330
10F0
100
AcDbEntity
  8
0
100
AcDbLine
 10
-0.4030352288189999
 20
0.122102694135
 30
0.0
 11
-0.406591381944
 21
0.120416329539
 31
0.0
  0
LINE
  5
BB6
330
10F0
100
AcDbEntity
  8
0
100
AcDbLine
 10
-0.406591381944
 20
0.120416329539
 30
0.0
 11
-0.4073844697919999
 21
0.119930132709
 31
0.0
  0
LINE
  5
BB7
330
10F0
100
AcDbEntity
  8
0
100
AcDbLine
 10
-0.4073844697919999
 20
0.119930132709
 30
0.0
 11
-0.4086728378100001
 21
0.1182074993910001
 31
0.0
  0
LINE
  5
BB8
330
10F0
100
AcDbEntity
  8
0
100
AcDbLine
 10
-0.4086728378100001
 20
0.1182074993910001
 30
0.0
 11
-0.4115746298429999
 21
0.1109270697030001
 31
0.0
  0
LINE
  5
BB9
330
10F0
100
AcDbEntity
  8
0
100
AcDbLine
 10
-0.4115746298429999
 20
0.1109270697030001
 30
0.0
 11
-0.414725211837
 21
0.0995269932180002
 31
0.0
  0
LINE
  5
BBA
330
10F0
100
AcDbEntity
  8
0
100
AcDbLine
 10
-0.414725211837
 20
0.0995269932180002
 30
0.0
 11
-0.417903031944
 21
0.085199955003
 31
0.0
  0
LINE
  5
BBB
330
10F0
100
AcDbEntity
  8
0
100
AcDbLine
 10
-0.417903031944
 20
0.085199955003
 30
0.0
 11
-0.4222361950649999
 21
0.0608303301570001
 31
0.0
  0
LINE
  5
BBC
330
10F0
100
AcDbEntity
  8
0
100
AcDbLine
 10
-0.4222361950649999
 20
0.0608303301570001
 30
0.0
 11
-0.425384426277
 21
0.0365838781230002
 31
0.0
  0
LINE
  5
BBD
330
10F0
100
AcDbEntity
  8
0
100
AcDbLine
 10
-0.425384426277
 20
0.0365838781230002
 30
0.0
 11
-0.4264557058710001
 21
0.0224758096380001
 31
0.0
  0
LINE
  5
BBE
330
10F0
100
AcDbEntity
  8
0
100
AcDbLine
 10
-0.4264557058710001
 20
0.0224758096380001
 30
0.0
 11
-0.4266
 21
0.0164858997330001
 31
0.0
  0
LINE
  5
BBF
330
10F0
100
AcDbEntity
  8
0
100
AcDbLine
 10
-0.4266
 20
0.0164858997330001
 30
0.0
 11
-0.426540706542
 21
0.0124388448120001
 31
0.0
  0
LINE
  5
BC0
330
10F0
100
AcDbEntity
  8
0
100
AcDbLine
 10
-0.426540706542
 20
0.0124388448120001
 30
0.0
 11
-0.425985010254
 21
0.005981302791
 31
0.0
  0
LINE
  5
BC1
330
10F0
100
AcDbEntity
  8
0
100
AcDbLine
 10
-0.425985010254
 20
0.005981302791
 30
0.0
 11
-0.424665746973
 21
0.001712808288
 31
0.0
  0
LINE
  5
BC2
330
10F0
100
AcDbEntity
  8
0
100
AcDbLine
 10
-0.424665746973
 20
0.001712808288
 30
0.0
 11
-0.42236600688
 21
-0.0003582867869998
 31
0.0
  0
LINE
  5
BC3
330
10F0
100
AcDbEntity
  8
0
100
AcDbLine
 10
-0.42236600688
 20
-0.0003582867869998
 30
0.0
 11
-0.4188688767539999
 21
-0.000223630524
 31
0.0
  0
LINE
  5
BC4
330
10F0
100
AcDbEntity
  8
0
100
AcDbLine
 10
-0.4188688767539999
 20
-0.000223630524
 30
0.0
 11
-0.413957446776
 21
0.002125130688
 31
0.0
  0
LINE
  5
BC5
330
10F0
100
AcDbEntity
  8
0
100
AcDbLine
 10
-0.413957446776
 20
0.002125130688
 30
0.0
 11
-0.407414807127
 21
0.0066963487590001
 31
0.0
  0
LINE
  5
BC6
330
10F0
100
AcDbEntity
  8
0
100
AcDbLine
 10
-0.407414807127
 20
0.0066963487590001
 30
0.0
 11
-0.399024046287
 21
0.0134983738980002
 31
0.0
  0
LINE
  5
BC7
330
10F0
100
AcDbEntity
  8
0
100
AcDbLine
 10
-0.399024046287
 20
0.0134983738980002
 30
0.0
 11
-0.394067835783
 21
0.017738550153
 31
0.0
  0
LINE
  5
BC8
330
10F0
100
AcDbEntity
  8
0
100
AcDbLine
 10
0.667296812925
 20
0.0483565501530002
 30
0.0
 11
0.6776926343190001
 21
0.0593949328020002
 31
0.0
  0
LINE
  5
BC9
330
10F0
100
AcDbEntity
  8
0
100
AcDbLine
 10
0.6776926343190001
 20
0.0593949328020002
 30
0.0
 11
0.699863408784
 21
0.08494750449
 31
0.0
  0
LINE
  5
BCA
330
10F0
100
AcDbEntity
  8
0
100
AcDbLine
 10
0.699863408784
 20
0.08494750449
 30
0.0
 11
0.7208061531030007
 21
0.111278547333
 31
0.0
  0
LINE
  5
BCB
330
10F0
100
AcDbEntity
  8
0
100
AcDbLine
 10
0.7208061531030007
 20
0.111278547333
 30
0.0
 11
0.7334934188130006
 21
0.128754196083
 31
0.0
  0
LINE
  5
BCC
330
10F0
100
AcDbEntity
  8
0
100
AcDbLine
 10
0.7334934188130006
 20
0.128754196083
 30
0.0
 11
0.7396510422150003
 21
0.138237937875
 31
0.0
  0
LINE
  5
BCD
330
10F0
100
AcDbEntity
  8
0
100
AcDbLine
 10
0.7396510422150003
 20
0.138237937875
 30
0.0
 11
0.7418671747560004
 21
0.1421129060280001
 31
0.0
  0
LINE
  5
BCE
330
10F0
100
AcDbEntity
  8
0
100
AcDbLine
 10
0.7418671747560004
 20
0.1421129060280001
 30
0.0
 11
0.7422163968600007
 21
0.143324630388
 31
0.0
  0
LINE
  5
BCF
330
10F0
100
AcDbEntity
  8
0
100
AcDbLine
 10
0.7422163968600007
 20
0.143324630388
 30
0.0
 11
0.7420588995690005
 21
0.1479017679390001
 31
0.0
  0
LINE
  5
BD0
330
10F0
100
AcDbEntity
  8
0
100
AcDbLine
 10
0.7420588995690005
 20
0.1479017679390001
 30
0.0
 11
0.7406438767920002
 21
0.1560173375970001
 31
0.0
  0
LINE
  5
BD1
330
10F0
100
AcDbEntity
  8
0
100
AcDbLine
 10
0.7406438767920002
 20
0.1560173375970001
 30
0.0
 11
0.7378318074060002
 21
0.1684715526990002
 31
0.0
  0
LINE
  5
BD2
330
10F0
100
AcDbEntity
  8
0
100
AcDbLine
 10
0.7378318074060002
 20
0.1684715526990002
 30
0.0
 11
0.7358582782890003
 21
0.1765757188530001
 31
0.0
  0
LINE
  5
BD3
330
10F0
100
AcDbEntity
  8
0
100
AcDbLine
 10
0.7358582782890003
 20
0.1765757188530001
 30
0.0
 11
0.7304897964150003
 21
0.1971797923710001
 31
0.0
  0
LINE
  5
BD4
330
10F0
100
AcDbEntity
  8
0
100
AcDbLine
 10
0.7304897964150003
 20
0.1971797923710001
 30
0.0
 11
0.7184615168160001
 21
0.2368196344170001
 31
0.0
  0
LINE
  5
BD5
330
10F0
100
AcDbEntity
  8
0
100
AcDbLine
 10
0.7184615168160001
 20
0.2368196344170001
 30
0.0
 11
0.7044186884850007
 21
0.2751679820070006
 31
0.0
  0
LINE
  5
BD6
330
10F0
100
AcDbEntity
  8
0
100
AcDbLine
 10
0.7044186884850007
 20
0.2751679820070006
 30
0.0
 11
0.6880099545630001
 21
0.313184321613
 31
0.0
  0
LINE
  5
BD7
330
10F0
100
AcDbEntity
  8
0
100
AcDbLine
 10
0.6880099545630001
 20
0.313184321613
 30
0.0
 11
0.6788085719670003
 21
0.3323678304960001
 31
0.0
  0
LINE
  5
BD8
330
10F0
100
AcDbEntity
  8
0
100
AcDbLine
 10
0.6788085719670003
 20
0.3323678304960001
 30
0.0
 11
0.6758511776460006
 21
0.3383197162470001
 31
0.0
  0
LINE
  5
BD9
330
10F0
100
AcDbEntity
  8
0
100
AcDbLine
 10
0.6758511776460006
 20
0.3383197162470001
 30
0.0
 11
0.6707453505840005
 21
0.348432052383
 31
0.0
  0
LINE
  5
BDA
330
10F0
100
AcDbEntity
  8
0
100
AcDbLine
 10
0.6707453505840005
 20
0.348432052383
 30
0.0
 11
0.6648155523180003
 21
0.3595844122379999
 31
0.0
  0
LINE
  5
BDB
330
10F0
100
AcDbEntity
  8
0
100
AcDbLine
 10
0.6648155523180003
 20
0.3595844122379999
 30
0.0
 11
0.6593147921790004
 21
0.3682522387619996
 31
0.0
  0
LINE
  5
BDC
330
10F0
100
AcDbEntity
  8
0
100
AcDbLine
 10
0.6593147921790004
 20
0.3682522387619996
 30
0.0
 11
0.6554155337459999
 21
0.3716407260180001
 31
0.0
  0
LINE
  5
BDD
330
10F0
100
AcDbEntity
  8
0
100
AcDbLine
 10
0.6554155337459999
 20
0.3716407260180001
 30
0.0
 11
0.6536751743070007
 21
0.371971800153
 31
0.0
  0
LINE
  5
BDE
330
10F0
100
AcDbEntity
  8
0
100
AcDbLine
 10
0.6536751743070007
 20
0.371971800153
 30
0.0
 11
0.6518048057370003
 21
0.3716975598299999
 31
0.0
  0
LINE
  5
BDF
330
10F0
100
AcDbEntity
  8
0
100
AcDbLine
 10
0.6518048057370003
 20
0.3716975598299999
 30
0.0
 11
0.6484563362070006
 21
0.3691153295640001
 31
0.0
  0
LINE
  5
BE0
330
10F0
100
AcDbEntity
  8
0
100
AcDbLine
 10
0.6484563362070006
 20
0.3691153295640001
 30
0.0
 11
0.6451703359020001
 21
0.3629585158380002
 31
0.0
  0
LINE
  5
BE1
330
10F0
100
AcDbEntity
  8
0
100
AcDbLine
 10
0.6451703359020001
 20
0.3629585158380002
 30
0.0
 11
0.6413941431180005
 21
0.3521916212940002
 31
0.0
  0
LINE
  5
BE2
330
10F0
100
AcDbEntity
  8
0
100
AcDbLine
 10
0.6413941431180005
 20
0.3521916212940002
 30
0.0
 11
0.6391495154250003
 21
0.3447558001529998
 31
0.0
  0
LINE
  5
BE3
330
10F0
100
AcDbEntity
  8
0
100
AcDbLine
 10
0.6391495154250003
 20
0.3447558001529998
 30
0.0
 11
0.6325332479910003
 21
0.3236243383890004
 31
0.0
  0
LINE
  5
BE4
330
10F0
100
AcDbEntity
  8
0
100
AcDbLine
 10
0.6325332479910003
 20
0.3236243383890004
 30
0.0
 11
0.6164125409970004
 21
0.2798470757970001
 31
0.0
  0
LINE
  5
BE5
330
10F0
100
AcDbEntity
  8
0
100
AcDbLine
 10
0.6164125409970004
 20
0.2798470757970001
 30
0.0
 11
0.6072522273450003
 21
0.2581357720500002
 31
0.0
  0
LINE
  5
BE6
330
10F0
100
AcDbEntity
  8
0
100
AcDbLine
 10
0.6072522273450003
 20
0.2581357720500002
 30
0.0
 11
0.5971880414160006
 21
0.2353032456480001
 31
0.0
  0
LINE
  5
BE7
330
10F0
100
AcDbEntity
  8
0
100
AcDbLine
 10
0.5971880414160006
 20
0.2353032456480001
 30
0.0
 11
0.6057367860330002
 21
0.21050777205
 31
0.0
  0
LINE
  5
BE8
330
10F0
100
AcDbEntity
  8
0
100
AcDbLine
 10
0.6057367860330002
 20
0.21050777205
 30
0.0
 11
0.6108508119150003
 21
0.1953445834710001
 31
0.0
  0
LINE
  5
BE9
330
10F0
100
AcDbEntity
  8
0
100
AcDbLine
 10
0.6108508119150003
 20
0.1953445834710001
 30
0.0
 11
0.619323351732
 21
0.1678987307430001
 31
0.0
  0
LINE
  5
BEA
330
10F0
100
AcDbEntity
  8
0
100
AcDbLine
 10
0.619323351732
 20
0.1678987307430001
 30
0.0
 11
0.6259960549440002
 21
0.1422115283070001
 31
0.0
  0
LINE
  5
BEB
330
10F0
100
AcDbEntity
  8
0
100
AcDbLine
 10
0.6259960549440002
 20
0.1422115283070001
 30
0.0
 11
0.6315179398020002
 21
0.1157845099410001
 31
0.0
  0
LINE
  5
BEC
330
10F0
100
AcDbEntity
  8
0
100
AcDbLine
 10
0.6315179398020002
 20
0.1157845099410001
 30
0.0
 11
0.6340501470600002
 21
0.1015128001530001
 31
0.0
  0
LINE
  5
BED
330
10F0
100
AcDbEntity
  8
0
100
AcDbLine
 10
0.6340501470600002
 20
0.1015128001530001
 30
0.0
 11
0.6350499098100003
 21
0.0951198110820001
 31
0.0
  0
LINE
  5
BEE
330
10F0
100
AcDbEntity
  8
0
100
AcDbLine
 10
0.6350499098100003
 20
0.0951198110820001
 30
0.0
 11
0.6374520994320001
 21
0.077681318976
 31
0.0
  0
LINE
  5
BEF
330
10F0
100
AcDbEntity
  8
0
100
AcDbLine
 10
0.6374520994320001
 20
0.077681318976
 30
0.0
 11
0.6397895098710004
 21
0.0588792049110002
 31
0.0
  0
LINE
  5
BF0
330
10F0
100
AcDbEntity
  8
0
100
AcDbLine
 10
0.6397895098710004
 20
0.0588792049110002
 30
0.0
 11
0.6410657378520003
 21
0.047376427149
 31
0.0
  0
LINE
  5
BF1
330
10F0
100
AcDbEntity
  8
0
100
AcDbLine
 10
0.6410657378520003
 20
0.047376427149
 30
0.0
 11
0.64152027567
 21
0.042306611958
 31
0.0
  0
LINE
  5
BF2
330
10F0
100
AcDbEntity
  8
0
100
AcDbLine
 10
0.64152027567
 20
0.042306611958
 30
0.0
 11
0.6415948185930006
 21
0.0408235508820001
 31
0.0
  0
LINE
  5
BF3
330
10F0
100
AcDbEntity
  8
0
100
AcDbLine
 10
0.6415948185930006
 20
0.0408235508820001
 30
0.0
 11
0.6424431651270003
 21
0.0384175050930001
 31
0.0
  0
LINE
  5
BF4
330
10F0
100
AcDbEntity
  8
0
100
AcDbLine
 10
0.6424431651270003
 20
0.0384175050930001
 30
0.0
 11
0.6471855667350003
 21
0.034202190654
 31
0.0
  0
LINE
  5
BF5
330
10F0
100
AcDbEntity
  8
0
100
AcDbLine
 10
0.6471855667350003
 20
0.034202190654
 30
0.0
 11
0.6498647148780001
 21
0.0334728001530001
 31
0.0
  0
LINE
  5
BF6
330
10F0
100
AcDbEntity
  8
0
100
AcDbLine
 10
0.6498647148780001
 20
0.0334728001530001
 30
0.0
 11
0.650742189336
 21
0.0337765800420001
 31
0.0
  0
LINE
  5
BF7
330
10F0
100
AcDbEntity
  8
0
100
AcDbLine
 10
0.650742189336
 20
0.0337765800420001
 30
0.0
 11
0.6539702382720001
 21
0.0360236775870001
 31
0.0
  0
LINE
  5
BF8
330
10F0
100
AcDbEntity
  8
0
100
AcDbLine
 10
0.6539702382720001
 20
0.0360236775870001
 30
0.0
 11
0.6614225710200005
 21
0.0425774689920002
 31
0.0
  0
LINE
  5
BF9
330
10F0
100
AcDbEntity
  8
0
100
AcDbLine
 10
0.6614225710200005
 20
0.0425774689920002
 30
0.0
 11
0.667296812925
 21
0.0483565501530002
 31
0.0
  0
LINE
  5
BFA
330
10F0
100
AcDbEntity
  8
0
100
AcDbLine
 10
-0.584301776715
 20
0.0496939188780001
 30
0.0
 11
-0.554795521398
 21
0.0701145650610001
 31
0.0
  0
LINE
  5
BFB
330
10F0
100
AcDbEntity
  8
0
100
AcDbLine
 10
-0.554795521398
 20
0.0701145650610001
 30
0.0
 11
-0.507963863259
 21
0.0987807713220002
 31
0.0
  0
LINE
  5
BFC
330
10F0
100
AcDbEntity
  8
0
100
AcDbLine
 10
-0.507963863259
 20
0.0987807713220002
 30
0.0
 11
-0.473449869045
 21
0.117524078415
 31
0.0
  0
LINE
  5
BFD
330
10F0
100
AcDbEntity
  8
0
100
AcDbLine
 10
-0.473449869045
 20
0.117524078415
 30
0.0
 11
-0.454799223927
 21
0.1270278001530002
 31
0.0
  0
LINE
  5
BFE
330
10F0
100
AcDbEntity
  8
0
100
AcDbLine
 10
-0.454799223927
 20
0.1270278001530002
 30
0.0
 11
-0.429275490993
 21
0.1397853001529999
 31
0.0
  0
LINE
  5
BFF
330
10F0
100
AcDbEntity
  8
0
100
AcDbLine
 10
-0.429275490993
 20
0.1397853001529999
 30
0.0
 11
-0.422210457234
 21
0.158782090266
 31
0.0
  0
LINE
  5
C00
330
10F0
100
AcDbEntity
  8
0
100
AcDbLine
 10
-0.422210457234
 20
0.158782090266
 30
0.0
 11
-0.418559209704
 21
0.1680711475050001
 31
0.0
  0
LINE
  5
C01
330
10F0
100
AcDbEntity
  8
0
100
AcDbLine
 10
-0.418559209704
 20
0.1680711475050001
 30
0.0
 11
-0.4094962646940001
 21
0.1884752242470001
 31
0.0
  0
LINE
  5
C02
330
10F0
100
AcDbEntity
  8
0
100
AcDbLine
 10
-0.4094962646940001
 20
0.1884752242470001
 30
0.0
 11
-0.398939276952
 21
0.209606090661
 31
0.0
  0
LINE
  5
C03
330
10F0
100
AcDbEntity
  8
0
100
AcDbLine
 10
-0.398939276952
 20
0.209606090661
 30
0.0
 11
-0.3879121243050001
 21
0.2294143564320002
 31
0.0
  0
LINE
  5
C04
330
10F0
100
AcDbEntity
  8
0
100
AcDbLine
 10
-0.3879121243050001
 20
0.2294143564320002
 30
0.0
 11
-0.382542196581
 21
0.2381820809850001
 31
0.0
  0
LINE
  5
C05
330
10F0
100
AcDbEntity
  8
0
100
AcDbLine
 10
-0.382542196581
 20
0.2381820809850001
 30
0.0
 11
-0.378788075973
 21
0.2442779308709999
 31
0.0
  0
LINE
  5
C06
330
10F0
100
AcDbEntity
  8
0
100
AcDbLine
 10
-0.378788075973
 20
0.2442779308709999
 30
0.0
 11
-0.3740425309170001
 21
0.2535183310050001
 31
0.0
  0
LINE
  5
C07
330
10F0
100
AcDbEntity
  8
0
100
AcDbLine
 10
-0.3740425309170001
 20
0.2535183310050001
 30
0.0
 11
-0.372849372972
 21
0.2594791197900001
 31
0.0
  0
LINE
  5
C08
330
10F0
100
AcDbEntity
  8
0
100
AcDbLine
 10
-0.372849372972
 20
0.2594791197900001
 30
0.0
 11
-0.37505116098
 21
0.2629468481310001
 31
0.0
  0
LINE
  5
C09
330
10F0
100
AcDbEntity
  8
0
100
AcDbLine
 10
-0.37505116098
 20
0.2629468481310001
 30
0.0
 11
-0.377375958504
 21
0.263991612537
 31
0.0
  0
LINE
  5
C0A
330
10F0
100
AcDbEntity
  8
0
100
AcDbLine
 10
-0.377375958504
 20
0.263991612537
 30
0.0
 11
-0.37968249069
 21
0.264365608005
 31
0.0
  0
LINE
  5
C0B
330
10F0
100
AcDbEntity
  8
0
100
AcDbLine
 10
-0.37968249069
 20
0.264365608005
 30
0.0
 11
-0.3880738485810001
 21
0.264336757344
 31
0.0
  0
LINE
  5
C0C
330
10F0
100
AcDbEntity
  8
0
100
AcDbLine
 10
-0.3880738485810001
 20
0.264336757344
 30
0.0
 11
-0.40065316713
 21
0.26338550031
 31
0.0
  0
LINE
  5
C0D
330
10F0
100
AcDbEntity
  8
0
100
AcDbLine
 10
-0.40065316713
 20
0.26338550031
 30
0.0
 11
-0.416400725754
 21
0.261647899893
 31
0.0
  0
LINE
  5
C0E
330
10F0
100
AcDbEntity
  8
0
100
AcDbLine
 10
-0.416400725754
 20
0.261647899893
 30
0.0
 11
-0.462938777685
 21
0.254756550141
 31
0.0
  0
LINE
  5
C0F
330
10F0
100
AcDbEntity
  8
0
100
AcDbLine
 10
-0.462938777685
 20
0.254756550141
 30
0.0
 11
-0.499130529435
 21
0.2477458463220001
 31
0.0
  0
LINE
  5
C10
330
10F0
100
AcDbEntity
  8
0
100
AcDbLine
 10
-0.499130529435
 20
0.2477458463220001
 30
0.0
 11
-0.51954903576
 21
0.242862533874
 31
0.0
  0
LINE
  5
C11
330
10F0
100
AcDbEntity
  8
0
100
AcDbLine
 10
-0.51954903576
 20
0.242862533874
 30
0.0
 11
-0.5505631153110001
 21
0.2345444006310002
 31
0.0
  0
LINE
  5
C12
330
10F0
100
AcDbEntity
  8
0
100
AcDbLine
 10
-0.5505631153110001
 20
0.2345444006310002
 30
0.0
 11
-0.562024036566
 21
0.2310943728960001
 31
0.0
  0
LINE
  5
C13
330
10F0
100
AcDbEntity
  8
0
100
AcDbLine
 10
-0.562024036566
 20
0.2310943728960001
 30
0.0
 11
-0.566843592132
 21
0.2294192314979999
 31
0.0
  0
LINE
  5
C14
330
10F0
100
AcDbEntity
  8
0
100
AcDbLine
 10
-0.566843592132
 20
0.2294192314979999
 30
0.0
 11
-0.56819064465
 21
0.2288284027560002
 31
0.0
  0
LINE
  5
C15
330
10F0
100
AcDbEntity
  8
0
100
AcDbLine
 10
-0.56819064465
 20
0.2288284027560002
 30
0.0
 11
-0.569719569789
 21
0.2278052087310001
 31
0.0
  0
LINE
  5
C16
330
10F0
100
AcDbEntity
  8
0
100
AcDbLine
 10
-0.569719569789
 20
0.2278052087310001
 30
0.0
 11
-0.5726866036770001
 21
0.2239120500839999
 31
0.0
  0
LINE
  5
C17
330
10F0
100
AcDbEntity
  8
0
100
AcDbLine
 10
-0.5726866036770001
 20
0.2239120500839999
 30
0.0
 11
-0.5762291845229999
 21
0.2160008096490001
 31
0.0
  0
LINE
  5
C18
330
10F0
100
AcDbEntity
  8
0
100
AcDbLine
 10
-0.5762291845229999
 20
0.2160008096490001
 30
0.0
 11
-0.581183272179
 21
0.202204633122
 31
0.0
  0
LINE
  5
C19
330
10F0
100
AcDbEntity
  8
0
100
AcDbLine
 10
-0.581183272179
 20
0.202204633122
 30
0.0
 11
-0.584450869365
 21
0.1925163001530002
 31
0.0
  0
LINE
  5
C1A
330
10F0
100
AcDbEntity
  8
0
100
AcDbLine
 10
-0.584450869365
 20
0.1925163001530002
 30
0.0
 11
-0.593747560692
 21
0.162136685097
 31
0.0
  0
LINE
  5
C1B
330
10F0
100
AcDbEntity
  8
0
100
AcDbLine
 10
-0.593747560692
 20
0.162136685097
 30
0.0
 11
-0.604819225107
 21
0.116077772547
 31
0.0
  0
LINE
  5
C1C
330
10F0
100
AcDbEntity
  8
0
100
AcDbLine
 10
-0.604819225107
 20
0.116077772547
 30
0.0
 11
-0.610028954352
 21
0.086170281948
 31
0.0
  0
LINE
  5
C1D
330
10F0
100
AcDbEntity
  8
0
100
AcDbLine
 10
-0.610028954352
 20
0.086170281948
 30
0.0
 11
-0.611916628896
 21
0.0717453001530001
 31
0.0
  0
LINE
  5
C1E
330
10F0
100
AcDbEntity
  8
0
100
AcDbLine
 10
-0.611916628896
 20
0.0717453001530001
 30
0.0
 11
-0.6126774947010001
 21
0.0652378218750001
 31
0.0
  0
LINE
  5
C1F
330
10F0
100
AcDbEntity
  8
0
100
AcDbLine
 10
-0.6126774947010001
 20
0.0652378218750001
 30
0.0
 11
-0.614127042675
 21
0.053277451299
 31
0.0
  0
LINE
  5
C20
330
10F0
100
AcDbEntity
  8
0
100
AcDbLine
 10
-0.614127042675
 20
0.053277451299
 30
0.0
 11
-0.614637189585
 21
0.0492976845360001
 31
0.0
  0
LINE
  5
C21
330
10F0
100
AcDbEntity
  8
0
100
AcDbLine
 10
-0.614637189585
 20
0.0492976845360001
 30
0.0
 11
-0.6149604799439999
 21
0.0456074381790001
 31
0.0
  0
LINE
  5
C22
330
10F0
100
AcDbEntity
  8
0
100
AcDbLine
 10
-0.6149604799439999
 20
0.0456074381790001
 30
0.0
 11
-0.613790470908
 21
0.040705612047
 31
0.0
  0
LINE
  5
C23
330
10F0
100
AcDbEntity
  8
0
100
AcDbLine
 10
-0.613790470908
 20
0.040705612047
 30
0.0
 11
-0.6120996343830001
 21
0.0386664345360001
 31
0.0
  0
LINE
  5
C24
330
10F0
100
AcDbEntity
  8
0
100
AcDbLine
 10
-0.6120996343830001
 20
0.0386664345360001
 30
0.0
 11
-0.609005787543
 21
0.0361997617050001
 31
0.0
  0
LINE
  5
C25
330
10F0
100
AcDbEntity
  8
0
100
AcDbLine
 10
-0.609005787543
 20
0.0361997617050001
 30
0.0
 11
-0.60647193882
 21
0.0351738001530001
 31
0.0
  0
LINE
  5
C26
330
10F0
100
AcDbEntity
  8
0
100
AcDbLine
 10
-0.60647193882
 20
0.0351738001530001
 30
0.0
 11
-0.605634131682
 21
0.0354701585790001
 31
0.0
  0
LINE
  5
C27
330
10F0
100
AcDbEntity
  8
0
100
AcDbLine
 10
-0.605634131682
 20
0.0354701585790001
 30
0.0
 11
-0.601846600032
 21
0.0376623563490001
 31
0.0
  0
LINE
  5
C28
330
10F0
100
AcDbEntity
  8
0
100
AcDbLine
 10
-0.601846600032
 20
0.0376623563490001
 30
0.0
 11
-0.592249500198
 21
0.0440560292220002
 31
0.0
  0
LINE
  5
C29
330
10F0
100
AcDbEntity
  8
0
100
AcDbLine
 10
-0.592249500198
 20
0.0440560292220002
 30
0.0
 11
-0.584301776715
 21
0.0496939188780001
 31
0.0
  0
LINE
  5
C2A
330
10F0
100
AcDbEntity
  8
0
100
AcDbLine
 10
0.2374290112680004
 20
0.0764230501530001
 30
0.0
 11
0.2384373759750003
 21
0.0785724847830001
 31
0.0
  0
LINE
  5
C2B
330
10F0
100
AcDbEntity
  8
0
100
AcDbLine
 10
0.2384373759750003
 20
0.0785724847830001
 30
0.0
 11
0.2410773943140001
 21
0.0868971753810001
 31
0.0
  0
LINE
  5
C2C
330
10F0
100
AcDbEntity
  8
0
100
AcDbLine
 10
0.2410773943140001
 20
0.0868971753810001
 30
0.0
 11
0.2443507851060002
 21
0.0996488970840001
 31
0.0
  0
LINE
  5
C2D
330
10F0
100
AcDbEntity
  8
0
100
AcDbLine
 10
0.2443507851060002
 20
0.0996488970840001
 30
0.0
 11
0.2480203319940004
 21
0.1156987710360001
 31
0.0
  0
LINE
  5
C2E
330
10F0
100
AcDbEntity
  8
0
100
AcDbLine
 10
0.2480203319940004
 20
0.1156987710360001
 30
0.0
 11
0.2537485294410001
 21
0.1434881968470001
 31
0.0
  0
LINE
  5
C2F
330
10F0
100
AcDbEntity
  8
0
100
AcDbLine
 10
0.2537485294410001
 20
0.1434881968470001
 30
0.0
 11
0.2605586428350006
 21
0.1815481058669999
 31
0.0
  0
LINE
  5
C30
330
10F0
100
AcDbEntity
  8
0
100
AcDbLine
 10
0.2605586428350006
 20
0.1815481058669999
 30
0.0
 11
0.2630753250660001
 21
0.198469800153
 31
0.0
  0
LINE
  5
C31
330
10F0
100
AcDbEntity
  8
0
100
AcDbLine
 10
0.2630753250660001
 20
0.198469800153
 30
0.0
 11
0.2661077760120003
 21
0.2246346723059999
 31
0.0
  0
LINE
  5
C32
330
10F0
100
AcDbEntity
  8
0
100
AcDbLine
 10
0.2661077760120003
 20
0.2246346723059999
 30
0.0
 11
0.2694819238380007
 21
0.266486703975
 31
0.0
  0
LINE
  5
C33
330
10F0
100
AcDbEntity
  8
0
100
AcDbLine
 10
0.2694819238380007
 20
0.266486703975
 30
0.0
 11
0.2706283621170001
 21
0.291805542954
 31
0.0
  0
LINE
  5
C34
330
10F0
100
AcDbEntity
  8
0
100
AcDbLine
 10
0.2706283621170001
 20
0.291805542954
 30
0.0
 11
0.2707884024030002
 21
0.302579605512
 31
0.0
  0
LINE
  5
C35
330
10F0
100
AcDbEntity
  8
0
100
AcDbLine
 10
0.2707884024030002
 20
0.302579605512
 30
0.0
 11
0.2708100000000002
 21
0.3275929125720001
 31
0.0
  0
LINE
  5
C36
330
10F0
100
AcDbEntity
  8
0
100
AcDbLine
 10
0.2708100000000002
 20
0.3275929125720001
 30
0.0
 11
0.2576272500000002
 21
0.3376009774080005
 31
0.0
  0
LINE
  5
C37
330
10F0
100
AcDbEntity
  8
0
100
AcDbLine
 10
0.2576272500000002
 20
0.3376009774080005
 30
0.0
 11
0.2467431310410003
 21
0.3454284129749998
 31
0.0
  0
LINE
  5
C38
330
10F0
100
AcDbEntity
  8
0
100
AcDbLine
 10
0.2467431310410003
 20
0.3454284129749998
 30
0.0
 11
0.2208897255960001
 21
0.362033384463
 31
0.0
  0
LINE
  5
C39
330
10F0
100
AcDbEntity
  8
0
100
AcDbLine
 10
0.2208897255960001
 20
0.362033384463
 30
0.0
 11
0.2011476729509999
 21
0.373478464305
 31
0.0
  0
LINE
  5
C3A
330
10F0
100
AcDbEntity
  8
0
100
AcDbLine
 10
0.2011476729509999
 20
0.373478464305
 30
0.0
 11
0.1893532213170004
 21
0.3797520227640001
 31
0.0
  0
LINE
  5
C3B
330
10F0
100
AcDbEntity
  8
0
100
AcDbLine
 10
0.1893532213170004
 20
0.3797520227640001
 30
0.0
 11
0.179607124089
 21
0.3843952033410001
 31
0.0
  0
LINE
  5
C3C
330
10F0
100
AcDbEntity
  8
0
100
AcDbLine
 10
0.179607124089
 20
0.3843952033410001
 30
0.0
 11
0.1727277987060001
 21
0.3869407073160004
 31
0.0
  0
LINE
  5
C3D
330
10F0
100
AcDbEntity
  8
0
100
AcDbLine
 10
0.1727277987060001
 20
0.3869407073160004
 30
0.0
 11
0.170618931225
 21
0.387280800153
 31
0.0
  0
LINE
  5
C3E
330
10F0
100
AcDbEntity
  8
0
100
AcDbLine
 10
0.170618931225
 20
0.387280800153
 30
0.0
 11
0.167379363117
 21
0.38609999487
 31
0.0
  0
LINE
  5
C3F
330
10F0
100
AcDbEntity
  8
0
100
AcDbLine
 10
0.167379363117
 20
0.38609999487
 30
0.0
 11
0.164493575793
 21
0.3832610360759999
 31
0.0
  0
LINE
  5
C40
330
10F0
100
AcDbEntity
  8
0
100
AcDbLine
 10
0.164493575793
 20
0.3832610360759999
 30
0.0
 11
0.1632302601029999
 21
0.3805090766280001
 31
0.0
  0
LINE
  5
C41
330
10F0
100
AcDbEntity
  8
0
100
AcDbLine
 10
0.1632302601029999
 20
0.3805090766280001
 30
0.0
 11
0.164149170921
 21
0.3735804426569999
 31
0.0
  0
LINE
  5
C42
330
10F0
100
AcDbEntity
  8
0
100
AcDbLine
 10
0.164149170921
 20
0.3735804426569999
 30
0.0
 11
0.1672058373030002
 21
0.3642227313570001
 31
0.0
  0
LINE
  5
C43
330
10F0
100
AcDbEntity
  8
0
100
AcDbLine
 10
0.1672058373030002
 20
0.3642227313570001
 30
0.0
 11
0.169613482032
 21
0.3573839050830001
 31
0.0
  0
LINE
  5
C44
330
10F0
100
AcDbEntity
  8
0
100
AcDbLine
 10
0.169613482032
 20
0.3573839050830001
 30
0.0
 11
0.1768690652129998
 21
0.335770446258
 31
0.0
  0
LINE
  5
C45
330
10F0
100
AcDbEntity
  8
0
100
AcDbLine
 10
0.1768690652129998
 20
0.335770446258
 30
0.0
 11
0.1905134121809998
 21
0.2883865550670002
 31
0.0
  0
LINE
  5
C46
330
10F0
100
AcDbEntity
  8
0
100
AcDbLine
 10
0.1905134121809998
 20
0.2883865550670002
 30
0.0
 11
0.2024351292330001
 21
0.2378624171580001
 31
0.0
  0
LINE
  5
C47
330
10F0
100
AcDbEntity
  8
0
100
AcDbLine
 10
0.2024351292330001
 20
0.2378624171580001
 30
0.0
 11
0.2119539745620002
 21
0.1870808907330002
 31
0.0
  0
LINE
  5
C48
330
10F0
100
AcDbEntity
  8
0
100
AcDbLine
 10
0.2119539745620002
 20
0.1870808907330002
 30
0.0
 11
0.2155997448720001
 21
0.1624944989520002
 31
0.0
  0
LINE
  5
C49
330
10F0
100
AcDbEntity
  8
0
100
AcDbLine
 10
0.2155997448720001
 20
0.1624944989520002
 30
0.0
 11
0.2160533437380001
 21
0.158908018698
 31
0.0
  0
LINE
  5
C4A
330
10F0
100
AcDbEntity
  8
0
100
AcDbLine
 10
0.2160533437380001
 20
0.158908018698
 30
0.0
 11
0.2171241810720001
 21
0.1494402509970001
 31
0.0
  0
LINE
  5
C4B
330
10F0
100
AcDbEntity
  8
0
100
AcDbLine
 10
0.2171241810720001
 20
0.1494402509970001
 30
0.0
 11
0.2189594273940002
 21
0.1314480816900001
 31
0.0
  0
LINE
  5
C4C
330
10F0
100
AcDbEntity
  8
0
100
AcDbLine
 10
0.2189594273940002
 20
0.1314480816900001
 30
0.0
 11
0.2213295633720001
 21
0.105833067993
 31
0.0
  0
LINE
  5
C4D
330
10F0
100
AcDbEntity
  8
0
100
AcDbLine
 10
0.2213295633720001
 20
0.105833067993
 30
0.0
 11
0.2226292753590003
 21
0.0899445389940002
 31
0.0
  0
LINE
  5
C4E
330
10F0
100
AcDbEntity
  8
0
100
AcDbLine
 10
0.2226292753590003
 20
0.0899445389940002
 30
0.0
 11
0.223088072481
 21
0.082880930673
 31
0.0
  0
LINE
  5
C4F
330
10F0
100
AcDbEntity
  8
0
100
AcDbLine
 10
0.223088072481
 20
0.082880930673
 30
0.0
 11
0.2231591470650002
 21
0.0807970508820001
 31
0.0
  0
LINE
  5
C50
330
10F0
100
AcDbEntity
  8
0
100
AcDbLine
 10
0.2231591470650002
 20
0.0807970508820001
 30
0.0
 11
0.2239554446999998
 21
0.077897368089
 31
0.0
  0
LINE
  5
C51
330
10F0
100
AcDbEntity
  8
0
100
AcDbLine
 10
0.2239554446999998
 20
0.077897368089
 30
0.0
 11
0.2287423053450002
 21
0.0733378324859999
 31
0.0
  0
LINE
  5
C52
330
10F0
100
AcDbEntity
  8
0
100
AcDbLine
 10
0.2287423053450002
 20
0.0733378324859999
 30
0.0
 11
0.2317692875760003
 21
0.0725958001530001
 31
0.0
  0
LINE
  5
C53
330
10F0
100
AcDbEntity
  8
0
100
AcDbLine
 10
0.2317692875760003
 20
0.0725958001530001
 30
0.0
 11
0.2347688615940001
 21
0.07372005399
 31
0.0
  0
LINE
  5
C54
330
10F0
100
AcDbEntity
  8
0
100
AcDbLine
 10
0.2347688615940001
 20
0.07372005399
 30
0.0
 11
0.2374290112680004
 21
0.0764230501530001
 31
0.0
  0
LINE
  5
C55
330
10F0
100
AcDbEntity
  8
0
100
AcDbLine
 10
0.4737270919230002
 20
0.0917320501530001
 30
0.0
 11
0.4964615420670005
 21
0.1205306588520001
 31
0.0
  0
LINE
  5
C56
330
10F0
100
AcDbEntity
  8
0
100
AcDbLine
 10
0.4964615420670005
 20
0.1205306588520001
 30
0.0
 11
0.5383787849730003
 21
0.18214677792
 31
0.0
  0
LINE
  5
C57
330
10F0
100
AcDbEntity
  8
0
100
AcDbLine
 10
0.5383787849730003
 20
0.18214677792
 30
0.0
 11
0.5568358290750002
 21
0.2138974755210001
 31
0.0
  0
LINE
  5
C58
330
10F0
100
AcDbEntity
  8
0
100
AcDbLine
 10
0.5568358290750002
 20
0.2138974755210001
 30
0.0
 11
0.5689022110740003
 21
0.2358958094100002
 31
0.0
  0
LINE
  5
C59
330
10F0
100
AcDbEntity
  8
0
100
AcDbLine
 10
0.5689022110740003
 20
0.2358958094100002
 30
0.0
 11
0.5650981423020001
 21
0.2448240539310001
 31
0.0
  0
LINE
  5
C5A
330
10F0
100
AcDbEntity
  8
0
100
AcDbLine
 10
0.5650981423020001
 20
0.2448240539310001
 30
0.0
 11
0.5576251866300006
 21
0.2613093141420001
 31
0.0
  0
LINE
  5
C5B
330
10F0
100
AcDbEntity
  8
0
100
AcDbLine
 10
0.5576251866300006
 20
0.2613093141420001
 30
0.0
 11
0.5392887825510003
 21
0.2962687322159999
 31
0.0
  0
LINE
  5
C5C
330
10F0
100
AcDbEntity
  8
0
100
AcDbLine
 10
0.5392887825510003
 20
0.2962687322159999
 30
0.0
 11
0.5175565054740002
 21
0.332029186911
 31
0.0
  0
LINE
  5
C5D
330
10F0
100
AcDbEntity
  8
0
100
AcDbLine
 10
0.5175565054740002
 20
0.332029186911
 30
0.0
 11
0.4937780920950002
 21
0.3663696876300002
 31
0.0
  0
LINE
  5
C5E
330
10F0
100
AcDbEntity
  8
0
100
AcDbLine
 10
0.4937780920950002
 20
0.3663696876300002
 30
0.0
 11
0.4815433791360001
 21
0.3823133936670003
 31
0.0
  0
LINE
  5
C5F
330
10F0
100
AcDbEntity
  8
0
100
AcDbLine
 10
0.4815433791360001
 20
0.3823133936670003
 30
0.0
 11
0.4779418008060006
 21
0.3867756320700003
 31
0.0
  0
LINE
  5
C60
330
10F0
100
AcDbEntity
  8
0
100
AcDbLine
 10
0.4779418008060006
 20
0.3867756320700003
 30
0.0
 11
0.4722673770720001
 21
0.3933727156259998
 31
0.0
  0
LINE
  5
C61
330
10F0
100
AcDbEntity
  8
0
100
AcDbLine
 10
0.4722673770720001
 20
0.3933727156259998
 30
0.0
 11
0.4682002792680001
 21
0.397280724003
 31
0.0
  0
LINE
  5
C62
330
10F0
100
AcDbEntity
  8
0
100
AcDbLine
 10
0.4682002792680001
 20
0.397280724003
 30
0.0
 11
0.4652233319520001
 21
0.3989966094539998
 31
0.0
  0
LINE
  5
C63
330
10F0
100
AcDbEntity
  8
0
100
AcDbLine
 10
0.4652233319520001
 20
0.3989966094539998
 30
0.0
 11
0.4639820476140003
 21
0.3991878001529999
 31
0.0
  0
LINE
  5
C64
330
10F0
100
AcDbEntity
  8
0
100
AcDbLine
 10
0.4639820476140003
 20
0.3991878001529999
 30
0.0
 11
0.4616261200890007
 21
0.3989814637499999
 31
0.0
  0
LINE
  5
C65
330
10F0
100
AcDbEntity
  8
0
100
AcDbLine
 10
0.4616261200890007
 20
0.3989814637499999
 30
0.0
 11
0.4580389135080004
 21
0.396861020964
 31
0.0
  0
LINE
  5
C66
330
10F0
100
AcDbEntity
  8
0
100
AcDbLine
 10
0.4580389135080004
 20
0.396861020964
 30
0.0
 11
0.4554556524360003
 21
0.3914196495389998
 31
0.0
  0
LINE
  5
C67
330
10F0
100
AcDbEntity
  8
0
100
AcDbLine
 10
0.4554556524360003
 20
0.3914196495389998
 30
0.0
 11
0.4532816332530002
 21
0.3814046684369998
 31
0.0
  0
LINE
  5
C68
330
10F0
100
AcDbEntity
  8
0
100
AcDbLine
 10
0.4532816332530002
 20
0.3814046684369998
 30
0.0
 11
0.4521622442760003
 21
0.3742906118580001
 31
0.0
  0
LINE
  5
C69
330
10F0
100
AcDbEntity
  8
0
100
AcDbLine
 10
0.4521622442760003
 20
0.3742906118580001
 30
0.0
 11
0.4493194055010001
 21
0.3569538565619998
 31
0.0
  0
LINE
  5
C6A
330
10F0
100
AcDbEntity
  8
0
100
AcDbLine
 10
0.4493194055010001
 20
0.3569538565619998
 30
0.0
 11
0.4416651453420001
 21
0.3196660824720001
 31
0.0
  0
LINE
  5
C6B
330
10F0
100
AcDbEntity
  8
0
100
AcDbLine
 10
0.4416651453420001
 20
0.3196660824720001
 30
0.0
 11
0.4318896871530001
 21
0.2808901460070001
 31
0.0
  0
LINE
  5
C6C
330
10F0
100
AcDbEntity
  8
0
100
AcDbLine
 10
0.4318896871530001
 20
0.2808901460070001
 30
0.0
 11
0.4205973230910003
 21
0.2430230776560001
 31
0.0
  0
LINE
  5
C6D
330
10F0
100
AcDbEntity
  8
0
100
AcDbLine
 10
0.4205973230910003
 20
0.2430230776560001
 30
0.0
 11
0.4145711444640002
 21
0.2251794396690002
 31
0.0
  0
LINE
  5
C6E
330
10F0
100
AcDbEntity
  8
0
100
AcDbLine
 10
0.4145711444640002
 20
0.2251794396690002
 30
0.0
 11
0.4115886995160007
 21
0.216467705232
 31
0.0
  0
LINE
  5
C6F
330
10F0
100
AcDbEntity
  8
0
100
AcDbLine
 10
0.4115886995160007
 20
0.216467705232
 30
0.0
 11
0.4082064464250003
 21
0.2056893561540001
 31
0.0
  0
LINE
  5
C70
330
10F0
100
AcDbEntity
  8
0
100
AcDbLine
 10
0.4082064464250003
 20
0.2056893561540001
 30
0.0
 11
0.4070467726650003
 21
0.2012288782860001
 31
0.0
  0
LINE
  5
C71
330
10F0
100
AcDbEntity
  8
0
100
AcDbLine
 10
0.4070467726650003
 20
0.2012288782860001
 30
0.0
 11
0.4068900000000001
 21
0.2001244598100001
 31
0.0
  0
LINE
  5
C72
330
10F0
100
AcDbEntity
  8
0
100
AcDbLine
 10
0.4068900000000001
 20
0.2001244598100001
 30
0.0
 11
0.4070471570910006
 21
0.199109893257
 31
0.0
  0
LINE
  5
C73
330
10F0
100
AcDbEntity
  8
0
100
AcDbLine
 10
0.4070471570910006
 20
0.199109893257
 30
0.0
 11
0.4082096664180001
 21
0.195314055624
 31
0.0
  0
LINE
  5
C74
330
10F0
100
AcDbEntity
  8
0
100
AcDbLine
 10
0.4082096664180001
 20
0.195314055624
 30
0.0
 11
0.4116001931730004
 21
0.1864741661460003
 31
0.0
  0
LINE
  5
C75
330
10F0
100
AcDbEntity
  8
0
100
AcDbLine
 10
0.4116001931730004
 20
0.1864741661460003
 30
0.0
 11
0.414589932009
 21
0.1794717478980001
 31
0.0
  0
LINE
  5
C76
330
10F0
100
AcDbEntity
  8
0
100
AcDbLine
 10
0.414589932009
 20
0.1794717478980001
 30
0.0
 11
0.4184354337390001
 21
0.170407248174
 31
0.0
  0
LINE
  5
C77
330
10F0
100
AcDbEntity
  8
0
100
AcDbLine
 10
0.4184354337390001
 20
0.170407248174
 30
0.0
 11
0.4261406337450002
 21
0.1500792401520001
 31
0.0
  0
LINE
  5
C78
330
10F0
100
AcDbEntity
  8
0
100
AcDbLine
 10
0.4261406337450002
 20
0.1500792401520001
 30
0.0
 11
0.4333336541460001
 21
0.1284185785770001
 31
0.0
  0
LINE
  5
C79
330
10F0
100
AcDbEntity
  8
0
100
AcDbLine
 10
0.4333336541460001
 20
0.1284185785770001
 30
0.0
 11
0.4393771608600001
 21
0.1073444966460004
 31
0.0
  0
LINE
  5
C7A
330
10F0
100
AcDbEntity
  8
0
100
AcDbLine
 10
0.4393771608600001
 20
0.1073444966460004
 30
0.0
 11
0.4417686801090002
 21
0.0976271803380002
 31
0.0
  0
LINE
  5
C7B
330
10F0
100
AcDbEntity
  8
0
100
AcDbLine
 10
0.4417686801090002
 20
0.0976271803380002
 30
0.0
 11
0.4430919509460003
 21
0.092020638411
 31
0.0
  0
LINE
  5
C7C
330
10F0
100
AcDbEntity
  8
0
100
AcDbLine
 10
0.4430919509460003
 20
0.092020638411
 30
0.0
 11
0.4455519337440004
 21
0.0829869471990001
 31
0.0
  0
LINE
  5
C7D
330
10F0
100
AcDbEntity
  8
0
100
AcDbLine
 10
0.4455519337440004
 20
0.0829869471990001
 30
0.0
 11
0.4479971280480001
 21
0.0768159556380003
 31
0.0
  0
LINE
  5
C7E
330
10F0
100
AcDbEntity
  8
0
100
AcDbLine
 10
0.4479971280480001
 20
0.0768159556380003
 30
0.0
 11
0.4507082771040002
 21
0.0734558767830001
 31
0.0
  0
LINE
  5
C7F
330
10F0
100
AcDbEntity
  8
0
100
AcDbLine
 10
0.4507082771040002
 20
0.0734558767830001
 30
0.0
 11
0.4539661258590004
 21
0.072854927091
 31
0.0
  0
LINE
  5
C80
330
10F0
100
AcDbEntity
  8
0
100
AcDbLine
 10
0.4539661258590004
 20
0.072854927091
 30
0.0
 11
0.4580514175590005
 21
0.0749613162150001
 31
0.0
  0
LINE
  5
C81
330
10F0
100
AcDbEntity
  8
0
100
AcDbLine
 10
0.4580514175590005
 20
0.0749613162150001
 30
0.0
 11
0.4632448954500006
 21
0.0797232572100002
 31
0.0
  0
LINE
  5
C82
330
10F0
100
AcDbEntity
  8
0
100
AcDbLine
 10
0.4632448954500006
 20
0.0797232572100002
 30
0.0
 11
0.4698273061800001
 21
0.087088966533
 31
0.0
  0
LINE
  5
C83
330
10F0
100
AcDbEntity
  8
0
100
AcDbLine
 10
0.4698273061800001
 20
0.087088966533
 30
0.0
 11
0.4737270919230002
 21
0.0917320501530001
 31
0.0
  0
LINE
  5
C84
330
10F0
100
AcDbEntity
  8
0
100
AcDbLine
 10
0.1866648367439999
 20
0.1566246898530001
 30
0.0
 11
0.1884621813839999
 21
0.158370446565
 31
0.0
  0
LINE
  5
C85
330
10F0
100
AcDbEntity
  8
0
100
AcDbLine
 10
0.1884621813839999
 20
0.158370446565
 30
0.0
 11
0.1889657301150004
 21
0.1641900778650001
 31
0.0
  0
LINE
  5
C86
330
10F0
100
AcDbEntity
  8
0
100
AcDbLine
 10
0.1889657301150004
 20
0.1641900778650001
 30
0.0
 11
0.187869951018
 21
0.1731995060130002
 31
0.0
  0
LINE
  5
C87
330
10F0
100
AcDbEntity
  8
0
100
AcDbLine
 10
0.187869951018
 20
0.1731995060130002
 30
0.0
 11
0.1869003759150002
 21
0.1800134398530001
 31
0.0
  0
LINE
  5
C88
330
10F0
100
AcDbEntity
  8
0
100
AcDbLine
 10
0.1869003759150002
 20
0.1800134398530001
 30
0.0
 11
0.1841247249389999
 21
0.197669430324
 31
0.0
  0
LINE
  5
C89
330
10F0
100
AcDbEntity
  8
0
100
AcDbLine
 10
0.1841247249389999
 20
0.197669430324
 30
0.0
 11
0.1769104981710001
 21
0.2351821718700002
 31
0.0
  0
LINE
  5
C8A
330
10F0
100
AcDbEntity
  8
0
100
AcDbLine
 10
0.1769104981710001
 20
0.2351821718700002
 30
0.0
 11
0.1679189373270001
 21
0.273742760034
 31
0.0
  0
LINE
  5
C8B
330
10F0
100
AcDbEntity
  8
0
100
AcDbLine
 10
0.1679189373270001
 20
0.273742760034
 30
0.0
 11
0.157677912036
 21
0.3110873985540002
 31
0.0
  0
LINE
  5
C8C
330
10F0
100
AcDbEntity
  8
0
100
AcDbLine
 10
0.157677912036
 20
0.3110873985540002
 30
0.0
 11
0.1522538108639999
 21
0.3285963001530003
 31
0.0
  0
LINE
  5
C8D
330
10F0
100
AcDbEntity
  8
0
100
AcDbLine
 10
0.1522538108639999
 20
0.3285963001530003
 30
0.0
 11
0.1444433155560003
 21
0.3516137456670002
 31
0.0
  0
LINE
  5
C8E
330
10F0
100
AcDbEntity
  8
0
100
AcDbLine
 10
0.1444433155560003
 20
0.3516137456670002
 30
0.0
 11
0.1318263895980001
 21
0.3859901613000001
 31
0.0
  0
LINE
  5
C8F
330
10F0
100
AcDbEntity
  8
0
100
AcDbLine
 10
0.1318263895980001
 20
0.3859901613000001
 30
0.0
 11
0.1269747174510001
 21
0.3981126677939998
 31
0.0
  0
LINE
  5
C90
330
10F0
100
AcDbEntity
  8
0
100
AcDbLine
 10
0.1269747174510001
 20
0.3981126677939998
 30
0.0
 11
0.1248634566629999
 21
0.4027517302499999
 31
0.0
  0
LINE
  5
C91
330
10F0
100
AcDbEntity
  8
0
100
AcDbLine
 10
0.1248634566629999
 20
0.4027517302499999
 30
0.0
 11
0.124240285107
 21
0.4037821552260001
 31
0.0
  0
LINE
  5
C92
330
10F0
100
AcDbEntity
  8
0
100
AcDbLine
 10
0.124240285107
 20
0.4037821552260001
 30
0.0
 11
0.122513220684
 21
0.4050717445619997
 31
0.0
  0
LINE
  5
C93
330
10F0
100
AcDbEntity
  8
0
100
AcDbLine
 10
0.122513220684
 20
0.4050717445619997
 30
0.0
 11
0.1152270348120001
 21
0.407975346459
 31
0.0
  0
LINE
  5
C94
330
10F0
100
AcDbEntity
  8
0
100
AcDbLine
 10
0.1152270348120001
 20
0.407975346459
 30
0.0
 11
0.1038245292990001
 21
0.4111270136909998
 31
0.0
  0
LINE
  5
C95
330
10F0
100
AcDbEntity
  8
0
100
AcDbLine
 10
0.1038245292990001
 20
0.4111270136909998
 30
0.0
 11
0.089497414539
 21
0.4143053543039997
 31
0.0
  0
LINE
  5
C96
330
10F0
100
AcDbEntity
  8
0
100
AcDbLine
 10
0.089497414539
 20
0.4143053543039997
 30
0.0
 11
0.065129966973
 21
0.4186385735579999
 31
0.0
  0
LINE
  5
C97
330
10F0
100
AcDbEntity
  8
0
100
AcDbLine
 10
0.065129966973
 20
0.4186385735579999
 30
0.0
 11
0.0408855204179999
 21
0.4217864594670003
 31
0.0
  0
LINE
  5
C98
330
10F0
100
AcDbEntity
  8
0
100
AcDbLine
 10
0.0408855204179999
 20
0.4217864594670003
 30
0.0
 11
0.0267770760119999
 21
0.422857536642
 31
0.0
  0
LINE
  5
C99
330
10F0
100
AcDbEntity
  8
0
100
AcDbLine
 10
0.0267770760119999
 20
0.422857536642
 30
0.0
 11
0.0207860995800001
 21
0.4230018001529998
 31
0.0
  0
LINE
  5
C9A
330
10F0
100
AcDbEntity
  8
0
100
AcDbLine
 10
0.0207860995800001
 20
0.4230018001529998
 30
0.0
 11
0.016735960746
 21
0.4229423025749999
 31
0.0
  0
LINE
  5
C9B
330
10F0
100
AcDbEntity
  8
0
100
AcDbLine
 10
0.016735960746
 20
0.4229423025749999
 30
0.0
 11
0.010273967208
 21
0.4223853968760002
 31
0.0
  0
LINE
  5
C9C
330
10F0
100
AcDbEntity
  8
0
100
AcDbLine
 10
0.010273967208
 20
0.4223853968760002
 30
0.0
 11
0.006003450216
 21
0.4210647625889998
 31
0.0
  0
LINE
  5
C9D
330
10F0
100
AcDbEntity
  8
0
100
AcDbLine
 10
0.006003450216
 20
0.4210647625889998
 30
0.0
 11
0.0039329334810001
 21
0.418764581937
 31
0.0
  0
LINE
  5
C9E
330
10F0
100
AcDbEntity
  8
0
100
AcDbLine
 10
0.0039329334810001
 20
0.418764581937
 30
0.0
 11
0.0040709339100001
 21
0.4152690405449999
 31
0.0
  0
LINE
  5
C9F
330
10F0
100
AcDbEntity
  8
0
100
AcDbLine
 10
0.0040709339100001
 20
0.4152690405449999
 30
0.0
 11
0.006425971812
 21
0.4103623240380005
 31
0.0
  0
LINE
  5
CA0
330
10F0
100
AcDbEntity
  8
0
100
AcDbLine
 10
0.006425971812
 20
0.4103623240380005
 30
0.0
 11
0.011006570898
 21
0.4038286146390003
 31
0.0
  0
LINE
  5
CA1
330
10F0
100
AcDbEntity
  8
0
100
AcDbLine
 10
0.011006570898
 20
0.4038286146390003
 30
0.0
 11
0.017821246374
 21
0.3954520996739999
 31
0.0
  0
LINE
  5
CA2
330
10F0
100
AcDbEntity
  8
0
100
AcDbLine
 10
0.017821246374
 20
0.3954520996739999
 30
0.0
 11
0.0220690278
 21
0.390505345029
 31
0.0
  0
LINE
  5
CA3
330
10F0
100
AcDbEntity
  8
0
100
AcDbLine
 10
0.0220690278
 20
0.390505345029
 30
0.0
 11
0.0428380421850001
 21
0.3658486117950002
 31
0.0
  0
LINE
  5
CA4
330
10F0
100
AcDbEntity
  8
0
100
AcDbLine
 10
0.0428380421850001
 20
0.3658486117950002
 30
0.0
 11
0.0817830087210002
 21
0.3150473707800002
 31
0.0
  0
LINE
  5
CA5
330
10F0
100
AcDbEntity
  8
0
100
AcDbLine
 10
0.0817830087210002
 20
0.3150473707800002
 30
0.0
 11
0.1171760423129999
 21
0.2624030163180001
 31
0.0
  0
LINE
  5
CA6
330
10F0
100
AcDbEntity
  8
0
100
AcDbLine
 10
0.1171760423129999
 20
0.2624030163180001
 30
0.0
 11
0.1489037304870001
 21
0.2080842450840002
 31
0.0
  0
LINE
  5
CA7
330
10F0
100
AcDbEntity
  8
0
100
AcDbLine
 10
0.1489037304870001
 20
0.2080842450840002
 30
0.0
 11
0.1633576258800001
 21
0.1803496697190001
 31
0.0
  0
LINE
  5
CA8
330
10F0
100
AcDbEntity
  8
0
100
AcDbLine
 10
0.1633576258800001
 20
0.1803496697190001
 30
0.0
 11
0.1657494479069999
 21
0.1756035054990002
 31
0.0
  0
LINE
  5
CA9
330
10F0
100
AcDbEntity
  8
0
100
AcDbLine
 10
0.1657494479069999
 20
0.1756035054990002
 30
0.0
 11
0.169850177883
 21
0.167730916887
 31
0.0
  0
LINE
  5
CAA
330
10F0
100
AcDbEntity
  8
0
100
AcDbLine
 10
0.169850177883
 20
0.167730916887
 30
0.0
 11
0.1746503760690001
 21
0.159608618073
 31
0.0
  0
LINE
  5
CAB
330
10F0
100
AcDbEntity
  8
0
100
AcDbLine
 10
0.1746503760690001
 20
0.159608618073
 30
0.0
 11
0.1795268300850001
 21
0.154644756471
 31
0.0
  0
LINE
  5
CAC
330
10F0
100
AcDbEntity
  8
0
100
AcDbLine
 10
0.1795268300850001
 20
0.154644756471
 30
0.0
 11
0.1840556320199999
 21
0.1549659171780001
 31
0.0
  0
LINE
  5
CAD
330
10F0
100
AcDbEntity
  8
0
100
AcDbLine
 10
0.1840556320199999
 20
0.1549659171780001
 30
0.0
 11
0.1866648367439999
 21
0.1566246898530001
 31
0.0
  0
LINE
  5
CAE
330
10F0
100
AcDbEntity
  8
0
100
AcDbLine
 10
-0.357826212414
 20
0.1662249127230001
 30
0.0
 11
-0.3283491122369999
 21
0.1758371565600002
 31
0.0
  0
LINE
  5
CAF
330
10F0
100
AcDbEntity
  8
0
100
AcDbLine
 10
-0.3283491122369999
 20
0.1758371565600002
 30
0.0
 11
-0.267385530789
 21
0.1923755543100001
 31
0.0
  0
LINE
  5
CB0
330
10F0
100
AcDbEntity
  8
0
100
AcDbLine
 10
-0.267385530789
 20
0.1923755543100001
 30
0.0
 11
-0.204372390627
 21
0.2052043177050002
 31
0.0
  0
LINE
  5
CB1
330
10F0
100
AcDbEntity
  8
0
100
AcDbLine
 10
-0.204372390627
 20
0.2052043177050002
 30
0.0
 11
-0.140065231725
 21
0.2141696304180001
 31
0.0
  0
LINE
  5
CB2
330
10F0
100
AcDbEntity
  8
0
100
AcDbLine
 10
-0.140065231725
 20
0.2141696304180001
 30
0.0
 11
-0.1076625
 21
0.2171554229339999
 31
0.0
  0
LINE
  5
CB3
330
10F0
100
AcDbEntity
  8
0
100
AcDbLine
 10
-0.1076625
 20
0.2171554229339999
 30
0.0
 11
-0.09818139816
 21
0.2179339655310002
 31
0.0
  0
LINE
  5
CB4
330
10F0
100
AcDbEntity
  8
0
100
AcDbLine
 10
-0.09818139816
 20
0.2179339655310002
 30
0.0
 11
-0.0866162413259999
 21
0.219067889553
 31
0.0
  0
LINE
  5
CB5
330
10F0
100
AcDbEntity
  8
0
100
AcDbLine
 10
-0.0866162413259999
 20
0.219067889553
 30
0.0
 11
-0.081958922037
 21
0.2196703038060002
 31
0.0
  0
LINE
  5
CB6
330
10F0
100
AcDbEntity
  8
0
100
AcDbLine
 10
-0.081958922037
 20
0.2196703038060002
 30
0.0
 11
-0.0808757031239999
 21
0.21989178081
 31
0.0
  0
LINE
  5
CB7
330
10F0
100
AcDbEntity
  8
0
100
AcDbLine
 10
-0.0808757031239999
 20
0.21989178081
 30
0.0
 11
-0.078247380861
 21
0.2218729270049999
 31
0.0
  0
LINE
  5
CB8
330
10F0
100
AcDbEntity
  8
0
100
AcDbLine
 10
-0.078247380861
 20
0.2218729270049999
 30
0.0
 11
-0.076796808885
 21
0.2289130309079999
 31
0.0
  0
LINE
  5
CB9
330
10F0
100
AcDbEntity
  8
0
100
AcDbLine
 10
-0.076796808885
 20
0.2289130309079999
 30
0.0
 11
-0.0783802493729998
 21
0.2320030487970001
 31
0.0
  0
LINE
  5
CBA
330
10F0
100
AcDbEntity
  8
0
100
AcDbLine
 10
-0.0783802493729998
 20
0.2320030487970001
 30
0.0
 11
-0.080090946774
 21
0.2330506436670001
 31
0.0
  0
LINE
  5
CBB
330
10F0
100
AcDbEntity
  8
0
100
AcDbLine
 10
-0.080090946774
 20
0.2330506436670001
 30
0.0
 11
-0.0878063204610001
 21
0.235798857513
 31
0.0
  0
LINE
  5
CBC
330
10F0
100
AcDbEntity
  8
0
100
AcDbLine
 10
-0.0878063204610001
 20
0.235798857513
 30
0.0
 11
-0.100290690891
 21
0.239211828963
 31
0.0
  0
LINE
  5
CBD
330
10F0
100
AcDbEntity
  8
0
100
AcDbLine
 10
-0.100290690891
 20
0.239211828963
 30
0.0
 11
-0.1163964852179999
 21
0.2430424333350001
 31
0.0
  0
LINE
  5
CBE
330
10F0
100
AcDbEntity
  8
0
100
AcDbLine
 10
-0.1163964852179999
 20
0.2430424333350001
 30
0.0
 11
-0.1448350449479999
 21
0.2490308038349999
 31
0.0
  0
LINE
  5
CBF
330
10F0
100
AcDbEntity
  8
0
100
AcDbLine
 10
-0.1448350449479999
 20
0.2490308038349999
 30
0.0
 11
-0.184717463202
 21
0.256170482577
 31
0.0
  0
LINE
  5
CC0
330
10F0
100
AcDbEntity
  8
0
100
AcDbLine
 10
-0.184717463202
 20
0.256170482577
 30
0.0
 11
-0.2029185
 21
0.258822219105
 31
0.0
  0
LINE
  5
CC1
330
10F0
100
AcDbEntity
  8
0
100
AcDbLine
 10
-0.2029185
 20
0.258822219105
 30
0.0
 11
-0.2298556193489999
 21
0.2619067648769998
 31
0.0
  0
LINE
  5
CC2
330
10F0
100
AcDbEntity
  8
0
100
AcDbLine
 10
-0.2298556193489999
 20
0.2619067648769998
 30
0.0
 11
-0.271018302057
 21
0.265233868146
 31
0.0
  0
LINE
  5
CC3
330
10F0
100
AcDbEntity
  8
0
100
AcDbLine
 10
-0.271018302057
 20
0.265233868146
 30
0.0
 11
-0.295604960895
 21
0.2663360310960001
 31
0.0
  0
LINE
  5
CC4
330
10F0
100
AcDbEntity
  8
0
100
AcDbLine
 10
-0.295604960895
 20
0.2663360310960001
 30
0.0
 11
-0.306177805359
 21
0.2664882025560001
 31
0.0
  0
LINE
  5
CC5
330
10F0
100
AcDbEntity
  8
0
100
AcDbLine
 10
-0.306177805359
 20
0.2664882025560001
 30
0.0
 11
-0.331191112419
 21
0.2665098001530001
 31
0.0
  0
LINE
  5
CC6
330
10F0
100
AcDbEntity
  8
0
100
AcDbLine
 10
-0.331191112419
 20
0.2665098001530001
 30
0.0
 11
-0.3411991772549999
 21
0.2533270501530001
 31
0.0
  0
LINE
  5
CC7
330
10F0
100
AcDbEntity
  8
0
100
AcDbLine
 10
-0.3411991772549999
 20
0.2533270501530001
 30
0.0
 11
-0.349007616054
 21
0.2424683016090001
 31
0.0
  0
LINE
  5
CC8
330
10F0
100
AcDbEntity
  8
0
100
AcDbLine
 10
-0.349007616054
 20
0.2424683016090001
 30
0.0
 11
-0.365602507416
 21
0.2166323586300001
 31
0.0
  0
LINE
  5
CC9
330
10F0
100
AcDbEntity
  8
0
100
AcDbLine
 10
-0.365602507416
 20
0.2166323586300001
 30
0.0
 11
-0.3770552927879999
 21
0.1968881967450002
 31
0.0
  0
LINE
  5
CCA
330
10F0
100
AcDbEntity
  8
0
100
AcDbLine
 10
-0.3770552927879999
 20
0.1968881967450002
 30
0.0
 11
-0.3833368952760001
 21
0.185091720921
 31
0.0
  0
LINE
  5
CCB
330
10F0
100
AcDbEntity
  8
0
100
AcDbLine
 10
-0.3833368952760001
 20
0.185091720921
 30
0.0
 11
-0.3879877337550001
 21
0.1753472277360001
 31
0.0
  0
LINE
  5
CCC
330
10F0
100
AcDbEntity
  8
0
100
AcDbLine
 10
-0.3879877337550001
 20
0.1753472277360001
 30
0.0
 11
-0.390538180836
 21
0.168476667606
 31
0.0
  0
LINE
  5
CCD
330
10F0
100
AcDbEntity
  8
0
100
AcDbLine
 10
-0.390538180836
 20
0.168476667606
 30
0.0
 11
-0.390879
 21
0.1663759717290001
 31
0.0
  0
LINE
  5
CCE
330
10F0
100
AcDbEntity
  8
0
100
AcDbLine
 10
-0.390879
 20
0.1663759717290001
 30
0.0
 11
-0.389978044938
 21
0.1639107175320001
 31
0.0
  0
LINE
  5
CCF
330
10F0
100
AcDbEntity
  8
0
100
AcDbLine
 10
-0.389978044938
 20
0.1639107175320001
 30
0.0
 11
-0.3852177964379999
 21
0.158642834499
 31
0.0
  0
LINE
  5
CD0
330
10F0
100
AcDbEntity
  8
0
100
AcDbLine
 10
-0.3852177964379999
 20
0.158642834499
 30
0.0
 11
-0.382990103901
 21
0.1576458001530002
 31
0.0
  0
LINE
  5
CD1
330
10F0
100
AcDbEntity
  8
0
100
AcDbLine
 10
-0.382990103901
 20
0.1576458001530002
 30
0.0
 11
-0.38241732447
 21
0.1578209010930001
 31
0.0
  0
LINE
  5
CD2
330
10F0
100
AcDbEntity
  8
0
100
AcDbLine
 10
-0.38241732447
 20
0.1578209010930001
 30
0.0
 11
-0.378550531323
 21
0.1591161462540002
 31
0.0
  0
LINE
  5
CD3
330
10F0
100
AcDbEntity
  8
0
100
AcDbLine
 10
-0.378550531323
 20
0.1591161462540002
 30
0.0
 11
-0.367495426143
 21
0.162893803599
 31
0.0
  0
LINE
  5
CD4
330
10F0
100
AcDbEntity
  8
0
100
AcDbLine
 10
-0.367495426143
 20
0.162893803599
 30
0.0
 11
-0.357826212414
 21
0.1662249127230001
 31
0.0
  0
LINE
  5
CD5
330
10F0
100
AcDbEntity
  8
0
100
AcDbLine
 10
-0.6979095
 20
0.201100786182
 30
0.0
 11
-0.6770403052199999
 21
0.2119758388110001
 31
0.0
  0
LINE
  5
CD6
330
10F0
100
AcDbEntity
  8
0
100
AcDbLine
 10
-0.6770403052199999
 20
0.2119758388110001
 30
0.0
 11
-0.633900010995
 21
0.2318865507090001
 31
0.0
  0
LINE
  5
CD7
330
10F0
100
AcDbEntity
  8
0
100
AcDbLine
 10
-0.633900010995
 20
0.2318865507090001
 30
0.0
 11
-0.613147611978
 21
0.240221277207
 31
0.0
  0
LINE
  5
CD8
330
10F0
100
AcDbEntity
  8
0
100
AcDbLine
 10
-0.613147611978
 20
0.240221277207
 30
0.0
 11
-0.5913227222549999
 21
0.2484943526610002
 31
0.0
  0
LINE
  5
CD9
330
10F0
100
AcDbEntity
  8
0
100
AcDbLine
 10
-0.5913227222549999
 20
0.2484943526610002
 30
0.0
 11
-0.5764877280180001
 21
0.278339326407
 31
0.0
  0
LINE
  5
CDA
330
10F0
100
AcDbEntity
  8
0
100
AcDbLine
 10
-0.5764877280180001
 20
0.278339326407
 30
0.0
 11
-0.567555787224
 21
0.2957617474650002
 31
0.0
  0
LINE
  5
CDB
330
10F0
100
AcDbEntity
  8
0
100
AcDbLine
 10
-0.567555787224
 20
0.2957617474650002
 30
0.0
 11
-0.548929772586
 21
0.3288148769520001
 31
0.0
  0
LINE
  5
CDC
330
10F0
100
AcDbEntity
  8
0
100
AcDbLine
 10
-0.548929772586
 20
0.3288148769520001
 30
0.0
 11
-0.52907009409
 21
0.3598185770009997
 31
0.0
  0
LINE
  5
CDD
330
10F0
100
AcDbEntity
  8
0
100
AcDbLine
 10
-0.52907009409
 20
0.3598185770009997
 30
0.0
 11
-0.5077157690069999
 21
0.3891802711319999
 31
0.0
  0
LINE
  5
CDE
330
10F0
100
AcDbEntity
  8
0
100
AcDbLine
 10
-0.5077157690069999
 20
0.3891802711319999
 30
0.0
 11
-0.496396559763
 21
0.4033726871039999
 31
0.0
  0
LINE
  5
CDF
330
10F0
100
AcDbEntity
  8
0
100
AcDbLine
 10
-0.496396559763
 20
0.4033726871039999
 30
0.0
 11
-0.49109125473
 21
0.4100374245330001
 31
0.0
  0
LINE
  5
CE0
330
10F0
100
AcDbEntity
  8
0
100
AcDbLine
 10
-0.49109125473
 20
0.4100374245330001
 30
0.0
 11
-0.485074753092
 21
0.4183183381949999
 31
0.0
  0
LINE
  5
CE1
330
10F0
100
AcDbEntity
  8
0
100
AcDbLine
 10
-0.485074753092
 20
0.4183183381949999
 30
0.0
 11
-0.483011875548
 21
0.4217727085829999
 31
0.0
  0
LINE
  5
CE2
330
10F0
100
AcDbEntity
  8
0
100
AcDbLine
 10
-0.483011875548
 20
0.4217727085829999
 30
0.0
 11
-0.482733
 21
0.4226429078640001
 31
0.0
  0
LINE
  5
CE3
330
10F0
100
AcDbEntity
  8
0
100
AcDbLine
 10
-0.482733
 20
0.4226429078640001
 30
0.0
 11
-0.482979741957
 21
0.424833489684
 31
0.0
  0
LINE
  5
CE4
330
10F0
100
AcDbEntity
  8
0
100
AcDbLine
 10
-0.482979741957
 20
0.424833489684
 30
0.0
 11
-0.485037473976
 21
0.4282174641869999
 31
0.0
  0
LINE
  5
CE5
330
10F0
100
AcDbEntity
  8
0
100
AcDbLine
 10
-0.485037473976
 20
0.4282174641869999
 30
0.0
 11
-0.4893670888110001
 21
0.430364189124
 31
0.0
  0
LINE
  5
CE6
330
10F0
100
AcDbEntity
  8
0
100
AcDbLine
 10
-0.4893670888110001
 20
0.430364189124
 30
0.0
 11
-0.4961920502339999
 21
0.4313844591299998
 31
0.0
  0
LINE
  5
CE7
330
10F0
100
AcDbEntity
  8
0
100
AcDbLine
 10
-0.4961920502339999
 20
0.4313844591299998
 30
0.0
 11
-0.50061011877
 21
0.4315068001529999
 31
0.0
  0
LINE
  5
CE8
330
10F0
100
AcDbEntity
  8
0
100
AcDbLine
 10
-0.50061011877
 20
0.4315068001529999
 30
0.0
 11
-0.5071659768900001
 21
0.4313996116380001
 31
0.0
  0
LINE
  5
CE9
330
10F0
100
AcDbEntity
  8
0
100
AcDbLine
 10
-0.5071659768900001
 20
0.4313996116380001
 30
0.0
 11
-0.5230905858
 21
0.430601818824
 31
0.0
  0
LINE
  5
CEA
330
10F0
100
AcDbEntity
  8
0
100
AcDbLine
 10
-0.5230905858
 20
0.430601818824
 30
0.0
 11
-0.551418340689
 21
0.4282451955899999
 31
0.0
  0
LINE
  5
CEB
330
10F0
100
AcDbEntity
  8
0
100
AcDbLine
 10
-0.551418340689
 20
0.4282451955899999
 30
0.0
 11
-0.5809288910309999
 21
0.4249744090289997
 31
0.0
  0
LINE
  5
CEC
330
10F0
100
AcDbEntity
  8
0
100
AcDbLine
 10
-0.5809288910309999
 20
0.4249744090289997
 30
0.0
 11
-0.598956248925
 21
0.4225514365890001
 31
0.0
  0
LINE
  5
CED
330
10F0
100
AcDbEntity
  8
0
100
AcDbLine
 10
-0.598956248925
 20
0.4225514365890001
 30
0.0
 11
-0.6140541123
 21
0.42012030105
 31
0.0
  0
LINE
  5
CEE
330
10F0
100
AcDbEntity
  8
0
100
AcDbLine
 10
-0.6140541123
 20
0.42012030105
 30
0.0
 11
-0.6248404135529999
 21
0.4178402568360001
 31
0.0
  0
LINE
  5
CEF
330
10F0
100
AcDbEntity
  8
0
100
AcDbLine
 10
-0.6248404135529999
 20
0.4178402568360001
 30
0.0
 11
-0.628184831301
 21
0.4168066594949998
 31
0.0
  0
LINE
  5
CF0
330
10F0
100
AcDbEntity
  8
0
100
AcDbLine
 10
-0.628184831301
 20
0.4168066594949998
 30
0.0
 11
-0.628895206323
 21
0.4162387619340005
 31
0.0
  0
LINE
  5
CF1
330
10F0
100
AcDbEntity
  8
0
100
AcDbLine
 10
-0.628895206323
 20
0.4162387619340005
 30
0.0
 11
-0.6315103815569999
 21
0.4130508412889998
 31
0.0
  0
LINE
  5
CF2
330
10F0
100
AcDbEntity
  8
0
100
AcDbLine
 10
-0.6315103815569999
 20
0.4130508412889998
 30
0.0
 11
-0.637550055918
 21
0.4043623186980002
 31
0.0
  0
LINE
  5
CF3
330
10F0
100
AcDbEntity
  8
0
100
AcDbLine
 10
-0.637550055918
 20
0.4043623186980002
 30
0.0
 11
-0.642311784288
 21
0.3969172781370001
 31
0.0
  0
LINE
  5
CF4
330
10F0
100
AcDbEntity
  8
0
100
AcDbLine
 10
-0.642311784288
 20
0.3969172781370001
 30
0.0
 11
-0.6544478970809999
 21
0.37675447974
 31
0.0
  0
LINE
  5
CF5
330
10F0
100
AcDbEntity
  8
0
100
AcDbLine
 10
-0.6544478970809999
 20
0.37675447974
 30
0.0
 11
-0.676284712515
 21
0.3365663441580001
 31
0.0
  0
LINE
  5
CF6
330
10F0
100
AcDbEntity
  8
0
100
AcDbLine
 10
-0.676284712515
 20
0.3365663441580001
 30
0.0
 11
-0.6953788338479999
 21
0.295475761737
 31
0.0
  0
LINE
  5
CF7
330
10F0
100
AcDbEntity
  8
0
100
AcDbLine
 10
-0.6953788338479999
 20
0.295475761737
 30
0.0
 11
-0.712335684402
 21
0.252179866836
 31
0.0
  0
LINE
  5
CF8
330
10F0
100
AcDbEntity
  8
0
100
AcDbLine
 10
-0.712335684402
 20
0.252179866836
 30
0.0
 11
-0.7202018279250001
 21
0.2292977783970001
 31
0.0
  0
LINE
  5
CF9
330
10F0
100
AcDbEntity
  8
0
100
AcDbLine
 10
-0.7202018279250001
 20
0.2292977783970001
 30
0.0
 11
-0.721898723412
 21
0.224120425986
 31
0.0
  0
LINE
  5
CFA
330
10F0
100
AcDbEntity
  8
0
100
AcDbLine
 10
-0.721898723412
 20
0.224120425986
 30
0.0
 11
-0.724708930203
 21
0.2153392397190001
 31
0.0
  0
LINE
  5
CFB
330
10F0
100
AcDbEntity
  8
0
100
AcDbLine
 10
-0.724708930203
 20
0.2153392397190001
 30
0.0
 11
-0.727561272465
 21
0.2055994804170001
 31
0.0
  0
LINE
  5
CFC
330
10F0
100
AcDbEntity
  8
0
100
AcDbLine
 10
-0.727561272465
 20
0.2055994804170001
 30
0.0
 11
-0.729089006904
 21
0.1976146019909999
 31
0.0
  0
LINE
  5
CFD
330
10F0
100
AcDbEntity
  8
0
100
AcDbLine
 10
-0.729089006904
 20
0.1976146019909999
 30
0.0
 11
-0.7283917738079999
 21
0.1933831909890001
 31
0.0
  0
LINE
  5
CFE
330
10F0
100
AcDbEntity
  8
0
100
AcDbLine
 10
-0.7283917738079999
 20
0.1933831909890001
 30
0.0
 11
-0.7273368
 21
0.1920060001530001
 31
0.0
  0
LINE
  5
CFF
330
10F0
100
AcDbEntity
  8
0
100
AcDbLine
 10
-0.7273368
 20
0.1920060001530001
 30
0.0
 11
-0.725858122401
 21
0.1908753743700002
 31
0.0
  0
LINE
  5
D00
330
10F0
100
AcDbEntity
  8
0
100
AcDbLine
 10
-0.725858122401
 20
0.1908753743700002
 30
0.0
 11
-0.721846373436
 21
0.190300813992
 31
0.0
  0
LINE
  5
D01
330
10F0
100
AcDbEntity
  8
0
100
AcDbLine
 10
-0.721846373436
 20
0.190300813992
 30
0.0
 11
-0.7153206434280001
 21
0.1923176522700001
 31
0.0
  0
LINE
  5
D02
330
10F0
100
AcDbEntity
  8
0
100
AcDbLine
 10
-0.7153206434280001
 20
0.1923176522700001
 30
0.0
 11
-0.7049511790290001
 21
0.1973368627109999
 31
0.0
  0
LINE
  5
D03
330
10F0
100
AcDbEntity
  8
0
100
AcDbLine
 10
-0.7049511790290001
 20
0.1973368627109999
 30
0.0
 11
-0.6979095
 21
0.201100786182
 31
0.0
  0
LINE
  5
D04
330
10F0
100
AcDbEntity
  8
0
100
AcDbLine
 10
0.1110935486790002
 20
0.2158115529870002
 30
0.0
 11
0.111462903819
 21
0.2178822296160001
 31
0.0
  0
LINE
  5
D05
330
10F0
100
AcDbEntity
  8
0
100
AcDbLine
 10
0.111462903819
 20
0.2178822296160001
 30
0.0
 11
0.1089275446079999
 21
0.225557745471
 31
0.0
  0
LINE
  5
D06
330
10F0
100
AcDbEntity
  8
0
100
AcDbLine
 10
0.1089275446079999
 20
0.225557745471
 30
0.0
 11
0.1036709017830001
 21
0.235286950068
 31
0.0
  0
LINE
  5
D07
330
10F0
100
AcDbEntity
  8
0
100
AcDbLine
 10
0.1036709017830001
 20
0.235286950068
 30
0.0
 11
0.0983353138469999
 21
0.2440839148110001
 31
0.0
  0
LINE
  5
D08
330
10F0
100
AcDbEntity
  8
0
100
AcDbLine
 10
0.0983353138469999
 20
0.2440839148110001
 30
0.0
 11
0.0913895201879999
 21
0.254990332179
 31
0.0
  0
LINE
  5
D09
330
10F0
100
AcDbEntity
  8
0
100
AcDbLine
 10
0.0913895201879999
 20
0.254990332179
 30
0.0
 11
0.0827089956990004
 21
0.2682297407879999
 31
0.0
  0
LINE
  5
D0A
330
10F0
100
AcDbEntity
  8
0
100
AcDbLine
 10
0.0827089956990004
 20
0.2682297407879999
 30
0.0
 11
0.077679296892
 21
0.2757941711370002
 31
0.0
  0
LINE
  5
D0B
330
10F0
100
AcDbEntity
  8
0
100
AcDbLine
 10
0.077679296892
 20
0.2757941711370002
 30
0.0
 11
0.0542337675120002
 21
0.3094019967239999
 31
0.0
  0
LINE
  5
D0C
330
10F0
100
AcDbEntity
  8
0
100
AcDbLine
 10
0.0542337675120002
 20
0.3094019967239999
 30
0.0
 11
0.0165546834749999
 21
0.3575503904579996
 31
0.0
  0
LINE
  5
D0D
330
10F0
100
AcDbEntity
  8
0
100
AcDbLine
 10
0.0165546834749999
 20
0.3575503904579996
 30
0.0
 11
-0.0113672179169999
 21
0.3895503253829998
 31
0.0
  0
LINE
  5
D0E
330
10F0
100
AcDbEntity
  8
0
100
AcDbLine
 10
-0.0113672179169999
 20
0.3895503253829998
 30
0.0
 11
-0.026459148204
 21
0.4058831436749997
 31
0.0
  0
LINE
  5
D0F
330
10F0
100
AcDbEntity
  8
0
100
AcDbLine
 10
-0.026459148204
 20
0.4058831436749997
 30
0.0
 11
-0.0415502024759999
 21
0.4219339871970003
 31
0.0
  0
LINE
  5
D10
330
10F0
100
AcDbEntity
  8
0
100
AcDbLine
 10
-0.0415502024759999
 20
0.4219339871970003
 30
0.0
 11
-0.0619134603209999
 21
0.4190525068049999
 31
0.0
  0
LINE
  5
D11
330
10F0
100
AcDbEntity
  8
0
100
AcDbLine
 10
-0.0619134603209999
 20
0.4190525068049999
 30
0.0
 11
-0.075888707922
 21
0.4167182483190005
 31
0.0
  0
LINE
  5
D12
330
10F0
100
AcDbEntity
  8
0
100
AcDbLine
 10
-0.075888707922
 20
0.4167182483190005
 30
0.0
 11
-0.1063027665270001
 21
0.4099300165890004
 31
0.0
  0
LINE
  5
D13
330
10F0
100
AcDbEntity
  8
0
100
AcDbLine
 10
-0.1063027665270001
 20
0.4099300165890004
 30
0.0
 11
-0.127899929772
 21
0.403945291332
 31
0.0
  0
LINE
  5
D14
330
10F0
100
AcDbEntity
  8
0
100
AcDbLine
 10
-0.127899929772
 20
0.403945291332
 30
0.0
 11
-0.140115952143
 21
0.3999876885989999
 31
0.0
  0
LINE
  5
D15
330
10F0
100
AcDbEntity
  8
0
100
AcDbLine
 10
-0.140115952143
 20
0.3999876885989999
 30
0.0
 11
-0.149588086311
 21
0.3963406578479999
 31
0.0
  0
LINE
  5
D16
330
10F0
100
AcDbEntity
  8
0
100
AcDbLine
 10
-0.149588086311
 20
0.3963406578479999
 30
0.0
 11
-0.1554607105649999
 21
0.393248312991
 31
0.0
  0
LINE
  5
D17
330
10F0
100
AcDbEntity
  8
0
100
AcDbLine
 10
-0.1554607105649999
 20
0.393248312991
 30
0.0
 11
-0.156779825859
 21
0.3919864329450002
 31
0.0
  0
LINE
  5
D18
330
10F0
100
AcDbEntity
  8
0
100
AcDbLine
 10
-0.156779825859
 20
0.3919864329450002
 30
0.0
 11
-0.1575811941750001
 21
0.38903469615
 31
0.0
  0
LINE
  5
D19
330
10F0
100
AcDbEntity
  8
0
100
AcDbLine
 10
-0.1575811941750001
 20
0.38903469615
 30
0.0
 11
-0.157312847817
 21
0.38541782583
 31
0.0
  0
LINE
  5
D1A
330
10F0
100
AcDbEntity
  8
0
100
AcDbLine
 10
-0.157312847817
 20
0.38541782583
 30
0.0
 11
-0.1567727054729999
 21
0.3841791304140001
 31
0.0
  0
LINE
  5
D1B
330
10F0
100
AcDbEntity
  8
0
100
AcDbLine
 10
-0.1567727054729999
 20
0.3841791304140001
 30
0.0
 11
-0.1539397256940001
 21
0.381361636539
 31
0.0
  0
LINE
  5
D1C
330
10F0
100
AcDbEntity
  8
0
100
AcDbLine
 10
-0.1539397256940001
 20
0.381361636539
 30
0.0
 11
-0.1479825175139999
 21
0.3775925573370006
 31
0.0
  0
LINE
  5
D1D
330
10F0
100
AcDbEntity
  8
0
100
AcDbLine
 10
-0.1479825175139999
 20
0.3775925573370006
 30
0.0
 11
-0.137956321719
 21
0.3722741460989999
 31
0.0
  0
LINE
  5
D1E
330
10F0
100
AcDbEntity
  8
0
100
AcDbLine
 10
-0.137956321719
 20
0.3722741460989999
 30
0.0
 11
-0.1311221170619999
 21
0.368847149904
 31
0.0
  0
LINE
  5
D1F
330
10F0
100
AcDbEntity
  8
0
100
AcDbLine
 10
-0.1311221170619999
 20
0.368847149904
 30
0.0
 11
-0.1027101745799999
 21
0.3542075903609998
 31
0.0
  0
LINE
  5
D20
330
10F0
100
AcDbEntity
  8
0
100
AcDbLine
 10
-0.1027101745799999
 20
0.3542075903609998
 30
0.0
 11
-0.047567845485
 21
0.3225201393419997
 31
0.0
  0
LINE
  5
D21
330
10F0
100
AcDbEntity
  8
0
100
AcDbLine
 10
-0.047567845485
 20
0.3225201393419997
 30
0.0
 11
0.00482056461
 21
0.287959238352
 31
0.0
  0
LINE
  5
D22
330
10F0
100
AcDbEntity
  8
0
100
AcDbLine
 10
0.00482056461
 20
0.287959238352
 30
0.0
 11
0.0538408467180001
 21
0.2509300843020001
 31
0.0
  0
LINE
  5
D23
330
10F0
100
AcDbEntity
  8
0
100
AcDbLine
 10
0.0538408467180001
 20
0.2509300843020001
 30
0.0
 11
0.076896
 21
0.2316165373710001
 31
0.0
  0
LINE
  5
D24
330
10F0
100
AcDbEntity
  8
0
100
AcDbLine
 10
0.076896
 20
0.2316165373710001
 30
0.0
 11
0.0841415744970001
 21
0.2253863833290001
 31
0.0
  0
LINE
  5
D25
330
10F0
100
AcDbEntity
  8
0
100
AcDbLine
 10
0.0841415744970001
 20
0.2253863833290001
 30
0.0
 11
0.093435314589
 21
0.2175876266220001
 31
0.0
  0
LINE
  5
D26
330
10F0
100
AcDbEntity
  8
0
100
AcDbLine
 10
0.093435314589
 20
0.2175876266220001
 30
0.0
 11
0.097538337513
 21
0.2142894777750001
 31
0.0
  0
LINE
  5
D27
330
10F0
100
AcDbEntity
  8
0
100
AcDbLine
 10
0.097538337513
 20
0.2142894777750001
 30
0.0
 11
0.0986937910920001
 21
0.2134344361050002
 31
0.0
  0
LINE
  5
D28
330
10F0
100
AcDbEntity
  8
0
100
AcDbLine
 10
0.0986937910920001
 20
0.2134344361050002
 30
0.0
 11
0.1022685361470001
 21
0.2118144513330005
 31
0.0
  0
LINE
  5
D29
330
10F0
100
AcDbEntity
  8
0
100
AcDbLine
 10
0.1022685361470001
 20
0.2118144513330005
 30
0.0
 11
0.1087853120910001
 21
0.2130637626900001
 31
0.0
  0
LINE
  5
D2A
330
10F0
100
AcDbEntity
  8
0
100
AcDbLine
 10
0.1087853120910001
 20
0.2130637626900001
 30
0.0
 11
0.1110935486790002
 21
0.2158115529870002
 31
0.0
  0
LINE
  5
D2B
330
10F0
100
AcDbEntity
  8
0
100
AcDbLine
 10
0.017395385715
 20
0.237657052026
 30
0.0
 11
0.018420661764
 21
0.2410026536700001
 31
0.0
  0
LINE
  5
D2C
330
10F0
100
AcDbEntity
  8
0
100
AcDbLine
 10
0.018420661764
 20
0.2410026536700001
 30
0.0
 11
0.018280681371
 21
0.244178830611
 31
0.0
  0
LINE
  5
D2D
330
10F0
100
AcDbEntity
  8
0
100
AcDbLine
 10
0.018280681371
 20
0.244178830611
 30
0.0
 11
0.0172683567360001
 21
0.2456914295519999
 31
0.0
  0
LINE
  5
D2E
330
10F0
100
AcDbEntity
  8
0
100
AcDbLine
 10
0.0172683567360001
 20
0.2456914295519999
 30
0.0
 11
0.01161180711
 21
0.2508813608579999
 31
0.0
  0
LINE
  5
D2F
330
10F0
100
AcDbEntity
  8
0
100
AcDbLine
 10
0.01161180711
 20
0.2508813608579999
 30
0.0
 11
0.0018190225350001
 21
0.2584729953
 31
0.0
  0
LINE
  5
D30
330
10F0
100
AcDbEntity
  8
0
100
AcDbLine
 10
0.0018190225350001
 20
0.2584729953
 30
0.0
 11
-0.011262432915
 21
0.2678847984000001
 31
0.0
  0
LINE
  5
D31
330
10F0
100
AcDbEntity
  8
0
100
AcDbLine
 10
-0.011262432915
 20
0.2678847984000001
 30
0.0
 11
-0.0527918733359999
 21
0.2955612097710002
 31
0.0
  0
LINE
  5
D32
330
10F0
100
AcDbEntity
  8
0
100
AcDbLine
 10
-0.0527918733359999
 20
0.2955612097710002
 30
0.0
 11
-0.088101
 21
0.3171700673910005
 31
0.0
  0
LINE
  5
D33
330
10F0
100
AcDbEntity
  8
0
100
AcDbLine
 10
-0.088101
 20
0.3171700673910005
 30
0.0
 11
-0.103310605467
 21
0.3257310081779999
 31
0.0
  0
LINE
  5
D34
330
10F0
100
AcDbEntity
  8
0
100
AcDbLine
 10
-0.103310605467
 20
0.3257310081779999
 30
0.0
 11
-0.138245913567
 21
0.3440089318770001
 31
0.0
  0
LINE
  5
D35
330
10F0
100
AcDbEntity
  8
0
100
AcDbLine
 10
-0.138245913567
 20
0.3440089318770001
 30
0.0
 11
-0.1641313879649999
 21
0.356663790135
 31
0.0
  0
LINE
  5
D36
330
10F0
100
AcDbEntity
  8
0
100
AcDbLine
 10
-0.1641313879649999
 20
0.356663790135
 30
0.0
 11
-0.1792057060980001
 21
0.363615261732
 31
0.0
  0
LINE
  5
D37
330
10F0
100
AcDbEntity
  8
0
100
AcDbLine
 10
-0.1792057060980001
 20
0.363615261732
 30
0.0
 11
-0.191269420929
 21
0.368766767448
 31
0.0
  0
LINE
  5
D38
330
10F0
100
AcDbEntity
  8
0
100
AcDbLine
 10
-0.191269420929
 20
0.368766767448
 30
0.0
 11
-0.1992386994840001
 21
0.3715938328500002
 31
0.0
  0
LINE
  5
D39
330
10F0
100
AcDbEntity
  8
0
100
AcDbLine
 10
-0.1992386994840001
 20
0.3715938328500002
 30
0.0
 11
-0.201349228842
 21
0.371971800153
 31
0.0
  0
LINE
  5
D3A
330
10F0
100
AcDbEntity
  8
0
100
AcDbLine
 10
-0.201349228842
 20
0.371971800153
 30
0.0
 11
-0.2040028738919999
 21
0.371334352104
 31
0.0
  0
LINE
  5
D3B
330
10F0
100
AcDbEntity
  8
0
100
AcDbLine
 10
-0.2040028738919999
 20
0.371334352104
 30
0.0
 11
-0.213268120533
 21
0.3666789141210004
 31
0.0
  0
LINE
  5
D3C
330
10F0
100
AcDbEntity
  8
0
100
AcDbLine
 10
-0.213268120533
 20
0.3666789141210004
 30
0.0
 11
-0.226447926102
 21
0.3585030916409999
 31
0.0
  0
LINE
  5
D3D
330
10F0
100
AcDbEntity
  8
0
100
AcDbLine
 10
-0.226447926102
 20
0.3585030916409999
 30
0.0
 11
-0.2419070410530001
 21
0.347991282459
 31
0.0
  0
LINE
  5
D3E
330
10F0
100
AcDbEntity
  8
0
100
AcDbLine
 10
-0.2419070410530001
 20
0.347991282459
 30
0.0
 11
-0.2657922976440001
 21
0.3304344721950005
 31
0.0
  0
LINE
  5
D3F
330
10F0
100
AcDbEntity
  8
0
100
AcDbLine
 10
-0.2657922976440001
 20
0.3304344721950005
 30
0.0
 11
-0.285607695708
 21
0.3142839466710001
 31
0.0
  0
LINE
  5
D40
330
10F0
100
AcDbEntity
  8
0
100
AcDbLine
 10
-0.285607695708
 20
0.3142839466710001
 30
0.0
 11
-0.293831508501
 21
0.3062722009499999
 31
0.0
  0
LINE
  5
D41
330
10F0
100
AcDbEntity
  8
0
100
AcDbLine
 10
-0.293831508501
 20
0.3062722009499999
 30
0.0
 11
-0.295834259097
 21
0.3035370592889999
 31
0.0
  0
LINE
  5
D42
330
10F0
100
AcDbEntity
  8
0
100
AcDbLine
 10
-0.295834259097
 20
0.3035370592889999
 30
0.0
 11
-0.29637290286
 21
0.2999032504110001
 31
0.0
  0
LINE
  5
D43
330
10F0
100
AcDbEntity
  8
0
100
AcDbLine
 10
-0.29637290286
 20
0.2999032504110001
 30
0.0
 11
-0.2920262286959999
 21
0.2932107560640005
 31
0.0
  0
LINE
  5
D44
330
10F0
100
AcDbEntity
  8
0
100
AcDbLine
 10
-0.2920262286959999
 20
0.2932107560640005
 30
0.0
 11
-0.2883545368469999
 21
0.2920206701249999
 31
0.0
  0
LINE
  5
D45
330
10F0
100
AcDbEntity
  8
0
100
AcDbLine
 10
-0.2883545368469999
 20
0.2920206701249999
 30
0.0
 11
-0.286362900585
 21
0.291978636714
 31
0.0
  0
LINE
  5
D46
330
10F0
100
AcDbEntity
  8
0
100
AcDbLine
 10
-0.286362900585
 20
0.291978636714
 30
0.0
 11
-0.2803052789730001
 21
0.2916730571669997
 31
0.0
  0
LINE
  5
D47
330
10F0
100
AcDbEntity
  8
0
100
AcDbLine
 10
-0.2803052789730001
 20
0.2916730571669997
 30
0.0
 11
-0.267249175227
 21
0.2907618671880001
 31
0.0
  0
LINE
  5
D48
330
10F0
100
AcDbEntity
  8
0
100
AcDbLine
 10
-0.267249175227
 20
0.2907618671880001
 30
0.0
 11
-0.245836342548
 21
0.2889843664140003
 31
0.0
  0
LINE
  5
D49
330
10F0
100
AcDbEntity
  8
0
100
AcDbLine
 10
-0.245836342548
 20
0.2889843664140003
 30
0.0
 11
-0.224603407629
 21
0.2869587713880002
 31
0.0
  0
LINE
  5
D4A
330
10F0
100
AcDbEntity
  8
0
100
AcDbLine
 10
-0.224603407629
 20
0.2869587713880002
 30
0.0
 11
-0.215676
 21
0.285987549717
 31
0.0
  0
LINE
  5
D4B
330
10F0
100
AcDbEntity
  8
0
100
AcDbLine
 10
-0.215676
 20
0.285987549717
 30
0.0
 11
-0.190118787984
 21
0.2826312589890002
 31
0.0
  0
LINE
  5
D4C
330
10F0
100
AcDbEntity
  8
0
100
AcDbLine
 10
-0.190118787984
 20
0.2826312589890002
 30
0.0
 11
-0.1366979491350001
 21
0.2734042168080002
 31
0.0
  0
LINE
  5
D4D
330
10F0
100
AcDbEntity
  8
0
100
AcDbLine
 10
-0.1366979491350001
 20
0.2734042168080002
 30
0.0
 11
-0.083203851618
 21
0.2614929881220001
 31
0.0
  0
LINE
  5
D4E
330
10F0
100
AcDbEntity
  8
0
100
AcDbLine
 10
-0.083203851618
 20
0.2614929881220001
 30
0.0
 11
-0.03323885112
 21
0.2476996879860003
 31
0.0
  0
LINE
  5
D4F
330
10F0
100
AcDbEntity
  8
0
100
AcDbLine
 10
-0.03323885112
 20
0.2476996879860003
 30
0.0
 11
-0.0107055
 21
0.240347925162
 31
0.0
  0
LINE
  5
D50
330
10F0
100
AcDbEntity
  8
0
100
AcDbLine
 10
-0.0107055
 20
0.240347925162
 30
0.0
 11
-0.0038207892509999
 21
0.238029542109
 31
0.0
  0
LINE
  5
D51
330
10F0
100
AcDbEntity
  8
0
100
AcDbLine
 10
-0.0038207892509999
 20
0.238029542109
 30
0.0
 11
0.0063583349489999
 21
0.2351586793589999
 31
0.0
  0
LINE
  5
D52
330
10F0
100
AcDbEntity
  8
0
100
AcDbLine
 10
0.0063583349489999
 20
0.2351586793589999
 30
0.0
 11
0.0126836310240002
 21
0.234552983877
 31
0.0
  0
LINE
  5
D53
330
10F0
100
AcDbEntity
  8
0
100
AcDbLine
 10
0.0126836310240002
 20
0.234552983877
 30
0.0
 11
0.01627497954
 21
0.23610521952
 31
0.0
  0
LINE
  5
D54
330
10F0
100
AcDbEntity
  8
0
100
AcDbLine
 10
0.01627497954
 20
0.23610521952
 30
0.0
 11
0.017395385715
 21
0.237657052026
 31
0.0
  0
LINE
  5
D55
330
10F0
100
AcDbEntity
  8
0
100
AcDbLine
 10
0.3913689975660004
 20
0.242270550153
 30
0.0
 11
0.3926643430860002
 21
0.243910948626
 31
0.0
  0
LINE
  5
D56
330
10F0
100
AcDbEntity
  8
0
100
AcDbLine
 10
0.3926643430860002
 20
0.243910948626
 30
0.0
 11
0.3959415373140001
 21
0.250870666671
 31
0.0
  0
LINE
  5
D57
330
10F0
100
AcDbEntity
  8
0
100
AcDbLine
 10
0.3959415373140001
 20
0.250870666671
 30
0.0
 11
0.3999329304120003
 21
0.2620117727100001
 31
0.0
  0
LINE
  5
D58
330
10F0
100
AcDbEntity
  8
0
100
AcDbLine
 10
0.3999329304120003
 20
0.2620117727100001
 30
0.0
 11
0.4043971487790003
 21
0.2764656630000001
 31
0.0
  0
LINE
  5
D59
330
10F0
100
AcDbEntity
  8
0
100
AcDbLine
 10
0.4043971487790003
 20
0.2764656630000001
 30
0.0
 11
0.4160423121480002
 21
0.3213935687430001
 31
0.0
  0
LINE
  5
D5A
330
10F0
100
AcDbEntity
  8
0
100
AcDbLine
 10
0.4160423121480002
 20
0.3213935687430001
 30
0.0
 11
0.4238655989760002
 21
0.3592143001529997
 31
0.0
  0
LINE
  5
D5B
330
10F0
100
AcDbEntity
  8
0
100
AcDbLine
 10
0.4238655989760002
 20
0.3592143001529997
 30
0.0
 11
0.4275591758910004
 21
0.3826048140900003
 31
0.0
  0
LINE
  5
D5C
330
10F0
100
AcDbEntity
  8
0
100
AcDbLine
 10
0.4275591758910004
 20
0.3826048140900003
 30
0.0
 11
0.4318909118730002
 21
0.4178574097199999
 31
0.0
  0
LINE
  5
D5D
330
10F0
100
AcDbEntity
  8
0
100
AcDbLine
 10
0.4318909118730002
 20
0.4178574097199999
 30
0.0
 11
0.4328959698360001
 21
0.430236357273
 31
0.0
  0
LINE
  5
D5E
330
10F0
100
AcDbEntity
  8
0
100
AcDbLine
 10
0.4328959698360001
 20
0.430236357273
 30
0.0
 11
0.4329427422330005
 21
0.4348775306699998
 31
0.0
  0
LINE
  5
D5F
330
10F0
100
AcDbEntity
  8
0
100
AcDbLine
 10
0.4329427422330005
 20
0.4348775306699998
 30
0.0
 11
0.4327475116590001
 21
0.435841734015
 31
0.0
  0
LINE
  5
D60
330
10F0
100
AcDbEntity
  8
0
100
AcDbLine
 10
0.4327475116590001
 20
0.435841734015
 30
0.0
 11
0.4320769536450001
 21
0.436735594206
 31
0.0
  0
LINE
  5
D61
330
10F0
100
AcDbEntity
  8
0
100
AcDbLine
 10
0.4320769536450001
 20
0.436735594206
 30
0.0
 11
0.4291790534999999
 21
0.439795000899
 31
0.0
  0
LINE
  5
D62
330
10F0
100
AcDbEntity
  8
0
100
AcDbLine
 10
0.4291790534999999
 20
0.439795000899
 30
0.0
 11
0.4216671024030003
 21
0.4469144394419999
 31
0.0
  0
LINE
  5
D63
330
10F0
100
AcDbEntity
  8
0
100
AcDbLine
 10
0.4216671024030003
 20
0.4469144394419999
 30
0.0
 11
0.4000461251580004
 21
0.4659798444929998
 31
0.0
  0
LINE
  5
D64
330
10F0
100
AcDbEntity
  8
0
100
AcDbLine
 10
0.4000461251580004
 20
0.4659798444929998
 30
0.0
 11
0.3849450605010001
 21
0.47851619238
 31
0.0
  0
LINE
  5
D65
330
10F0
100
AcDbEntity
  8
0
100
AcDbLine
 10
0.3849450605010001
 20
0.47851619238
 30
0.0
 11
0.3756696367770003
 21
0.4857373507230002
 31
0.0
  0
LINE
  5
D66
330
10F0
100
AcDbEntity
  8
0
100
AcDbLine
 10
0.3756696367770003
 20
0.4857373507230002
 30
0.0
 11
0.3543943945860003
 21
0.501105195117
 31
0.0
  0
LINE
  5
D67
330
10F0
100
AcDbEntity
  8
0
100
AcDbLine
 10
0.3543943945860003
 20
0.501105195117
 30
0.0
 11
0.331353597744
 21
0.5164626787200003
 31
0.0
  0
LINE
  5
D68
330
10F0
100
AcDbEntity
  8
0
100
AcDbLine
 10
0.331353597744
 20
0.5164626787200003
 30
0.0
 11
0.30878761464
 21
0.5303165174460001
 31
0.0
  0
LINE
  5
D69
330
10F0
100
AcDbEntity
  8
0
100
AcDbLine
 10
0.30878761464
 20
0.5303165174460001
 30
0.0
 11
0.2983827932550002
 21
0.5362129182779999
 31
0.0
  0
LINE
  5
D6A
330
10F0
100
AcDbEntity
  8
0
100
AcDbLine
 10
0.2983827932550002
 20
0.5362129182779999
 30
0.0
 11
0.2921400484110001
 21
0.539602871796
 31
0.0
  0
LINE
  5
D6B
330
10F0
100
AcDbEntity
  8
0
100
AcDbLine
 10
0.2921400484110001
 20
0.539602871796
 30
0.0
 11
0.2832836762430002
 21
0.5441317400699999
 31
0.0
  0
LINE
  5
D6C
330
10F0
100
AcDbEntity
  8
0
100
AcDbLine
 10
0.2832836762430002
 20
0.5441317400699999
 30
0.0
 11
0.277977615966
 21
0.546149117565
 31
0.0
  0
LINE
  5
D6D
330
10F0
100
AcDbEntity
  8
0
100
AcDbLine
 10
0.277977615966
 20
0.546149117565
 30
0.0
 11
0.2746756653840002
 21
0.5462428783860004
 31
0.0
  0
LINE
  5
D6E
330
10F0
100
AcDbEntity
  8
0
100
AcDbLine
 10
0.2746756653840002
 20
0.5462428783860004
 30
0.0
 11
0.2732930432550004
 21
0.54575211267
 31
0.0
  0
LINE
  5
D6F
330
10F0
100
AcDbEntity
  8
0
100
AcDbLine
 10
0.2732930432550004
 20
0.54575211267
 30
0.0
 11
0.2715099666030003
 21
0.5447636717759998
 31
0.0
  0
LINE
  5
D70
330
10F0
100
AcDbEntity
  8
0
100
AcDbLine
 10
0.2715099666030003
 20
0.5447636717759998
 30
0.0
 11
0.2695392781560002
 21
0.5415687906390004
 31
0.0
  0
LINE
  5
D71
330
10F0
100
AcDbEntity
  8
0
100
AcDbLine
 10
0.2695392781560002
 20
0.5415687906390004
 30
0.0
 11
0.2697591273030002
 21
0.5348035394190003
 31
0.0
  0
LINE
  5
D72
330
10F0
100
AcDbEntity
  8
0
100
AcDbLine
 10
0.2697591273030002
 20
0.5348035394190003
 30
0.0
 11
0.2714072108940004
 21
0.525981510441
 31
0.0
  0
LINE
  5
D73
330
10F0
100
AcDbEntity
  8
0
100
AcDbLine
 10
0.2714072108940004
 20
0.525981510441
 30
0.0
 11
0.2732300092980002
 21
0.5177679342660003
 31
0.0
  0
LINE
  5
D74
330
10F0
100
AcDbEntity
  8
0
100
AcDbLine
 10
0.2732300092980002
 20
0.5177679342660003
 30
0.0
 11
0.2743621880940001
 21
0.5128519966380001
 31
0.0
  0
LINE
  5
D75
330
10F0
100
AcDbEntity
  8
0
100
AcDbLine
 10
0.2743621880940001
 20
0.5128519966380001
 30
0.0
 11
0.2820718974510003
 21
0.4757621424029999
 31
0.0
  0
LINE
  5
D76
330
10F0
100
AcDbEntity
  8
0
100
AcDbLine
 10
0.2820718974510003
 20
0.4757621424029999
 30
0.0
 11
0.290727861201
 21
0.4188721004459999
 31
0.0
  0
LINE
  5
D77
330
10F0
100
AcDbEntity
  8
0
100
AcDbLine
 10
0.290727861201
 20
0.4188721004459999
 30
0.0
 11
0.2943670469400001
 21
0.3814701042059998
 31
0.0
  0
LINE
  5
D78
330
10F0
100
AcDbEntity
  8
0
100
AcDbLine
 10
0.2943670469400001
 20
0.3814701042059998
 30
0.0
 11
0.2954977305570003
 21
0.3632766249509997
 31
0.0
  0
LINE
  5
D79
330
10F0
100
AcDbEntity
  8
0
100
AcDbLine
 10
0.2954977305570003
 20
0.3632766249509997
 30
0.0
 11
0.2966483328840003
 21
0.3401229514499998
 31
0.0
  0
LINE
  5
D7A
330
10F0
100
AcDbEntity
  8
0
100
AcDbLine
 10
0.2966483328840003
 20
0.3401229514499998
 30
0.0
 11
0.3153492561600002
 21
0.3216021249510002
 31
0.0
  0
LINE
  5
D7B
330
10F0
100
AcDbEntity
  8
0
100
AcDbLine
 10
0.3153492561600002
 20
0.3216021249510002
 30
0.0
 11
0.3305380907160004
 21
0.305860412664
 31
0.0
  0
LINE
  5
D7C
330
10F0
100
AcDbEntity
  8
0
100
AcDbLine
 10
0.3305380907160004
 20
0.305860412664
 30
0.0
 11
0.3591691015860001
 21
0.272323430325
 31
0.0
  0
LINE
  5
D7D
330
10F0
100
AcDbEntity
  8
0
100
AcDbLine
 10
0.3591691015860001
 20
0.272323430325
 30
0.0
 11
0.3710953875240002
 21
0.2563038001530001
 31
0.0
  0
LINE
  5
D7E
330
10F0
100
AcDbEntity
  8
0
100
AcDbLine
 10
0.3710953875240002
 20
0.2563038001530001
 30
0.0
 11
0.3741160386330001
 21
0.2520668268809999
 31
0.0
  0
LINE
  5
D7F
330
10F0
100
AcDbEntity
  8
0
100
AcDbLine
 10
0.3741160386330001
 20
0.2520668268809999
 30
0.0
 11
0.3790911999780002
 21
0.2455552883160001
 31
0.0
  0
LINE
  5
D80
330
10F0
100
AcDbEntity
  8
0
100
AcDbLine
 10
0.3790911999780002
 20
0.2455552883160001
 30
0.0
 11
0.3828312295020003
 21
0.2414560058910001
 31
0.0
  0
LINE
  5
D81
330
10F0
100
AcDbEntity
  8
0
100
AcDbLine
 10
0.3828312295020003
 20
0.2414560058910001
 30
0.0
 11
0.3855597916950002
 21
0.2395238314860001
 31
0.0
  0
LINE
  5
D82
330
10F0
100
AcDbEntity
  8
0
100
AcDbLine
 10
0.3855597916950002
 20
0.2395238314860001
 30
0.0
 11
0.386614668546
 21
0.2392938001530002
 31
0.0
  0
LINE
  5
D83
330
10F0
100
AcDbEntity
  8
0
100
AcDbLine
 10
0.386614668546
 20
0.2392938001530002
 30
0.0
 11
0.3885010724430002
 21
0.240168219615
 31
0.0
  0
LINE
  5
D84
330
10F0
100
AcDbEntity
  8
0
100
AcDbLine
 10
0.3885010724430002
 20
0.240168219615
 30
0.0
 11
0.3913689975660004
 21
0.242270550153
 31
0.0
  0
LINE
  5
D85
330
10F0
100
AcDbEntity
  8
0
100
AcDbLine
 10
-0.516338146512
 20
0.270009354204
 30
0.0
 11
-0.498344942997
 21
0.2740044027510001
 31
0.0
  0
LINE
  5
D86
330
10F0
100
AcDbEntity
  8
0
100
AcDbLine
 10
-0.498344942997
 20
0.2740044027510001
 30
0.0
 11
-0.460940912361
 21
0.2809574919990002
 31
0.0
  0
LINE
  5
D87
330
10F0
100
AcDbEntity
  8
0
100
AcDbLine
 10
-0.460940912361
 20
0.2809574919990002
 30
0.0
 11
-0.422748640026
 21
0.2863716950519999
 31
0.0
  0
LINE
  5
D88
330
10F0
100
AcDbEntity
  8
0
100
AcDbLine
 10
-0.422748640026
 20
0.2863716950519999
 30
0.0
 11
-0.385090432362
 21
0.290059556607
 31
0.0
  0
LINE
  5
D89
330
10F0
100
AcDbEntity
  8
0
100
AcDbLine
 10
-0.385090432362
 20
0.290059556607
 30
0.0
 11
-0.366874824798
 21
0.29119753071
 31
0.0
  0
LINE
  5
D8A
330
10F0
100
AcDbEntity
  8
0
100
AcDbLine
 10
-0.366874824798
 20
0.29119753071
 30
0.0
 11
-0.343721151297
 21
0.2923481330369999
 31
0.0
  0
LINE
  5
D8B
330
10F0
100
AcDbEntity
  8
0
100
AcDbLine
 10
-0.343721151297
 20
0.2923481330369999
 30
0.0
 11
-0.325200324798
 21
0.311067037584
 31
0.0
  0
LINE
  5
D8C
330
10F0
100
AcDbEntity
  8
0
100
AcDbLine
 10
-0.325200324798
 20
0.311067037584
 30
0.0
 11
-0.309059797752
 21
0.326591851959
 31
0.0
  0
LINE
  5
D8D
330
10F0
100
AcDbEntity
  8
0
100
AcDbLine
 10
-0.309059797752
 20
0.326591851959
 30
0.0
 11
-0.282638472633
 21
0.3494940462180002
 31
0.0
  0
LINE
  5
D8E
330
10F0
100
AcDbEntity
  8
0
100
AcDbLine
 10
-0.282638472633
 20
0.3494940462180002
 30
0.0
 11
-0.265504219686
 21
0.3628455218100003
 31
0.0
  0
LINE
  5
D8F
330
10F0
100
AcDbEntity
  8
0
100
AcDbLine
 10
-0.265504219686
 20
0.3628455218100003
 30
0.0
 11
-0.257583450249
 21
0.3685194114299999
 31
0.0
  0
LINE
  5
D90
330
10F0
100
AcDbEntity
  8
0
100
AcDbLine
 10
-0.257583450249
 20
0.3685194114299999
 30
0.0
 11
-0.252564741603
 21
0.3721438222830003
 31
0.0
  0
LINE
  5
D91
330
10F0
100
AcDbEntity
  8
0
100
AcDbLine
 10
-0.252564741603
 20
0.3721438222830003
 30
0.0
 11
-0.245242404378
 21
0.3782522476619999
 31
0.0
  0
LINE
  5
D92
330
10F0
100
AcDbEntity
  8
0
100
AcDbLine
 10
-0.245242404378
 20
0.3782522476619999
 30
0.0
 11
-0.2438406477
 21
0.3799839064860001
 31
0.0
  0
LINE
  5
D93
330
10F0
100
AcDbEntity
  8
0
100
AcDbLine
 10
-0.2438406477
 20
0.3799839064860001
 30
0.0
 11
-0.243839582874
 21
0.3829804050960001
 31
0.0
  0
LINE
  5
D94
330
10F0
100
AcDbEntity
  8
0
100
AcDbLine
 10
-0.243839582874
 20
0.3829804050960001
 30
0.0
 11
-0.247921407936
 21
0.3894981846300001
 31
0.0
  0
LINE
  5
D95
330
10F0
100
AcDbEntity
  8
0
100
AcDbLine
 10
-0.247921407936
 20
0.3894981846300001
 30
0.0
 11
-0.2509264336589999
 21
0.3912983529299999
 31
0.0
  0
LINE
  5
D96
330
10F0
100
AcDbEntity
  8
0
100
AcDbLine
 10
-0.2509264336589999
 20
0.3912983529299999
 30
0.0
 11
-0.2519327554649999
 21
0.391596490602
 31
0.0
  0
LINE
  5
D97
330
10F0
100
AcDbEntity
  8
0
100
AcDbLine
 10
-0.2519327554649999
 20
0.391596490602
 30
0.0
 11
-0.2559656461589999
 21
0.392815845648
 31
0.0
  0
LINE
  5
D98
330
10F0
100
AcDbEntity
  8
0
100
AcDbLine
 10
-0.2559656461589999
 20
0.392815845648
 30
0.0
 11
-0.2656761771779999
 21
0.3957791152230002
 31
0.0
  0
LINE
  5
D99
330
10F0
100
AcDbEntity
  8
0
100
AcDbLine
 10
-0.2656761771779999
 20
0.3957791152230002
 30
0.0
 11
-0.27351
 21
0.3981814188120003
 31
0.0
  0
LINE
  5
D9A
330
10F0
100
AcDbEntity
  8
0
100
AcDbLine
 10
-0.27351
 20
0.3981814188120003
 30
0.0
 11
-0.283170934962
 21
0.4010320022399999
 31
0.0
  0
LINE
  5
D9B
330
10F0
100
AcDbEntity
  8
0
100
AcDbLine
 10
-0.283170934962
 20
0.4010320022399999
 30
0.0
 11
-0.3052436161589999
 21
0.406933461846
 31
0.0
  0
LINE
  5
D9C
330
10F0
100
AcDbEntity
  8
0
100
AcDbLine
 10
-0.3052436161589999
 20
0.406933461846
 30
0.0
 11
-0.3290327288280001
 21
0.4126343531400001
 31
0.0
  0
LINE
  5
D9D
330
10F0
100
AcDbEntity
  8
0
100
AcDbLine
 10
-0.3290327288280001
 20
0.4126343531400001
 30
0.0
 11
-0.3521966933789999
 21
0.4175735349329998
 31
0.0
  0
LINE
  5
D9E
330
10F0
100
AcDbEntity
  8
0
100
AcDbLine
 10
-0.3521966933789999
 20
0.4175735349329998
 30
0.0
 11
-0.3628124999999999
 21
0.4195821284640002
 31
0.0
  0
LINE
  5
D9F
330
10F0
100
AcDbEntity
  8
0
100
AcDbLine
 10
-0.3628124999999999
 20
0.4195821284640002
 30
0.0
 11
-0.3856501702260001
 21
0.423164924352
 31
0.0
  0
LINE
  5
DA0
330
10F0
100
AcDbEntity
  8
0
100
AcDbLine
 10
-0.3856501702260001
 20
0.423164924352
 30
0.0
 11
-0.421197988014
 21
0.4274790175620003
 31
0.0
  0
LINE
  5
DA1
330
10F0
100
AcDbEntity
  8
0
100
AcDbLine
 10
-0.421197988014
 20
0.4274790175620003
 30
0.0
 11
-0.433846470924
 21
0.4285052580779998
 31
0.0
  0
LINE
  5
DA2
330
10F0
100
AcDbEntity
  8
0
100
AcDbLine
 10
-0.433846470924
 20
0.4285052580779998
 30
0.0
 11
-0.438592121442
 21
0.4285657201230001
 31
0.0
  0
LINE
  5
DA3
330
10F0
100
AcDbEntity
  8
0
100
AcDbLine
 10
-0.438592121442
 20
0.4285657201230001
 30
0.0
 11
-0.439566304554
 21
0.4283753152859999
 31
0.0
  0
LINE
  5
DA4
330
10F0
100
AcDbEntity
  8
0
100
AcDbLine
 10
-0.439566304554
 20
0.4283753152859999
 30
0.0
 11
-0.440443899783
 21
0.427711879359
 31
0.0
  0
LINE
  5
DA5
330
10F0
100
AcDbEntity
  8
0
100
AcDbLine
 10
-0.440443899783
 20
0.427711879359
 30
0.0
 11
-0.443489463738
 21
0.4248090446130002
 31
0.0
  0
LINE
  5
DA6
330
10F0
100
AcDbEntity
  8
0
100
AcDbLine
 10
-0.443489463738
 20
0.4248090446130002
 30
0.0
 11
-0.450617155533
 21
0.4172626686780004
 31
0.0
  0
LINE
  5
DA7
330
10F0
100
AcDbEntity
  8
0
100
AcDbLine
 10
-0.450617155533
 20
0.4172626686780004
 30
0.0
 11
-0.46968670422
 21
0.3956136045209998
 31
0.0
  0
LINE
  5
DA8
330
10F0
100
AcDbEntity
  8
0
100
AcDbLine
 10
-0.46968670422
 20
0.3956136045209998
 30
0.0
 11
-0.482114392227
 21
0.3806448606539999
 31
0.0
  0
LINE
  5
DA9
330
10F0
100
AcDbEntity
  8
0
100
AcDbLine
 10
-0.482114392227
 20
0.3806448606539999
 30
0.0
 11
-0.48933555057
 21
0.37136943693
 31
0.0
  0
LINE
  5
DAA
330
10F0
100
AcDbEntity
  8
0
100
AcDbLine
 10
-0.48933555057
 20
0.37136943693
 30
0.0
 11
-0.5047033949640001
 21
0.3500941947390001
 31
0.0
  0
LINE
  5
DAB
330
10F0
100
AcDbEntity
  8
0
100
AcDbLine
 10
-0.5047033949640001
 20
0.3500941947390001
 30
0.0
 11
-0.5200608785669999
 21
0.327053397897
 31
0.0
  0
LINE
  5
DAC
330
10F0
100
AcDbEntity
  8
0
100
AcDbLine
 10
-0.5200608785669999
 20
0.327053397897
 30
0.0
 11
-0.533914717293
 21
0.3044874147930001
 31
0.0
  0
LINE
  5
DAD
330
10F0
100
AcDbEntity
  8
0
100
AcDbLine
 10
-0.533914717293
 20
0.3044874147930001
 30
0.0
 11
-0.5398111181249999
 21
0.2940825934080002
 31
0.0
  0
LINE
  5
DAE
330
10F0
100
AcDbEntity
  8
0
100
AcDbLine
 10
-0.5398111181249999
 20
0.2940825934080002
 30
0.0
 11
-0.5432010716429999
 21
0.2878398485640003
 31
0.0
  0
LINE
  5
DAF
330
10F0
100
AcDbEntity
  8
0
100
AcDbLine
 10
-0.5432010716429999
 20
0.2878398485640003
 30
0.0
 11
-0.547729939917
 21
0.278983476396
 31
0.0
  0
LINE
  5
DB0
330
10F0
100
AcDbEntity
  8
0
100
AcDbLine
 10
-0.547729939917
 20
0.278983476396
 30
0.0
 11
-0.549747317412
 21
0.2736774161190001
 31
0.0
  0
LINE
  5
DB1
330
10F0
100
AcDbEntity
  8
0
100
AcDbLine
 10
-0.549747317412
 20
0.2736774161190001
 30
0.0
 11
-0.549841078233
 21
0.2703754655370002
 31
0.0
  0
LINE
  5
DB2
330
10F0
100
AcDbEntity
  8
0
100
AcDbLine
 10
-0.549841078233
 20
0.2703754655370002
 30
0.0
 11
-0.549350312517
 21
0.2689928434080001
 31
0.0
  0
LINE
  5
DB3
330
10F0
100
AcDbEntity
  8
0
100
AcDbLine
 10
-0.549350312517
 20
0.2689928434080001
 30
0.0
 11
-0.54833107842
 21
0.2671969735350001
 31
0.0
  0
LINE
  5
DB4
330
10F0
100
AcDbEntity
  8
0
100
AcDbLine
 10
-0.54833107842
 20
0.2671969735350001
 30
0.0
 11
-0.5449904232840002
 21
0.265211549325
 31
0.0
  0
LINE
  5
DB5
330
10F0
100
AcDbEntity
  8
0
100
AcDbLine
 10
-0.5449904232840002
 20
0.265211549325
 30
0.0
 11
-0.538098585345
 21
0.2654237626830002
 31
0.0
  0
LINE
  5
DB6
330
10F0
100
AcDbEntity
  8
0
100
AcDbLine
 10
-0.538098585345
 20
0.2654237626830002
 30
0.0
 11
-0.529289084232
 21
0.267065465823
 31
0.0
  0
LINE
  5
DB7
330
10F0
100
AcDbEntity
  8
0
100
AcDbLine
 10
-0.529289084232
 20
0.267065465823
 30
0.0
 11
-0.521172002385
 21
0.268881623523
 31
0.0
  0
LINE
  5
DB8
330
10F0
100
AcDbEntity
  8
0
100
AcDbLine
 10
-0.521172002385
 20
0.268881623523
 30
0.0
 11
-0.516338146512
 21
0.270009354204
 31
0.0
  0
LINE
  5
DB9
330
10F0
100
AcDbEntity
  8
0
100
AcDbLine
 10
0.5886145098270001
 20
0.2806279215480001
 30
0.0
 11
0.5901889945500004
 21
0.2830641090570002
 31
0.0
  0
LINE
  5
DBA
330
10F0
100
AcDbEntity
  8
0
100
AcDbLine
 10
0.5901889945500004
 20
0.2830641090570002
 30
0.0
 11
0.5943039261750002
 21
0.2920567075109999
 31
0.0
  0
LINE
  5
DBB
330
10F0
100
AcDbEntity
  8
0
100
AcDbLine
 10
0.5943039261750002
 20
0.2920567075109999
 30
0.0
 11
0.5993960210640001
 21
0.3055507115939999
 31
0.0
  0
LINE
  5
DBC
330
10F0
100
AcDbEntity
  8
0
100
AcDbLine
 10
0.5993960210640001
 20
0.3055507115939999
 30
0.0
 11
0.6050923417710002
 21
0.3223554434190001
 31
0.0
  0
LINE
  5
DBD
330
10F0
100
AcDbEntity
  8
0
100
AcDbLine
 10
0.6050923417710002
 20
0.3223554434190001
 30
0.0
 11
0.6139539292050004
 21
0.3511655542800002
 31
0.0
  0
LINE
  5
DBE
330
10F0
100
AcDbEntity
  8
0
100
AcDbLine
 10
0.6139539292050004
 20
0.3511655542800002
 30
0.0
 11
0.6220772197019999
 21
0.3807272587950003
 31
0.0
  0
LINE
  5
DBF
330
10F0
100
AcDbEntity
  8
0
100
AcDbLine
 10
0.6220772197019999
 20
0.3807272587950003
 30
0.0
 11
0.6264610130879998
 21
0.3988681533359999
 31
0.0
  0
LINE
  5
DC0
330
10F0
100
AcDbEntity
  8
0
100
AcDbLine
 10
0.6264610130879998
 20
0.3988681533359999
 30
0.0
 11
0.6282035361990003
 21
0.4070220261119998
 31
0.0
  0
LINE
  5
DC1
330
10F0
100
AcDbEntity
  8
0
100
AcDbLine
 10
0.6282035361990003
 20
0.4070220261119998
 30
0.0
 11
0.6303002364270003
 21
0.417407753772
 31
0.0
  0
LINE
  5
DC2
330
10F0
100
AcDbEntity
  8
0
100
AcDbLine
 10
0.6303002364270003
 20
0.417407753772
 30
0.0
 11
0.6169773444390005
 21
0.4359390261120001
 31
0.0
  0
LINE
  5
DC3
330
10F0
100
AcDbEntity
  8
0
100
AcDbLine
 10
0.6169773444390005
 20
0.4359390261120001
 30
0.0
 11
0.5987443169340002
 21
0.4603147949699999
 31
0.0
  0
LINE
  5
DC4
330
10F0
100
AcDbEntity
  8
0
100
AcDbLine
 10
0.5987443169340002
 20
0.4603147949699999
 30
0.0
 11
0.5702069291040001
 21
0.4944676379670001
 31
0.0
  0
LINE
  5
DC5
330
10F0
100
AcDbEntity
  8
0
100
AcDbLine
 10
0.5702069291040001
 20
0.4944676379670001
 30
0.0
 11
0.548832006612
 21
0.5174521827389998
 31
0.0
  0
LINE
  5
DC6
330
10F0
100
AcDbEntity
  8
0
100
AcDbLine
 10
0.548832006612
 20
0.5174521827389998
 30
0.0
 11
0.5370388919640003
 21
0.529478070732
 31
0.0
  0
LINE
  5
DC7
330
10F0
100
AcDbEntity
  8
0
100
AcDbLine
 10
0.5370388919640003
 20
0.529478070732
 30
0.0
 11
0.5230411197210006
 21
0.5433376707450002
 31
0.0
  0
LINE
  5
DC8
330
10F0
100
AcDbEntity
  8
0
100
AcDbLine
 10
0.5230411197210006
 20
0.5433376707450002
 30
0.0
 11
0.5040513496350003
 21
0.5613984720000004
 31
0.0
  0
LINE
  5
DC9
330
10F0
100
AcDbEntity
  8
0
100
AcDbLine
 10
0.5040513496350003
 20
0.5613984720000004
 30
0.0
 11
0.4929462282510005
 21
0.5714345540070003
 31
0.0
  0
LINE
  5
DCA
330
10F0
100
AcDbEntity
  8
0
100
AcDbLine
 10
0.4929462282510005
 20
0.5714345540070003
 30
0.0
 11
0.4832583273360001
 21
0.5797187625060003
 31
0.0
  0
LINE
  5
DCB
330
10F0
100
AcDbEntity
  8
0
100
AcDbLine
 10
0.4832583273360001
 20
0.5797187625060003
 30
0.0
 11
0.4751363091870006
 21
0.5861239783649997
 31
0.0
  0
LINE
  5
DCC
330
10F0
100
AcDbEntity
  8
0
100
AcDbLine
 10
0.4751363091870006
 20
0.5861239783649997
 30
0.0
 11
0.4687288361010002
 21
0.590523073947
 31
0.0
  0
LINE
  5
DCD
330
10F0
100
AcDbEntity
  8
0
100
AcDbLine
 10
0.4687288361010002
 20
0.590523073947
 30
0.0
 11
0.4641845703750003
 21
0.5927889318209999
 31
0.0
  0
LINE
  5
DCE
330
10F0
100
AcDbEntity
  8
0
100
AcDbLine
 10
0.4641845703750003
 20
0.5927889318209999
 30
0.0
 11
0.4626575979840005
 21
0.5930821689120004
 31
0.0
  0
LINE
  5
DCF
330
10F0
100
AcDbEntity
  8
0
100
AcDbLine
 10
0.4626575979840005
 20
0.5930821689120004
 30
0.0
 11
0.4600645561620002
 21
0.5928715238760001
 31
0.0
  0
LINE
  5
DD0
330
10F0
100
AcDbEntity
  8
0
100
AcDbLine
 10
0.4600645561620002
 20
0.5928715238760001
 30
0.0
 11
0.4567112251740003
 21
0.5904721358010002
 31
0.0
  0
LINE
  5
DD1
330
10F0
100
AcDbEntity
  8
0
100
AcDbLine
 10
0.4567112251740003
 20
0.5904721358010002
 30
0.0
 11
0.455544784836
 21
0.5840135136450002
 31
0.0
  0
LINE
  5
DD2
330
10F0
100
AcDbEntity
  8
0
100
AcDbLine
 10
0.455544784836
 20
0.5840135136450002
 30
0.0
 11
0.456257104101
 21
0.5717895254909999
 31
0.0
  0
LINE
  5
DD3
330
10F0
100
AcDbEntity
  8
0
100
AcDbLine
 10
0.456257104101
 20
0.5717895254909999
 30
0.0
 11
0.4572215098650005
 21
0.5629823530470002
 31
0.0
  0
LINE
  5
DD4
330
10F0
100
AcDbEntity
  8
0
100
AcDbLine
 10
0.4572215098650005
 20
0.5629823530470002
 30
0.0
 11
0.4578229494450001
 21
0.557079097185
 31
0.0
  0
LINE
  5
DD5
330
10F0
100
AcDbEntity
  8
0
100
AcDbLine
 10
0.4578229494450001
 20
0.557079097185
 30
0.0
 11
0.4589118616050006
 21
0.5419699187579997
 31
0.0
  0
LINE
  5
DD6
330
10F0
100
AcDbEntity
  8
0
100
AcDbLine
 10
0.4589118616050006
 20
0.5419699187579997
 30
0.0
 11
0.4601397522690001
 21
0.5135602879350001
 31
0.0
  0
LINE
  5
DD7
330
10F0
100
AcDbEntity
  8
0
100
AcDbLine
 10
0.4601397522690001
 20
0.5135602879350001
 30
0.0
 11
0.4605942543660005
 21
0.4927428001529998
 31
0.0
  0
LINE
  5
DD8
330
10F0
100
AcDbEntity
  8
0
100
AcDbLine
 10
0.4605942543660005
 20
0.4927428001529998
 30
0.0
 11
0.4607214245280001
 21
0.483326438373
 31
0.0
  0
LINE
  5
DD9
330
10F0
100
AcDbEntity
  8
0
100
AcDbLine
 10
0.4607214245280001
 20
0.483326438373
 30
0.0
 11
0.4609532946420002
 21
0.4664701883610001
 31
0.0
  0
LINE
  5
DDA
330
10F0
100
AcDbEntity
  8
0
100
AcDbLine
 10
0.4609532946420002
 20
0.4664701883610001
 30
0.0
 11
0.4611366641430003
 21
0.4535547675210001
 31
0.0
  0
LINE
  5
DDB
330
10F0
100
AcDbEntity
  8
0
100
AcDbLine
 10
0.4611366641430003
 20
0.4535547675210001
 30
0.0
 11
0.4612492924560005
 21
0.4461468087599998
 31
0.0
  0
LINE
  5
DDC
330
10F0
100
AcDbEntity
  8
0
100
AcDbLine
 10
0.4612492924560005
 20
0.4461468087599998
 30
0.0
 11
0.4612721283810001
 21
0.4449977033130001
 31
0.0
  0
LINE
  5
DDD
330
10F0
100
AcDbEntity
  8
0
100
AcDbLine
 10
0.4612721283810001
 20
0.4449977033130001
 30
0.0
 11
0.461547329769
 21
0.4445106236640002
 31
0.0
  0
LINE
  5
DDE
330
10F0
100
AcDbEntity
  8
0
100
AcDbLine
 10
0.461547329769
 20
0.4445106236640002
 30
0.0
 11
0.4635267341400005
 21
0.441999757152
 31
0.0
  0
LINE
  5
DDF
330
10F0
100
AcDbEntity
  8
0
100
AcDbLine
 10
0.4635267341400005
 20
0.441999757152
 30
0.0
 11
0.4692659268509998
 21
0.4353335517599998
 31
0.0
  0
LINE
  5
DE0
330
10F0
100
AcDbEntity
  8
0
100
AcDbLine
 10
0.4692659268509998
 20
0.4353335517599998
 30
0.0
 11
0.4743146734560001
 21
0.4296887033130001
 31
0.0
  0
LINE
  5
DE1
330
10F0
100
AcDbEntity
  8
0
100
AcDbLine
 10
0.4743146734560001
 20
0.4296887033130001
 30
0.0
 11
0.4875434116920006
 21
0.4146595093079999
 31
0.0
  0
LINE
  5
DE2
330
10F0
100
AcDbEntity
  8
0
100
AcDbLine
 10
0.4875434116920006
 20
0.4146595093079999
 30
0.0
 11
0.5123965151700001
 21
0.3838050294840003
 31
0.0
  0
LINE
  5
DE3
330
10F0
100
AcDbEntity
  8
0
100
AcDbLine
 10
0.5123965151700001
 20
0.3838050294840003
 30
0.0
 11
0.5351377080780003
 21
0.3518507953259999
 31
0.0
  0
LINE
  5
DE4
330
10F0
100
AcDbEntity
  8
0
100
AcDbLine
 10
0.5351377080780003
 20
0.3518507953259999
 30
0.0
 11
0.5557997023469999
 21
0.318750844113
 31
0.0
  0
LINE
  5
DE5
330
10F0
100
AcDbEntity
  8
0
100
AcDbLine
 10
0.5557997023469999
 20
0.318750844113
 30
0.0
 11
0.5653612206630004
 21
0.3017568607289999
 31
0.0
  0
LINE
  5
DE6
330
10F0
100
AcDbEntity
  8
0
100
AcDbLine
 10
0.5653612206630004
 20
0.3017568607289999
 30
0.0
 11
0.5695179968880004
 21
0.2941777456469999
 31
0.0
  0
LINE
  5
DE7
330
10F0
100
AcDbEntity
  8
0
100
AcDbLine
 10
0.5695179968880004
 20
0.2941777456469999
 30
0.0
 11
0.5746948679160002
 21
0.28500107688
 31
0.0
  0
LINE
  5
DE8
330
10F0
100
AcDbEntity
  8
0
100
AcDbLine
 10
0.5746948679160002
 20
0.28500107688
 30
0.0
 11
0.5768637840990001
 21
0.2813597495820005
 31
0.0
  0
LINE
  5
DE9
330
10F0
100
AcDbEntity
  8
0
100
AcDbLine
 10
0.5768637840990001
 20
0.2813597495820005
 30
0.0
 11
0.5774152210830003
 21
0.2805430501529999
 31
0.0
  0
LINE
  5
DEA
330
10F0
100
AcDbEntity
  8
0
100
AcDbLine
 10
0.5774152210830003
 20
0.2805430501529999
 30
0.0
 11
0.5797697639940002
 21
0.2789886066119999
 31
0.0
  0
LINE
  5
DEB
330
10F0
100
AcDbEntity
  8
0
100
AcDbLine
 10
0.5797697639940002
 20
0.2789886066119999
 30
0.0
 11
0.5861907464220002
 21
0.279037267119
 31
0.0
  0
LINE
  5
DEC
330
10F0
100
AcDbEntity
  8
0
100
AcDbLine
 10
0.5861907464220002
 20
0.279037267119
 30
0.0
 11
0.5886145098270001
 21
0.2806279215480001
 31
0.0
  0
LINE
  5
DED
330
10F0
100
AcDbEntity
  8
0
100
AcDbLine
 10
0.2664359992710003
 20
0.3712428008820001
 30
0.0
 11
0.2675183217570004
 21
0.3725184743369999
 31
0.0
  0
LINE
  5
DEE
330
10F0
100
AcDbEntity
  8
0
100
AcDbLine
 10
0.2675183217570004
 20
0.3725184743369999
 30
0.0
 11
0.2687649863580003
 21
0.3762487265130001
 31
0.0
  0
LINE
  5
DEF
330
10F0
100
AcDbEntity
  8
0
100
AcDbLine
 10
0.2687649863580003
 20
0.3762487265130001
 30
0.0
 11
0.2687966334630003
 21
0.3836415055500003
 31
0.0
  0
LINE
  5
DF0
330
10F0
100
AcDbEntity
  8
0
100
AcDbLine
 10
0.2687966334630003
 20
0.3836415055500003
 30
0.0
 11
0.2680294722569999
 21
0.3930988103999999
 31
0.0
  0
LINE
  5
DF1
330
10F0
100
AcDbEntity
  8
0
100
AcDbLine
 10
0.2680294722569999
 20
0.3930988103999999
 30
0.0
 11
0.2671439299560003
 21
0.4018548762989999
 31
0.0
  0
LINE
  5
DF2
330
10F0
100
AcDbEntity
  8
0
100
AcDbLine
 10
0.2671439299560003
 20
0.4018548762989999
 30
0.0
 11
0.2665894328730002
 21
0.4070858680439999
 31
0.0
  0
LINE
  5
DF3
330
10F0
100
AcDbEntity
  8
0
100
AcDbLine
 10
0.2665894328730002
 20
0.4070858680439999
 30
0.0
 11
0.2639442366900002
 21
0.428999242086
 31
0.0
  0
LINE
  5
DF4
330
10F0
100
AcDbEntity
  8
0
100
AcDbLine
 10
0.2639442366900002
 20
0.428999242086
 30
0.0
 11
0.2569782861810002
 21
0.472473299727
 31
0.0
  0
LINE
  5
DF5
330
10F0
100
AcDbEntity
  8
0
100
AcDbLine
 10
0.2569782861810002
 20
0.472473299727
 30
0.0
 11
0.252864419382
 21
0.4927428001529998
 31
0.0
  0
LINE
  5
DF6
330
10F0
100
AcDbEntity
  8
0
100
AcDbLine
 10
0.252864419382
 20
0.4927428001529998
 30
0.0
 11
0.250767477612
 21
0.501788195946
 31
0.0
  0
LINE
  5
DF7
330
10F0
100
AcDbEntity
  8
0
100
AcDbLine
 10
0.250767477612
 20
0.501788195946
 30
0.0
 11
0.2452069732500002
 21
0.5236505740080001
 31
0.0
  0
LINE
  5
DF8
330
10F0
100
AcDbEntity
  8
0
100
AcDbLine
 10
0.2452069732500002
 20
0.5236505740080001
 30
0.0
 11
0.2392250478390006
 21
0.5454395913420002
 31
0.0
  0
LINE
  5
DF9
330
10F0
100
AcDbEntity
  8
0
100
AcDbLine
 10
0.2392250478390006
 20
0.5454395913420002
 30
0.0
 11
0.2354732014680002
 21
0.5580501028289999
 31
0.0
  0
LINE
  5
DFA
330
10F0
100
AcDbEntity
  8
0
100
AcDbLine
 10
0.2354732014680002
 20
0.5580501028289999
 30
0.0
 11
0.233715735072
 21
0.5632453463579999
 31
0.0
  0
LINE
  5
DFB
330
10F0
100
AcDbEntity
  8
0
100
AcDbLine
 10
0.233715735072
 20
0.5632453463579999
 30
0.0
 11
0.2331389225700002
 21
0.5645924448029999
 31
0.0
  0
LINE
  5
DFC
330
10F0
100
AcDbEntity
  8
0
100
AcDbLine
 10
0.2331389225700002
 20
0.5645924448029999
 30
0.0
 11
0.2321103210660003
 21
0.5661221302889999
 31
0.0
  0
LINE
  5
DFD
330
10F0
100
AcDbEntity
  8
0
100
AcDbLine
 10
0.2321103210660003
 20
0.5661221302889999
 30
0.0
 11
0.2282098991490003
 21
0.5690901711690004
 31
0.0
  0
LINE
  5
DFE
330
10F0
100
AcDbEntity
  8
0
100
AcDbLine
 10
0.2282098991490003
 20
0.5690901711690004
 30
0.0
 11
0.2202961038119999
 21
0.5726328880950002
 31
0.0
  0
LINE
  5
DFF
330
10F0
100
AcDbEntity
  8
0
100
AcDbLine
 10
0.2202961038119999
 20
0.5726328880950002
 30
0.0
 11
0.206502038226
 21
0.5775860248920002
 31
0.0
  0
LINE
  5
E00
330
10F0
100
AcDbEntity
  8
0
100
AcDbLine
 10
0.206502038226
 20
0.5775860248920002
 30
0.0
 11
0.1968165000000002
 21
0.5808526695180003
 31
0.0
  0
LINE
  5
E01
330
10F0
100
AcDbEntity
  8
0
100
AcDbLine
 10
0.1968165000000002
 20
0.5808526695180003
 30
0.0
 11
0.165399589629
 21
0.590482551024
 31
0.0
  0
LINE
  5
E02
330
10F0
100
AcDbEntity
  8
0
100
AcDbLine
 10
0.165399589629
 20
0.590482551024
 30
0.0
 11
0.102287947959
 21
0.6045014343780001
 31
0.0
  0
LINE
  5
E03
330
10F0
100
AcDbEntity
  8
0
100
AcDbLine
 10
0.102287947959
 20
0.6045014343780001
 30
0.0
 11
0.0694510308810001
 21
0.609144150582
 31
0.0
  0
LINE
  5
E04
330
10F0
100
AcDbEntity
  8
0
100
AcDbLine
 10
0.0694510308810001
 20
0.609144150582
 30
0.0
 11
0.0616495610790001
 21
0.6099975592920001
 31
0.0
  0
LINE
  5
E05
330
10F0
100
AcDbEntity
  8
0
100
AcDbLine
 10
0.0616495610790001
 20
0.6099975592920001
 30
0.0
 11
0.0506092426920001
 21
0.6106724565570003
 31
0.0
  0
LINE
  5
E06
330
10F0
100
AcDbEntity
  8
0
100
AcDbLine
 10
0.0506092426920001
 20
0.6106724565570003
 30
0.0
 11
0.044324729793
 21
0.6097836976649998
 31
0.0
  0
LINE
  5
E07
330
10F0
100
AcDbEntity
  8
0
100
AcDbLine
 10
0.044324729793
 20
0.6097836976649998
 30
0.0
 11
0.0412027926390001
 21
0.6071059681560002
 31
0.0
  0
LINE
  5
E08
330
10F0
100
AcDbEntity
  8
0
100
AcDbLine
 10
0.0412027926390001
 20
0.6071059681560002
 30
0.0
 11
0.040329904077
 21
0.605025827163
 31
0.0
  0
LINE
  5
E09
330
10F0
100
AcDbEntity
  8
0
100
AcDbLine
 10
0.040329904077
 20
0.605025827163
 30
0.0
 11
0.039755103858
 21
0.6025236952859998
 31
0.0
  0
LINE
  5
E0A
330
10F0
100
AcDbEntity
  8
0
100
AcDbLine
 10
0.039755103858
 20
0.6025236952859998
 30
0.0
 11
0.042763824153
 21
0.5963808229559998
 31
0.0
  0
LINE
  5
E0B
330
10F0
100
AcDbEntity
  8
0
100
AcDbLine
 10
0.042763824153
 20
0.5963808229559998
 30
0.0
 11
0.047441796984
 21
0.5897282868000001
 31
0.0
  0
LINE
  5
E0C
330
10F0
100
AcDbEntity
  8
0
100
AcDbLine
 10
0.047441796984
 20
0.5897282868000001
 30
0.0
 11
0.0521845387920001
 21
0.5831816515019996
 31
0.0
  0
LINE
  5
E0D
330
10F0
100
AcDbEntity
  8
0
100
AcDbLine
 10
0.0521845387920001
 20
0.5831816515019996
 30
0.0
 11
0.055116555894
 21
0.5791463521920001
 31
0.0
  0
LINE
  5
E0E
330
10F0
100
AcDbEntity
  8
0
100
AcDbLine
 10
0.055116555894
 20
0.5791463521920001
 30
0.0
 11
0.07481198583
 21
0.550646182242
 31
0.0
  0
LINE
  5
E0F
330
10F0
100
AcDbEntity
  8
0
100
AcDbLine
 10
0.07481198583
 20
0.550646182242
 30
0.0
 11
0.103217127714
 21
0.5041002784950002
 31
0.0
  0
LINE
  5
E10
330
10F0
100
AcDbEntity
  8
0
100
AcDbLine
 10
0.103217127714
 20
0.5041002784950002
 30
0.0
 11
0.121916008089
 21
0.4696649385210003
 31
0.0
  0
LINE
  5
E11
330
10F0
100
AcDbEntity
  8
0
100
AcDbLine
 10
0.121916008089
 20
0.4696649385210003
 30
0.0
 11
0.1313279999999999
 21
0.4512010240800004
 31
0.0
  0
LINE
  5
E12
330
10F0
100
AcDbEntity
  8
0
100
AcDbLine
 10
0.1313279999999999
 20
0.4512010240800004
 30
0.0
 11
0.1440854999999999
 21
0.4256772911459999
 31
0.0
  0
LINE
  5
E13
330
10F0
100
AcDbEntity
  8
0
100
AcDbLine
 10
0.1440854999999999
 20
0.4256772911459999
 30
0.0
 11
0.1627973334900001
 21
0.4187202011460001
 31
0.0
  0
LINE
  5
E14
330
10F0
100
AcDbEntity
  8
0
100
AcDbLine
 10
0.1627973334900001
 20
0.4187202011460001
 30
0.0
 11
0.172214714169
 21
0.415028269098
 31
0.0
  0
LINE
  5
E15
330
10F0
100
AcDbEntity
  8
0
100
AcDbLine
 10
0.172214714169
 20
0.415028269098
 30
0.0
 11
0.192548901924
 21
0.4060335018689999
 31
0.0
  0
LINE
  5
E16
330
10F0
100
AcDbEntity
  8
0
100
AcDbLine
 10
0.192548901924
 20
0.4060335018689999
 30
0.0
 11
0.213312646611
 21
0.3956740104329998
 31
0.0
  0
LINE
  5
E17
330
10F0
100
AcDbEntity
  8
0
100
AcDbLine
 10
0.213312646611
 20
0.3956740104329998
 30
0.0
 11
0.2326223271690003
 21
0.384889576878
 31
0.0
  0
LINE
  5
E18
330
10F0
100
AcDbEntity
  8
0
100
AcDbLine
 10
0.2326223271690003
 20
0.384889576878
 30
0.0
 11
0.2411432638380003
 21
0.3796316855190001
 31
0.0
  0
LINE
  5
E19
330
10F0
100
AcDbEntity
  8
0
100
AcDbLine
 10
0.2411432638380003
 20
0.3796316855190001
 30
0.0
 11
0.2472341314950002
 21
0.3757739944230004
 31
0.0
  0
LINE
  5
E1A
330
10F0
100
AcDbEntity
  8
0
100
AcDbLine
 10
0.2472341314950002
 20
0.3757739944230004
 30
0.0
 11
0.2559605217480003
 21
0.3707796713130002
 31
0.0
  0
LINE
  5
E1B
330
10F0
100
AcDbEntity
  8
0
100
AcDbLine
 10
0.2559605217480003
 20
0.3707796713130002
 30
0.0
 11
0.2613391687980001
 21
0.3689957271510001
 31
0.0
  0
LINE
  5
E1C
330
10F0
100
AcDbEntity
  8
0
100
AcDbLine
 10
0.2613391687980001
 20
0.3689957271510001
 30
0.0
 11
0.2648813311980002
 21
0.3699209163599997
 31
0.0
  0
LINE
  5
E1D
330
10F0
100
AcDbEntity
  8
0
100
AcDbLine
 10
0.2648813311980002
 20
0.3699209163599997
 30
0.0
 11
0.2664359992710003
 21
0.3712428008820001
 31
0.0
  0
LINE
  5
E1E
330
10F0
100
AcDbEntity
  8
0
100
AcDbLine
 10
-0.1901609999999999
 20
0.4070344757309999
 30
0.0
 11
-0.1798572707459999
 21
0.4116488753879999
 31
0.0
  0
LINE
  5
E1F
330
10F0
100
AcDbEntity
  8
0
100
AcDbLine
 10
-0.1798572707459999
 20
0.4116488753879999
 30
0.0
 11
-0.156608254494
 21
0.4207515778709999
 31
0.0
  0
LINE
  5
E20
330
10F0
100
AcDbEntity
  8
0
100
AcDbLine
 10
-0.156608254494
 20
0.4207515778709999
 30
0.0
 11
-0.118516575897
 21
0.4329604339290001
 31
0.0
  0
LINE
  5
E21
330
10F0
100
AcDbEntity
  8
0
100
AcDbLine
 10
-0.118516575897
 20
0.4329604339290001
 30
0.0
 11
-0.0936100389059999
 21
0.4392573539219998
 31
0.0
  0
LINE
  5
E22
330
10F0
100
AcDbEntity
  8
0
100
AcDbLine
 10
-0.0936100389059999
 20
0.4392573539219998
 30
0.0
 11
-0.089498211606
 21
0.4402229690969999
 31
0.0
  0
LINE
  5
E23
330
10F0
100
AcDbEntity
  8
0
100
AcDbLine
 10
-0.089498211606
 20
0.4402229690969999
 30
0.0
 11
-0.0829433383649999
 21
0.4421890138139999
 31
0.0
  0
LINE
  5
E24
330
10F0
100
AcDbEntity
  8
0
100
AcDbLine
 10
-0.0829433383649999
 20
0.4421890138139999
 30
0.0
 11
-0.078623227017
 21
0.4443716485619998
 31
0.0
  0
LINE
  5
E25
330
10F0
100
AcDbEntity
  8
0
100
AcDbLine
 10
-0.078623227017
 20
0.4443716485619998
 30
0.0
 11
-0.0765495430199999
 21
0.4469750885969999
 31
0.0
  0
LINE
  5
E26
330
10F0
100
AcDbEntity
  8
0
100
AcDbLine
 10
-0.0765495430199999
 20
0.4469750885969999
 30
0.0
 11
-0.0767339501309999
 21
0.4502035440719999
 31
0.0
  0
LINE
  5
E27
330
10F0
100
AcDbEntity
  8
0
100
AcDbLine
 10
-0.0767339501309999
 20
0.4502035440719999
 30
0.0
 11
-0.079188113808
 21
0.454261223439
 31
0.0
  0
LINE
  5
E28
330
10F0
100
AcDbEntity
  8
0
100
AcDbLine
 10
-0.079188113808
 20
0.454261223439
 30
0.0
 11
-0.083923696107
 21
0.4593523402529999
 31
0.0
  0
LINE
  5
E29
330
10F0
100
AcDbEntity
  8
0
100
AcDbLine
 10
-0.083923696107
 20
0.4593523402529999
 30
0.0
 11
-0.090952364187
 21
0.465681104667
 31
0.0
  0
LINE
  5
E2A
330
10F0
100
AcDbEntity
  8
0
100
AcDbLine
 10
-0.090952364187
 20
0.465681104667
 30
0.0
 11
-0.0953302499999999
 21
0.4693734211409998
 31
0.0
  0
LINE
  5
E2B
330
10F0
100
AcDbEntity
  8
0
100
AcDbLine
 10
-0.0953302499999999
 20
0.4693734211409998
 30
0.0
 11
-0.124204100733
 21
0.4921975684170001
 31
0.0
  0
LINE
  5
E2C
330
10F0
100
AcDbEntity
  8
0
100
AcDbLine
 10
-0.124204100733
 20
0.4921975684170001
 30
0.0
 11
-0.1857000815730001
 21
0.5340343778370001
 31
0.0
  0
LINE
  5
E2D
330
10F0
100
AcDbEntity
  8
0
100
AcDbLine
 10
-0.1857000815730001
 20
0.5340343778370001
 30
0.0
 11
-0.217393135686
 21
0.552414973896
 31
0.0
  0
LINE
  5
E2E
330
10F0
100
AcDbEntity
  8
0
100
AcDbLine
 10
-0.217393135686
 20
0.552414973896
 30
0.0
 11
-0.2395975287149999
 21
0.5645574790469998
 31
0.0
  0
LINE
  5
E2F
330
10F0
100
AcDbEntity
  8
0
100
AcDbLine
 10
-0.2395975287149999
 20
0.5645574790469998
 30
0.0
 11
-0.2484740152080001
 21
0.5607756763650003
 31
0.0
  0
LINE
  5
E30
330
10F0
100
AcDbEntity
  8
0
100
AcDbLine
 10
-0.2484740152080001
 20
0.5607756763650003
 30
0.0
 11
-0.2649412652310001
 21
0.5533103819969999
 31
0.0
  0
LINE
  5
E31
330
10F0
100
AcDbEntity
  8
0
100
AcDbLine
 10
-0.2649412652310001
 20
0.5533103819969999
 30
0.0
 11
-0.2998823040000001
 21
0.5349803175450001
 31
0.0
  0
LINE
  5
E32
330
10F0
100
AcDbEntity
  8
0
100
AcDbLine
 10
-0.2998823040000001
 20
0.5349803175450001
 30
0.0
 11
-0.3356375689439999
 21
0.5132488042169999
 31
0.0
  0
LINE
  5
E33
330
10F0
100
AcDbEntity
  8
0
100
AcDbLine
 10
-0.3356375689439999
 20
0.5132488042169999
 30
0.0
 11
-0.3699736674749999
 21
0.489473263827
 31
0.0
  0
LINE
  5
E34
330
10F0
100
AcDbEntity
  8
0
100
AcDbLine
 10
-0.3699736674749999
 20
0.489473263827
 30
0.0
 11
-0.385911593514
 21
0.4772431792889999
 31
0.0
  0
LINE
  5
E35
330
10F0
100
AcDbEntity
  8
0
100
AcDbLine
 10
-0.385911593514
 20
0.4772431792889999
 30
0.0
 11
-0.390373831917
 21
0.4736416009589999
 31
0.0
  0
LINE
  5
E36
330
10F0
100
AcDbEntity
  8
0
100
AcDbLine
 10
-0.390373831917
 20
0.4736416009589999
 30
0.0
 11
-0.396970915473
 21
0.4679671772249999
 31
0.0
  0
LINE
  5
E37
330
10F0
100
AcDbEntity
  8
0
100
AcDbLine
 10
-0.396970915473
 20
0.4679671772249999
 30
0.0
 11
-0.4008789238500001
 21
0.4639000794210004
 31
0.0
  0
LINE
  5
E38
330
10F0
100
AcDbEntity
  8
0
100
AcDbLine
 10
-0.4008789238500001
 20
0.4639000794210004
 30
0.0
 11
-0.402594809301
 21
0.4609231321050001
 31
0.0
  0
LINE
  5
E39
330
10F0
100
AcDbEntity
  8
0
100
AcDbLine
 10
-0.402594809301
 20
0.4609231321050001
 30
0.0
 11
-0.402786
 21
0.4596818477669996
 31
0.0
  0
LINE
  5
E3A
330
10F0
100
AcDbEntity
  8
0
100
AcDbLine
 10
-0.402786
 20
0.4596818477669996
 30
0.0
 11
-0.402583084308
 21
0.4573405437389999
 31
0.0
  0
LINE
  5
E3B
330
10F0
100
AcDbEntity
  8
0
100
AcDbLine
 10
-0.402583084308
 20
0.4573405437389999
 30
0.0
 11
-0.4004825857470001
 21
0.453775137174
 31
0.0
  0
LINE
  5
E3C
330
10F0
100
AcDbEntity
  8
0
100
AcDbLine
 10
-0.4004825857470001
 20
0.453775137174
 30
0.0
 11
-0.395062157034
 21
0.4511944820339999
 31
0.0
  0
LINE
  5
E3D
330
10F0
100
AcDbEntity
  8
0
100
AcDbLine
 10
-0.395062157034
 20
0.4511944820339999
 30
0.0
 11
-0.385049346408
 21
0.448992770571
 31
0.0
  0
LINE
  5
E3E
330
10F0
100
AcDbEntity
  8
0
100
AcDbLine
 10
-0.385049346408
 20
0.448992770571
 30
0.0
 11
-0.3779231582970001
 21
0.4478447027339998
 31
0.0
  0
LINE
  5
E3F
330
10F0
100
AcDbEntity
  8
0
100
AcDbLine
 10
-0.3779231582970001
 20
0.4478447027339998
 30
0.0
 11
-0.3597940669950001
 21
0.4447994704739999
 31
0.0
  0
LINE
  5
E40
330
10F0
100
AcDbEntity
  8
0
100
AcDbLine
 10
-0.3597940669950001
 20
0.4447994704739999
 30
0.0
 11
-0.3208480407359999
 21
0.436679888157
 31
0.0
  0
LINE
  5
E41
330
10F0
100
AcDbEntity
  8
0
100
AcDbLine
 10
-0.3208480407359999
 20
0.436679888157
 30
0.0
 11
-0.281143810737
 21
0.4265740073159998
 31
0.0
  0
LINE
  5
E42
330
10F0
100
AcDbEntity
  8
0
100
AcDbLine
 10
-0.281143810737
 20
0.4265740073159998
 30
0.0
 11
-0.244072080657
 21
0.415344859218
 31
0.0
  0
LINE
  5
E43
330
10F0
100
AcDbEntity
  8
0
100
AcDbLine
 10
-0.244072080657
 20
0.415344859218
 30
0.0
 11
-0.2275830000000001
 21
0.4095787583880005
 31
0.0
  0
LINE
  5
E44
330
10F0
100
AcDbEntity
  8
0
100
AcDbLine
 10
-0.2275830000000001
 20
0.4095787583880005
 30
0.0
 11
-0.220245443928
 21
0.4070021159070002
 31
0.0
  0
LINE
  5
E45
330
10F0
100
AcDbEntity
  8
0
100
AcDbLine
 10
-0.220245443928
 20
0.4070021159070002
 30
0.0
 11
-0.210528564777
 21
0.4040313993539998
 31
0.0
  0
LINE
  5
E46
330
10F0
100
AcDbEntity
  8
0
100
AcDbLine
 10
-0.210528564777
 20
0.4040313993539998
 30
0.0
 11
-0.2060091200429998
 21
0.402971412699
 31
0.0
  0
LINE
  5
E47
330
10F0
100
AcDbEntity
  8
0
100
AcDbLine
 10
-0.2060091200429998
 20
0.402971412699
 30
0.0
 11
-0.2046195000000001
 21
0.4028009656950001
 31
0.0
  0
LINE
  5
E48
330
10F0
100
AcDbEntity
  8
0
100
AcDbLine
 10
-0.2046195000000001
 20
0.4028009656950001
 30
0.0
 11
-0.201899893572
 21
0.403079968818
 31
0.0
  0
LINE
  5
E49
330
10F0
100
AcDbEntity
  8
0
100
AcDbLine
 10
-0.201899893572
 20
0.403079968818
 30
0.0
 11
-0.194196224466
 21
0.4053356360009999
 31
0.0
  0
LINE
  5
E4A
330
10F0
100
AcDbEntity
  8
0
100
AcDbLine
 10
-0.194196224466
 20
0.4053356360009999
 30
0.0
 11
-0.1901609999999999
 21
0.4070344757309999
 31
0.0
  0
LINE
  5
E4B
330
10F0
100
AcDbEntity
  8
0
100
AcDbLine
 10
0.1026576109799999
 20
0.4441262657040004
 30
0.0
 11
0.1031255271629999
 21
0.4455020328030004
 31
0.0
  0
LINE
  5
E4C
330
10F0
100
AcDbEntity
  8
0
100
AcDbLine
 10
0.1031255271629999
 20
0.4455020328030004
 30
0.0
 11
0.1029328736040005
 21
0.448988985846
 31
0.0
  0
LINE
  5
E4D
330
10F0
100
AcDbEntity
  8
0
100
AcDbLine
 10
0.1029328736040005
 20
0.448988985846
 30
0.0
 11
0.1007202417210001
 21
0.4548129206759999
 31
0.0
  0
LINE
  5
E4E
330
10F0
100
AcDbEntity
  8
0
100
AcDbLine
 10
0.1007202417210001
 20
0.4548129206759999
 30
0.0
 11
0.0958692295620002
 21
0.4646015463060002
 31
0.0
  0
LINE
  5
E4F
330
10F0
100
AcDbEntity
  8
0
100
AcDbLine
 10
0.0958692295620002
 20
0.4646015463060002
 30
0.0
 11
0.0922610819699999
 21
0.471491276706
 31
0.0
  0
LINE
  5
E50
330
10F0
100
AcDbEntity
  8
0
100
AcDbLine
 10
0.0922610819699999
 20
0.471491276706
 30
0.0
 11
0.080116547526
 21
0.4934374664399998
 31
0.0
  0
LINE
  5
E51
330
10F0
100
AcDbEntity
  8
0
100
AcDbLine
 10
0.080116547526
 20
0.4934374664399998
 30
0.0
 11
0.059325896421
 21
0.5276823794640004
 31
0.0
  0
LINE
  5
E52
330
10F0
100
AcDbEntity
  8
0
100
AcDbLine
 10
0.059325896421
 20
0.5276823794640004
 30
0.0
 11
0.0452439314820001
 21
0.5489755314840004
 31
0.0
  0
LINE
  5
E53
330
10F0
100
AcDbEntity
  8
0
100
AcDbLine
 10
0.0452439314820001
 20
0.5489755314840004
 30
0.0
 11
0.038520754497
 21
0.5585386470390002
 31
0.0
  0
LINE
  5
E54
330
10F0
100
AcDbEntity
  8
0
100
AcDbLine
 10
0.038520754497
 20
0.5585386470390002
 30
0.0
 11
0.026304706611
 21
0.5750157560580001
 31
0.0
  0
LINE
  5
E55
330
10F0
100
AcDbEntity
  8
0
100
AcDbLine
 10
0.026304706611
 20
0.5750157560580001
 30
0.0
 11
0.0071603921699999
 21
0.599615160489
 31
0.0
  0
LINE
  5
E56
330
10F0
100
AcDbEntity
  8
0
100
AcDbLine
 10
0.0071603921699999
 20
0.599615160489
 30
0.0
 11
0.000039324069
 21
0.6082729307010005
 31
0.0
  0
LINE
  5
E57
330
10F0
100
AcDbEntity
  8
0
100
AcDbLine
 10
0.000039324069
 20
0.6082729307010005
 30
0.0
 11
-0.0029164219829999
 21
0.611570960478
 31
0.0
  0
LINE
  5
E58
330
10F0
100
AcDbEntity
  8
0
100
AcDbLine
 10
-0.0029164219829999
 20
0.611570960478
 30
0.0
 11
-0.003712180401
 21
0.6122937493980004
 31
0.0
  0
LINE
  5
E59
330
10F0
100
AcDbEntity
  8
0
100
AcDbLine
 10
-0.003712180401
 20
0.6122937493980004
 30
0.0
 11
-0.004914527148
 21
0.6126930540450002
 31
0.0
  0
LINE
  5
E5A
330
10F0
100
AcDbEntity
  8
0
100
AcDbLine
 10
-0.004914527148
 20
0.6126930540450002
 30
0.0
 11
-0.010260465669
 21
0.6130827769589999
 31
0.0
  0
LINE
  5
E5B
330
10F0
100
AcDbEntity
  8
0
100
AcDbLine
 10
-0.010260465669
 20
0.6130827769589999
 30
0.0
 11
-0.0189422318879999
 21
0.612969971742
 31
0.0
  0
LINE
  5
E5C
330
10F0
100
AcDbEntity
  8
0
100
AcDbLine
 10
-0.0189422318879999
 20
0.612969971742
 30
0.0
 11
-0.0302568365249998
 21
0.6124058248859999
 31
0.0
  0
LINE
  5
E5D
330
10F0
100
AcDbEntity
  8
0
100
AcDbLine
 10
-0.0302568365249998
 20
0.6124058248859999
 30
0.0
 11
-0.065448641817
 21
0.6093567228510005
 31
0.0
  0
LINE
  5
E5E
330
10F0
100
AcDbEntity
  8
0
100
AcDbLine
 10
-0.065448641817
 20
0.6093567228510005
 30
0.0
 11
-0.094905
 21
0.6056541493469998
 31
0.0
  0
LINE
  5
E5F
330
10F0
100
AcDbEntity
  8
0
100
AcDbLine
 10
-0.094905
 20
0.6056541493469998
 30
0.0
 11
-0.1077904628280001
 21
0.603506886894
 31
0.0
  0
LINE
  5
E60
330
10F0
100
AcDbEntity
  8
0
100
AcDbLine
 10
-0.1077904628280001
 20
0.603506886894
 30
0.0
 11
-0.1371970905750001
 21
0.5974321175009999
 31
0.0
  0
LINE
  5
E61
330
10F0
100
AcDbEntity
  8
0
100
AcDbLine
 10
-0.1371970905750001
 20
0.5974321175009999
 30
0.0
 11
-0.1656677260620001
 21
0.5904101479589998
 31
0.0
  0
LINE
  5
E62
330
10F0
100
AcDbEntity
  8
0
100
AcDbLine
 10
-0.1656677260620001
 20
0.5904101479589998
 30
0.0
 11
-0.182231422785
 21
0.5855517976859997
 31
0.0
  0
LINE
  5
E63
330
10F0
100
AcDbEntity
  8
0
100
AcDbLine
 10
-0.182231422785
 20
0.5855517976859997
 30
0.0
 11
-0.1893666415049999
 21
0.5829084351810003
 31
0.0
  0
LINE
  5
E64
330
10F0
100
AcDbEntity
  8
0
100
AcDbLine
 10
-0.1893666415049999
 20
0.5829084351810003
 30
0.0
 11
-0.1914367499999999
 21
0.5818456554840001
 31
0.0
  0
LINE
  5
E65
330
10F0
100
AcDbEntity
  8
0
100
AcDbLine
 10
-0.1914367499999999
 20
0.5818456554840001
 30
0.0
 11
-0.1940901722189999
 21
0.579106928115
 31
0.0
  0
LINE
  5
E66
330
10F0
100
AcDbEntity
  8
0
100
AcDbLine
 10
-0.1940901722189999
 20
0.579106928115
 30
0.0
 11
-0.19455378147
 21
0.5720584535909998
 31
0.0
  0
LINE
  5
E67
330
10F0
100
AcDbEntity
  8
0
100
AcDbLine
 10
-0.19455378147
 20
0.5720584535909998
 30
0.0
 11
-0.19228725
 21
0.5689150617240001
 31
0.0
  0
LINE
  5
E68
330
10F0
100
AcDbEntity
  8
0
100
AcDbLine
 10
-0.19228725
 20
0.5689150617240001
 30
0.0
 11
-0.19130738895
 21
0.568155839085
 31
0.0
  0
LINE
  5
E69
330
10F0
100
AcDbEntity
  8
0
100
AcDbLine
 10
-0.19130738895
 20
0.568155839085
 30
0.0
 11
-0.1874190934620001
 21
0.565475524056
 31
0.0
  0
LINE
  5
E6A
330
10F0
100
AcDbEntity
  8
0
100
AcDbLine
 10
-0.1874190934620001
 20
0.565475524056
 30
0.0
 11
-0.1780995151799999
 21
0.5594240090340005
 31
0.0
  0
LINE
  5
E6B
330
10F0
100
AcDbEntity
  8
0
100
AcDbLine
 10
-0.1780995151799999
 20
0.5594240090340005
 30
0.0
 11
-0.1705995
 21
0.5547151256309999
 31
0.0
  0
LINE
  5
E6C
330
10F0
100
AcDbEntity
  8
0
100
AcDbLine
 10
-0.1705995
 20
0.5547151256309999
 30
0.0
 11
-0.1398828402990001
 21
0.5346514274939999
 31
0.0
  0
LINE
  5
E6D
330
10F0
100
AcDbEntity
  8
0
100
AcDbLine
 10
-0.1398828402990001
 20
0.5346514274939999
 30
0.0
 11
-0.080029661445
 21
0.4896946846979998
 31
0.0
  0
LINE
  5
E6E
330
10F0
100
AcDbEntity
  8
0
100
AcDbLine
 10
-0.080029661445
 20
0.4896946846979998
 30
0.0
 11
-0.052549225686
 21
0.4660455524220004
 31
0.0
  0
LINE
  5
E6F
330
10F0
100
AcDbEntity
  8
0
100
AcDbLine
 10
-0.052549225686
 20
0.4660455524220004
 30
0.0
 11
-0.033156949671
 21
0.4485168001529998
 31
0.0
  0
LINE
  5
E70
330
10F0
100
AcDbEntity
  8
0
100
AcDbLine
 10
-0.033156949671
 20
0.4485168001529998
 30
0.0
 11
-0.0006179355269999
 21
0.4485168001529998
 31
0.0
  0
LINE
  5
E71
330
10F0
100
AcDbEntity
  8
0
100
AcDbLine
 10
-0.0006179355269999
 20
0.4485168001529998
 30
0.0
 11
0.021661160319
 21
0.448064169156
 31
0.0
  0
LINE
  5
E72
330
10F0
100
AcDbEntity
  8
0
100
AcDbLine
 10
0.021661160319
 20
0.448064169156
 30
0.0
 11
0.053423690076
 21
0.4458112831079999
 31
0.0
  0
LINE
  5
E73
330
10F0
100
AcDbEntity
  8
0
100
AcDbLine
 10
0.053423690076
 20
0.4458112831079999
 30
0.0
 11
0.072084481659
 21
0.4433752622969998
 31
0.0
  0
LINE
  5
E74
330
10F0
100
AcDbEntity
  8
0
100
AcDbLine
 10
0.072084481659
 20
0.4433752622969998
 30
0.0
 11
0.0802980000000002
 21
0.4419066444120004
 31
0.0
  0
LINE
  5
E75
330
10F0
100
AcDbEntity
  8
0
100
AcDbLine
 10
0.0802980000000002
 20
0.4419066444120004
 30
0.0
 11
0.0853653453389999
 21
0.440981504532
 31
0.0
  0
LINE
  5
E76
330
10F0
100
AcDbEntity
  8
0
100
AcDbLine
 10
0.0853653453389999
 20
0.440981504532
 30
0.0
 11
0.093241029771
 21
0.4401311201999998
 31
0.0
  0
LINE
  5
E77
330
10F0
100
AcDbEntity
  8
0
100
AcDbLine
 10
0.093241029771
 20
0.4401311201999998
 30
0.0
 11
0.0985196937420001
 21
0.4406551285589999
 31
0.0
  0
LINE
  5
E78
330
10F0
100
AcDbEntity
  8
0
100
AcDbLine
 10
0.0985196937420001
 20
0.4406551285589999
 30
0.0
 11
0.10169931861
 21
0.442602964071
 31
0.0
  0
LINE
  5
E79
330
10F0
100
AcDbEntity
  8
0
100
AcDbLine
 10
0.10169931861
 20
0.442602964071
 30
0.0
 11
0.1026576109799999
 21
0.4441262657040004
 31
0.0
  0
LINE
  5
E7A
330
10F0
100
AcDbEntity
  8
0
100
AcDbLine
 10
-0.566082
 20
0.452946819915
 30
0.0
 11
-0.560242591173
 21
0.4535419572899999
 31
0.0
  0
LINE
  5
E7B
330
10F0
100
AcDbEntity
  8
0
100
AcDbLine
 10
-0.560242591173
 20
0.4535419572899999
 30
0.0
 11
-0.545283490275
 21
0.4546064039669999
 31
0.0
  0
LINE
  5
E7C
330
10F0
100
AcDbEntity
  8
0
100
AcDbLine
 10
-0.545283490275
 20
0.4546064039669999
 30
0.0
 11
-0.516897607113
 21
0.4557839807519999
 31
0.0
  0
LINE
  5
E7D
330
10F0
100
AcDbEntity
  8
0
100
AcDbLine
 10
-0.516897607113
 20
0.4557839807519999
 30
0.0
 11
-0.495761569659
 21
0.456208344531
 31
0.0
  0
LINE
  5
E7E
330
10F0
100
AcDbEntity
  8
0
100
AcDbLine
 10
-0.495761569659
 20
0.456208344531
 30
0.0
 11
-0.488163029157
 21
0.456302981367
 31
0.0
  0
LINE
  5
E7F
330
10F0
100
AcDbEntity
  8
0
100
AcDbLine
 10
-0.488163029157
 20
0.456302981367
 30
0.0
 11
-0.475424119386
 21
0.4564961571329998
 31
0.0
  0
LINE
  5
E80
330
10F0
100
AcDbEntity
  8
0
100
AcDbLine
 10
-0.475424119386
 20
0.4564961571329998
 30
0.0
 11
-0.465606615879
 21
0.4567201261019999
 31
0.0
  0
LINE
  5
E81
330
10F0
100
AcDbEntity
  8
0
100
AcDbLine
 10
-0.465606615879
 20
0.4567201261019999
 30
0.0
 11
-0.4582831321799999
 21
0.4570055896229998
 31
0.0
  0
LINE
  5
E82
330
10F0
100
AcDbEntity
  8
0
100
AcDbLine
 10
-0.4582831321799999
 20
0.4570055896229998
 30
0.0
 11
-0.451039285899
 21
0.4576162554269999
 31
0.0
  0
LINE
  5
E83
330
10F0
100
AcDbEntity
  8
0
100
AcDbLine
 10
-0.451039285899
 20
0.4576162554269999
 30
0.0
 11
-0.4461209498609999
 21
0.4589322868080001
 31
0.0
  0
LINE
  5
E84
330
10F0
100
AcDbEntity
  8
0
100
AcDbLine
 10
-0.4461209498609999
 20
0.4589322868080001
 30
0.0
 11
-0.444731644503
 21
0.4598744485950005
 31
0.0
  0
LINE
  5
E85
330
10F0
100
AcDbEntity
  8
0
100
AcDbLine
 10
-0.444731644503
 20
0.4598744485950005
 30
0.0
 11
-0.442482551685
 21
0.461830707459
 31
0.0
  0
LINE
  5
E86
330
10F0
100
AcDbEntity
  8
0
100
AcDbLine
 10
-0.442482551685
 20
0.461830707459
 30
0.0
 11
-0.434968668252
 21
0.468562479597
 31
0.0
  0
LINE
  5
E87
330
10F0
100
AcDbEntity
  8
0
100
AcDbLine
 10
-0.434968668252
 20
0.468562479597
 30
0.0
 11
-0.4306293407069999
 21
0.4725088574310003
 31
0.0
  0
LINE
  5
E88
330
10F0
100
AcDbEntity
  8
0
100
AcDbLine
 10
-0.4306293407069999
 20
0.4725088574310003
 30
0.0
 11
-0.416559568536
 21
0.4849457206319997
 31
0.0
  0
LINE
  5
E89
330
10F0
100
AcDbEntity
  8
0
100
AcDbLine
 10
-0.416559568536
 20
0.4849457206319997
 30
0.0
 11
-0.386717134383
 21
0.5087372334120004
 31
0.0
  0
LINE
  5
E8A
330
10F0
100
AcDbEntity
  8
0
100
AcDbLine
 10
-0.386717134383
 20
0.5087372334120004
 30
0.0
 11
-0.35366782194
 21
0.5317374426929998
 31
0.0
  0
LINE
  5
E8B
330
10F0
100
AcDbEntity
  8
0
100
AcDbLine
 10
-0.35366782194
 20
0.5317374426929998
 30
0.0
 11
-0.3162879931320001
 21
0.55472832369
 31
0.0
  0
LINE
  5
E8C
330
10F0
100
AcDbEntity
  8
0
100
AcDbLine
 10
-0.3162879931320001
 20
0.55472832369
 30
0.0
 11
-0.295623
 21
0.5664646351440003
 31
0.0
  0
LINE
  5
E8D
330
10F0
100
AcDbEntity
  8
0
100
AcDbLine
 10
-0.295623
 20
0.5664646351440003
 30
0.0
 11
-0.292143742281
 21
0.5684363186760002
 31
0.0
  0
LINE
  5
E8E
330
10F0
100
AcDbEntity
  8
0
100
AcDbLine
 10
-0.292143742281
 20
0.5684363186760002
 30
0.0
 11
-0.287053998174
 21
0.571652492931
 31
0.0
  0
LINE
  5
E8F
330
10F0
100
AcDbEntity
  8
0
100
AcDbLine
 10
-0.287053998174
 20
0.571652492931
 30
0.0
 11
-0.2831667045750001
 21
0.5754583035269999
 31
0.0
  0
LINE
  5
E90
330
10F0
100
AcDbEntity
  8
0
100
AcDbLine
 10
-0.2831667045750001
 20
0.5754583035269999
 30
0.0
 11
-0.2823542508420002
 21
0.577938398949
 31
0.0
  0
LINE
  5
E91
330
10F0
100
AcDbEntity
  8
0
100
AcDbLine
 10
-0.2823542508420002
 20
0.577938398949
 30
0.0
 11
-0.2822479247340001
 21
0.5799198087990004
 31
0.0
  0
LINE
  5
E92
330
10F0
100
AcDbEntity
  8
0
100
AcDbLine
 10
-0.2822479247340001
 20
0.5799198087990004
 30
0.0
 11
-0.283427129376
 21
0.5831102112029999
 31
0.0
  0
LINE
  5
E93
330
10F0
100
AcDbEntity
  8
0
100
AcDbLine
 10
-0.283427129376
 20
0.5831102112029999
 30
0.0
 11
-0.287607506976
 21
0.586086066477
 31
0.0
  0
LINE
  5
E94
330
10F0
100
AcDbEntity
  8
0
100
AcDbLine
 10
-0.287607506976
 20
0.586086066477
 30
0.0
 11
-0.296163502956
 21
0.5898257881199999
 31
0.0
  0
LINE
  5
E95
330
10F0
100
AcDbEntity
  8
0
100
AcDbLine
 10
-0.296163502956
 20
0.5898257881199999
 30
0.0
 11
-0.302511871395
 21
0.5922878529420003
 31
0.0
  0
LINE
  5
E96
330
10F0
100
AcDbEntity
  8
0
100
AcDbLine
 10
-0.302511871395
 20
0.5922878529420003
 30
0.0
 11
-0.3293871066629999
 21
0.6018344381789996
 31
0.0
  0
LINE
  5
E97
330
10F0
100
AcDbEntity
  8
0
100
AcDbLine
 10
-0.3293871066629999
 20
0.6018344381789996
 30
0.0
 11
-0.372071240316
 21
0.6146969102909999
 31
0.0
  0
LINE
  5
E98
330
10F0
100
AcDbEntity
  8
0
100
AcDbLine
 10
-0.372071240316
 20
0.6146969102909999
 30
0.0
 11
-0.398776612023
 21
0.6213298832459999
 31
0.0
  0
LINE
  5
E99
330
10F0
100
AcDbEntity
  8
0
100
AcDbLine
 10
-0.398776612023
 20
0.6213298832459999
 30
0.0
 11
-0.410747392719
 21
0.62381423457
 31
0.0
  0
LINE
  5
E9A
330
10F0
100
AcDbEntity
  8
0
100
AcDbLine
 10
-0.410747392719
 20
0.62381423457
 30
0.0
 11
-0.4212602854380001
 21
0.625816847385
 31
0.0
  0
LINE
  5
E9B
330
10F0
100
AcDbEntity
  8
0
100
AcDbLine
 10
-0.4212602854380001
 20
0.625816847385
 30
0.0
 11
-0.439664392719
 21
0.6125855491439997
 31
0.0
  0
LINE
  5
E9C
330
10F0
100
AcDbEntity
  8
0
100
AcDbLine
 10
-0.439664392719
 20
0.6125855491439997
 30
0.0
 11
-0.457894705428
 21
0.598923418221
 31
0.0
  0
LINE
  5
E9D
330
10F0
100
AcDbEntity
  8
0
100
AcDbLine
 10
-0.457894705428
 20
0.598923418221
 30
0.0
 11
-0.495946709901
 21
0.5673759254820001
 31
0.0
  0
LINE
  5
E9E
330
10F0
100
AcDbEntity
  8
0
100
AcDbLine
 10
-0.495946709901
 20
0.5673759254820001
 30
0.0
 11
-0.533370572496
 21
0.5327424054
 31
0.0
  0
LINE
  5
E9F
330
10F0
100
AcDbEntity
  8
0
100
AcDbLine
 10
-0.533370572496
 20
0.5327424054
 30
0.0
 11
-0.566866310688
 21
0.4980767891490003
 31
0.0
  0
LINE
  5
EA0
330
10F0
100
AcDbEntity
  8
0
100
AcDbLine
 10
-0.566866310688
 20
0.4980767891490003
 30
0.0
 11
-0.581109889338
 21
0.4816863001530004
 31
0.0
  0
LINE
  5
EA1
330
10F0
100
AcDbEntity
  8
0
100
AcDbLine
 10
-0.581109889338
 20
0.4816863001530004
 30
0.0
 11
-0.586543556934
 21
0.4749893202689999
 31
0.0
  0
LINE
  5
EA2
330
10F0
100
AcDbEntity
  8
0
100
AcDbLine
 10
-0.586543556934
 20
0.4749893202689999
 30
0.0
 11
-0.593855305434
 21
0.464747182524
 31
0.0
  0
LINE
  5
EA3
330
10F0
100
AcDbEntity
  8
0
100
AcDbLine
 10
-0.593855305434
 20
0.464747182524
 30
0.0
 11
-0.59675905872
 21
0.457925701347
 31
0.0
  0
LINE
  5
EA4
330
10F0
100
AcDbEntity
  8
0
100
AcDbLine
 10
-0.59675905872
 20
0.457925701347
 30
0.0
 11
-0.5956541537579999
 21
0.4535867446199998
 31
0.0
  0
LINE
  5
EA5
330
10F0
100
AcDbEntity
  8
0
100
AcDbLine
 10
-0.5956541537579999
 20
0.4535867446199998
 30
0.0
 11
-0.59372325
 21
0.4520550485519998
 31
0.0
  0
LINE
  5
EA6
330
10F0
100
AcDbEntity
  8
0
100
AcDbLine
 10
-0.59372325
 20
0.4520550485519998
 30
0.0
 11
-0.5916104225909999
 21
0.4508374421340005
 31
0.0
  0
LINE
  5
EA7
330
10F0
100
AcDbEntity
  8
0
100
AcDbLine
 10
-0.5916104225909999
 20
0.4508374421340005
 30
0.0
 11
-0.585643870818
 21
0.4507084944269998
 31
0.0
  0
LINE
  5
EA8
330
10F0
100
AcDbEntity
  8
0
100
AcDbLine
 10
-0.585643870818
 20
0.4507084944269998
 30
0.0
 11
-0.578282247297
 21
0.451508522355
 31
0.0
  0
LINE
  5
EA9
330
10F0
100
AcDbEntity
  8
0
100
AcDbLine
 10
-0.578282247297
 20
0.451508522355
 30
0.0
 11
-0.570775251213
 21
0.4523936019839999
 31
0.0
  0
LINE
  5
EAA
330
10F0
100
AcDbEntity
  8
0
100
AcDbLine
 10
-0.570775251213
 20
0.4523936019839999
 30
0.0
 11
-0.566082
 21
0.452946819915
 31
0.0
  0
LINE
  5
EAB
330
10F0
100
AcDbEntity
  8
0
100
AcDbLine
 10
0.4332559864860002
 20
0.482537337669
 30
0.0
 11
0.4348863677700002
 21
0.4851107618579999
 31
0.0
  0
LINE
  5
EAC
330
10F0
100
AcDbEntity
  8
0
100
AcDbLine
 10
0.4348863677700002
 20
0.4851107618579999
 30
0.0
 11
0.4357813131990004
 21
0.4930476686820003
 31
0.0
  0
LINE
  5
EAD
330
10F0
100
AcDbEntity
  8
0
100
AcDbLine
 10
0.4357813131990004
 20
0.4930476686820003
 30
0.0
 11
0.43553917755
 21
0.5039748569609996
 31
0.0
  0
LINE
  5
EAE
330
10F0
100
AcDbEntity
  8
0
100
AcDbLine
 10
0.43553917755
 20
0.5039748569609996
 30
0.0
 11
0.4352166186210001
 21
0.5118795876689999
 31
0.0
  0
LINE
  5
EAF
330
10F0
100
AcDbEntity
  8
0
100
AcDbLine
 10
0.4352166186210001
 20
0.5118795876689999
 30
0.0
 11
0.4343358238110003
 21
0.5269103261819997
 31
0.0
  0
LINE
  5
EB0
330
10F0
100
AcDbEntity
  8
0
100
AcDbLine
 10
0.4343358238110003
 20
0.5269103261819997
 30
0.0
 11
0.4312415415150001
 21
0.560764303479
 31
0.0
  0
LINE
  5
EB1
330
10F0
100
AcDbEntity
  8
0
100
AcDbLine
 10
0.4312415415150001
 20
0.560764303479
 30
0.0
 11
0.4282082417700005
 21
0.585850537512
 31
0.0
  0
LINE
  5
EB2
330
10F0
100
AcDbEntity
  8
0
100
AcDbLine
 10
0.4282082417700005
 20
0.585850537512
 30
0.0
 11
0.4260626803170004
 21
0.6007047258329999
 31
0.0
  0
LINE
  5
EB3
330
10F0
100
AcDbEntity
  8
0
100
AcDbLine
 10
0.4260626803170004
 20
0.6007047258329999
 30
0.0
 11
0.4239528041430002
 21
0.6129895519529999
 31
0.0
  0
LINE
  5
EB4
330
10F0
100
AcDbEntity
  8
0
100
AcDbLine
 10
0.4239528041430002
 20
0.6129895519529999
 30
0.0
 11
0.421993794762
 21
0.621784967085
 31
0.0
  0
LINE
  5
EB5
330
10F0
100
AcDbEntity
  8
0
100
AcDbLine
 10
0.421993794762
 20
0.621784967085
 30
0.0
 11
0.4211068593420003
 21
0.624586631454
 31
0.0
  0
LINE
  5
EB6
330
10F0
100
AcDbEntity
  8
0
100
AcDbLine
 10
0.4211068593420003
 20
0.624586631454
 30
0.0
 11
0.4205389617810002
 21
0.625297006476
 31
0.0
  0
LINE
  5
EB7
330
10F0
100
AcDbEntity
  8
0
100
AcDbLine
 10
0.4205389617810002
 20
0.625297006476
 30
0.0
 11
0.4173510411360003
 21
0.6279121817100001
 31
0.0
  0
LINE
  5
EB8
330
10F0
100
AcDbEntity
  8
0
100
AcDbLine
 10
0.4173510411360003
 20
0.6279121817100001
 30
0.0
 11
0.4086625185450001
 21
0.633951856071
 31
0.0
  0
LINE
  5
EB9
330
10F0
100
AcDbEntity
  8
0
100
AcDbLine
 10
0.4086625185450001
 20
0.633951856071
 30
0.0
 11
0.401217477984
 21
0.6387135844409999
 31
0.0
  0
LINE
  5
EBA
330
10F0
100
AcDbEntity
  8
0
100
AcDbLine
 10
0.401217477984
 20
0.6387135844409999
 30
0.0
 11
0.3810546795870002
 21
0.6508496972340002
 31
0.0
  0
LINE
  5
EBB
330
10F0
100
AcDbEntity
  8
0
100
AcDbLine
 10
0.3810546795870002
 20
0.6508496972340002
 30
0.0
 11
0.3408665440050003
 21
0.672686512668
 31
0.0
  0
LINE
  5
EBC
330
10F0
100
AcDbEntity
  8
0
100
AcDbLine
 10
0.3408665440050003
 20
0.672686512668
 30
0.0
 11
0.2997759615840002
 21
0.6917806340009999
 31
0.0
  0
LINE
  5
EBD
330
10F0
100
AcDbEntity
  8
0
100
AcDbLine
 10
0.2997759615840002
 20
0.6917806340009999
 30
0.0
 11
0.2564800666830003
 21
0.7087374845549997
 31
0.0
  0
LINE
  5
EBE
330
10F0
100
AcDbEntity
  8
0
100
AcDbLine
 10
0.2564800666830003
 20
0.7087374845549997
 30
0.0
 11
0.2335979782440001
 21
0.7166036280779998
 31
0.0
  0
LINE
  5
EBF
330
10F0
100
AcDbEntity
  8
0
100
AcDbLine
 10
0.2335979782440001
 20
0.7166036280779998
 30
0.0
 11
0.2284206258330006
 21
0.7183005235650004
 31
0.0
  0
LINE
  5
EC0
330
10F0
100
AcDbEntity
  8
0
100
AcDbLine
 10
0.2284206258330006
 20
0.7183005235650004
 30
0.0
 11
0.2196394395659999
 21
0.7211107303559999
 31
0.0
  0
LINE
  5
EC1
330
10F0
100
AcDbEntity
  8
0
100
AcDbLine
 10
0.2196394395659999
 20
0.7211107303559999
 30
0.0
 11
0.2098996802640001
 21
0.7239630726180002
 31
0.0
  0
LINE
  5
EC2
330
10F0
100
AcDbEntity
  8
0
100
AcDbLine
 10
0.2098996802640001
 20
0.7239630726180002
 30
0.0
 11
0.201914801838
 21
0.725490807057
 31
0.0
  0
LINE
  5
EC3
330
10F0
100
AcDbEntity
  8
0
100
AcDbLine
 10
0.201914801838
 20
0.725490807057
 30
0.0
 11
0.1976833908360002
 21
0.7247935739610004
 31
0.0
  0
LINE
  5
EC4
330
10F0
100
AcDbEntity
  8
0
100
AcDbLine
 10
0.1976833908360002
 20
0.7247935739610004
 30
0.0
 11
0.1963062000000003
 21
0.723738600153
 31
0.0
  0
LINE
  5
EC5
330
10F0
100
AcDbEntity
  8
0
100
AcDbLine
 10
0.1963062000000003
 20
0.723738600153
 30
0.0
 11
0.1951771391370001
 21
0.7222771536840001
 31
0.0
  0
LINE
  5
EC6
330
10F0
100
AcDbEntity
  8
0
100
AcDbLine
 10
0.1951771391370001
 20
0.7222771536840001
 30
0.0
 11
0.1946238497640001
 21
0.7183065740220003
 31
0.0
  0
LINE
  5
EC7
330
10F0
100
AcDbEntity
  8
0
100
AcDbLine
 10
0.1946238497640001
 20
0.7183065740220003
 30
0.0
 11
0.1967525219880001
 21
0.7116630616710002
 31
0.0
  0
LINE
  5
EC8
330
10F0
100
AcDbEntity
  8
0
100
AcDbLine
 10
0.1967525219880001
 20
0.7116630616710002
 30
0.0
 11
0.2020537803420001
 21
0.7008153951420002
 31
0.0
  0
LINE
  5
EC9
330
10F0
100
AcDbEntity
  8
0
100
AcDbLine
 10
0.2020537803420001
 20
0.7008153951420002
 30
0.0
 11
0.2060474510790003
 21
0.6933364944749999
 31
0.0
  0
LINE
  5
ECA
330
10F0
100
AcDbEntity
  8
0
100
AcDbLine
 10
0.2060474510790003
 20
0.6933364944749999
 30
0.0
 11
0.2111578827479999
 21
0.6836327232300001
 31
0.0
  0
LINE
  5
ECB
330
10F0
100
AcDbEntity
  8
0
100
AcDbLine
 10
0.2111578827479999
 20
0.6836327232300001
 30
0.0
 11
0.2219413212180001
 21
0.6617254761900002
 31
0.0
  0
LINE
  5
ECC
330
10F0
100
AcDbEntity
  8
0
100
AcDbLine
 10
0.2219413212180001
 20
0.6617254761900002
 30
0.0
 11
0.2326323460590003
 21
0.6383290580819999
 31
0.0
  0
LINE
  5
ECD
330
10F0
100
AcDbEntity
  8
0
100
AcDbLine
 10
0.2326323460590003
 20
0.6383290580819999
 30
0.0
 11
0.2422199441070006
 21
0.615655997028
 31
0.0
  0
LINE
  5
ECE
330
10F0
100
AcDbEntity
  8
0
100
AcDbLine
 10
0.2422199441070006
 20
0.615655997028
 30
0.0
 11
0.2462840141310001
 21
0.6052821406470005
 31
0.0
  0
LINE
  5
ECF
330
10F0
100
AcDbEntity
  8
0
100
AcDbLine
 10
0.2462840141310001
 20
0.6052821406470005
 30
0.0
 11
0.2529495
 21
0.5876949794400003
 31
0.0
  0
LINE
  5
ED0
330
10F0
100
AcDbEntity
  8
0
100
AcDbLine
 10
0.2529495
 20
0.5876949794400003
 30
0.0
 11
0.2827170000000002
 21
0.5728747566870003
 31
0.0
  0
LINE
  5
ED1
330
10F0
100
AcDbEntity
  8
0
100
AcDbLine
 10
0.2827170000000002
 20
0.5728747566870003
 30
0.0
 11
0.300142217502
 21
0.5639286533670003
 31
0.0
  0
LINE
  5
ED2
330
10F0
100
AcDbEntity
  8
0
100
AcDbLine
 10
0.300142217502
 20
0.5639286533670003
 30
0.0
 11
0.3331912254660002
 21
0.5452874760149999
 31
0.0
  0
LINE
  5
ED3
330
10F0
100
AcDbEntity
  8
0
100
AcDbLine
 10
0.3331912254660002
 20
0.5452874760149999
 30
0.0
 11
0.3641765394060001
 21
0.5254309290599999
 31
0.0
  0
LINE
  5
ED4
330
10F0
100
AcDbEntity
  8
0
100
AcDbLine
 10
0.3641765394060001
 20
0.5254309290599999
 30
0.0
 11
0.3935040128190002
 21
0.5040989313030004
 31
0.0
  0
LINE
  5
ED5
330
10F0
100
AcDbEntity
  8
0
100
AcDbLine
 10
0.3935040128190002
 20
0.5040989313030004
 30
0.0
 11
0.4076728869510001
 21
0.492798359916
 31
0.0
  0
LINE
  5
ED6
330
10F0
100
AcDbEntity
  8
0
100
AcDbLine
 10
0.4076728869510001
 20
0.492798359916
 30
0.0
 11
0.4143609450900006
 21
0.4874930548829999
 31
0.0
  0
LINE
  5
ED7
330
10F0
100
AcDbEntity
  8
0
100
AcDbLine
 10
0.4143609450900006
 20
0.4874930548829999
 30
0.0
 11
0.4227491408220003
 21
0.4814765532449998
 31
0.0
  0
LINE
  5
ED8
330
10F0
100
AcDbEntity
  8
0
100
AcDbLine
 10
0.4227491408220003
 20
0.4814765532449998
 30
0.0
 11
0.4263090922800004
 21
0.479413675701
 31
0.0
  0
LINE
  5
ED9
330
10F0
100
AcDbEntity
  8
0
100
AcDbLine
 10
0.4263090922800004
 20
0.479413675701
 30
0.0
 11
0.4272386615640001
 21
0.4791348001530001
 31
0.0
  0
LINE
  5
EDA
330
10F0
100
AcDbEntity
  8
0
100
AcDbLine
 10
0.4272386615640001
 20
0.4791348001530001
 30
0.0
 11
0.430218204606
 21
0.4801342958459999
 31
0.0
  0
LINE
  5
EDB
330
10F0
100
AcDbEntity
  8
0
100
AcDbLine
 10
0.430218204606
 20
0.4801342958459999
 30
0.0
 11
0.4332559864860002
 21
0.482537337669
 31
0.0
  0
LINE
  5
EDC
330
10F0
100
AcDbEntity
  8
0
100
AcDbLine
 10
-0.2188020161519999
 20
0.5999298046650002
 30
0.0
 11
-0.199863430857
 21
0.6063984508140007
 31
0.0
  0
LINE
  5
EDD
330
10F0
100
AcDbEntity
  8
0
100
AcDbLine
 10
-0.199863430857
 20
0.6063984508140007
 30
0.0
 11
-0.1624168497059999
 21
0.6174285751080002
 31
0.0
  0
LINE
  5
EDE
330
10F0
100
AcDbEntity
  8
0
100
AcDbLine
 10
-0.1624168497059999
 20
0.6174285751080002
 30
0.0
 11
-0.1250033019749999
 21
0.626040357084
 31
0.0
  0
LINE
  5
EDF
330
10F0
100
AcDbEntity
  8
0
100
AcDbLine
 10
-0.1250033019749999
 20
0.626040357084
 30
0.0
 11
-0.086973481944
 21
0.6323832534060001
 31
0.0
  0
LINE
  5
EE0
330
10F0
100
AcDbEntity
  8
0
100
AcDbLine
 10
-0.086973481944
 20
0.6323832534060001
 30
0.0
 11
-0.0675245626289999
 21
0.634750572528
 31
0.0
  0
LINE
  5
EE1
330
10F0
100
AcDbEntity
  8
0
100
AcDbLine
 10
-0.0675245626289999
 20
0.634750572528
 30
0.0
 11
-0.06274369971
 21
0.6352682667749999
 31
0.0
  0
LINE
  5
EE2
330
10F0
100
AcDbEntity
  8
0
100
AcDbLine
 10
-0.06274369971
 20
0.6352682667749999
 30
0.0
 11
-0.0548379552059999
 21
0.6361727803289997
 31
0.0
  0
LINE
  5
EE3
330
10F0
100
AcDbEntity
  8
0
100
AcDbLine
 10
-0.0548379552059999
 20
0.6361727803289997
 30
0.0
 11
-0.046554323346
 21
0.63737028603
 31
0.0
  0
LINE
  5
EE4
330
10F0
100
AcDbEntity
  8
0
100
AcDbLine
 10
-0.046554323346
 20
0.63737028603
 30
0.0
 11
-0.040600876077
 21
0.6391398686490001
 31
0.0
  0
LINE
  5
EE5
330
10F0
100
AcDbEntity
  8
0
100
AcDbLine
 10
-0.040600876077
 20
0.6391398686490001
 30
0.0
 11
-0.0382565187540001
 21
0.641763851661
 31
0.0
  0
LINE
  5
EE6
330
10F0
100
AcDbEntity
  8
0
100
AcDbLine
 10
-0.0382565187540001
 20
0.641763851661
 30
0.0
 11
-0.0376844605469999
 21
0.6436201461570001
 31
0.0
  0
LINE
  5
EE7
330
10F0
100
AcDbEntity
  8
0
100
AcDbLine
 10
-0.0376844605469999
 20
0.6436201461570001
 30
0.0
 11
-0.0375384126870001
 21
0.6461600079150005
 31
0.0
  0
LINE
  5
EE8
330
10F0
100
AcDbEntity
  8
0
100
AcDbLine
 10
-0.0375384126870001
 20
0.6461600079150005
 30
0.0
 11
-0.0399048166709999
 21
0.6506713354770001
 31
0.0
  0
LINE
  5
EE9
330
10F0
100
AcDbEntity
  8
0
100
AcDbLine
 10
-0.0399048166709999
 20
0.6506713354770001
 30
0.0
 11
-0.0438164311679998
 21
0.655131207789
 31
0.0
  0
LINE
  5
EEA
330
10F0
100
AcDbEntity
  8
0
100
AcDbLine
 10
-0.0438164311679998
 20
0.655131207789
 30
0.0
 11
-0.046629393579
 21
0.6580500302339999
 31
0.0
  0
LINE
  5
EEB
330
10F0
100
AcDbEntity
  8
0
100
AcDbLine
 10
-0.046629393579
 20
0.6580500302339999
 30
0.0
 11
-0.059756975046
 21
0.670754695473
 31
0.0
  0
LINE
  5
EEC
330
10F0
100
AcDbEntity
  8
0
100
AcDbLine
 10
-0.059756975046
 20
0.670754695473
 30
0.0
 11
-0.0906716175390001
 21
0.6974559286470002
 31
0.0
  0
LINE
  5
EED
330
10F0
100
AcDbEntity
  8
0
100
AcDbLine
 10
-0.0906716175390001
 20
0.6974559286470002
 30
0.0
 11
-0.114181043283
 21
0.7157385981359998
 31
0.0
  0
LINE
  5
EEE
330
10F0
100
AcDbEntity
  8
0
100
AcDbLine
 10
-0.114181043283
 20
0.7157385981359998
 30
0.0
 11
-0.1282205835810001
 21
0.725728508199
 31
0.0
  0
LINE
  5
EEF
330
10F0
100
AcDbEntity
  8
0
100
AcDbLine
 10
-0.1282205835810001
 20
0.725728508199
 30
0.0
 11
-0.13984121853
 21
0.7331081317019997
 31
0.0
  0
LINE
  5
EF0
330
10F0
100
AcDbEntity
  8
0
100
AcDbLine
 10
-0.13984121853
 20
0.7331081317019997
 30
0.0
 11
-0.148089651597
 21
0.7371476494920001
 31
0.0
  0
LINE
  5
EF1
330
10F0
100
AcDbEntity
  8
0
100
AcDbLine
 10
-0.148089651597
 20
0.7371476494920001
 30
0.0
 11
-0.150651388215
 21
0.7376868001529999
 31
0.0
  0
LINE
  5
EF2
330
10F0
100
AcDbEntity
  8
0
100
AcDbLine
 10
-0.150651388215
 20
0.7376868001529999
 30
0.0
 11
-0.1522464261210002
 21
0.7375319207010003
 31
0.0
  0
LINE
  5
EF3
330
10F0
100
AcDbEntity
  8
0
100
AcDbLine
 10
-0.1522464261210002
 20
0.7375319207010003
 30
0.0
 11
-0.1585483317450001
 21
0.7363862529749996
 31
0.0
  0
LINE
  5
EF4
330
10F0
100
AcDbEntity
  8
0
100
AcDbLine
 10
-0.1585483317450001
 20
0.7363862529749996
 30
0.0
 11
-0.173622029013
 21
0.733044844296
 31
0.0
  0
LINE
  5
EF5
330
10F0
100
AcDbEntity
  8
0
100
AcDbLine
 10
-0.173622029013
 20
0.733044844296
 30
0.0
 11
-0.1857393712709999
 21
0.7300984180230004
 31
0.0
  0
LINE
  5
EF6
330
10F0
100
AcDbEntity
  8
0
100
AcDbLine
 10
-0.1857393712709999
 20
0.7300984180230004
 30
0.0
 11
-0.205293711762
 21
0.7249253487300001
 31
0.0
  0
LINE
  5
EF7
330
10F0
100
AcDbEntity
  8
0
100
AcDbLine
 10
-0.205293711762
 20
0.7249253487300001
 30
0.0
 11
-0.2431289646089999
 21
0.7132802925240002
 31
0.0
  0
LINE
  5
EF8
330
10F0
100
AcDbEntity
  8
0
100
AcDbLine
 10
-0.2431289646089999
 20
0.7132802925240002
 30
0.0
 11
-0.2800761610770001
 21
0.699603570423
 31
0.0
  0
LINE
  5
EF9
330
10F0
100
AcDbEntity
  8
0
100
AcDbLine
 10
-0.2800761610770001
 20
0.699603570423
 30
0.0
 11
-0.3171071079810001
 21
0.6835354481429997
 31
0.0
  0
LINE
  5
EFA
330
10F0
100
AcDbEntity
  8
0
100
AcDbLine
 10
-0.3171071079810001
 20
0.6835354481429997
 30
0.0
 11
-0.335957678433
 21
0.6744921956100002
 31
0.0
  0
LINE
  5
EFB
330
10F0
100
AcDbEntity
  8
0
100
AcDbLine
 10
-0.335957678433
 20
0.6744921956100002
 30
0.0
 11
-0.3418666530569999
 21
0.6715606837049998
 31
0.0
  0
LINE
  5
EFC
330
10F0
100
AcDbEntity
  8
0
100
AcDbLine
 10
-0.3418666530569999
 20
0.6715606837049998
 30
0.0
 11
-0.3519265218479999
 21
0.666488546649
 31
0.0
  0
LINE
  5
EFD
330
10F0
100
AcDbEntity
  8
0
100
AcDbLine
 10
-0.3519265218479999
 20
0.666488546649
 30
0.0
 11
-0.363064368771
 21
0.6605781278759998
 31
0.0
  0
LINE
  5
EFE
330
10F0
100
AcDbEntity
  8
0
100
AcDbLine
 10
-0.363064368771
 20
0.6605781278759998
 30
0.0
 11
-0.371778940476
 21
0.6550843707539997
 31
0.0
  0
LINE
  5
EFF
330
10F0
100
AcDbEntity
  8
0
100
AcDbLine
 10
-0.371778940476
 20
0.6550843707539997
 30
0.0
 11
-0.3752146628009999
 21
0.651225507669
 31
0.0
  0
LINE
  5
F00
330
10F0
100
AcDbEntity
  8
0
100
AcDbLine
 10
-0.3752146628009999
 20
0.651225507669
 30
0.0
 11
-0.375543952587
 21
0.6495365915729999
 31
0.0
  0
LINE
  5
F01
330
10F0
100
AcDbEntity
  8
0
100
AcDbLine
 10
-0.375543952587
 20
0.6495365915729999
 30
0.0
 11
-0.375333094926
 21
0.6475339090169999
 31
0.0
  0
LINE
  5
F02
330
10F0
100
AcDbEntity
  8
0
100
AcDbLine
 10
-0.375333094926
 20
0.6475339090169999
 30
0.0
 11
-0.373161657861
 21
0.6442039565730007
 31
0.0
  0
LINE
  5
F03
330
10F0
100
AcDbEntity
  8
0
100
AcDbLine
 10
-0.373161657861
 20
0.6442039565730007
 30
0.0
 11
-0.3673163720790001
 21
0.6410513588940001
 31
0.0
  0
LINE
  5
F04
330
10F0
100
AcDbEntity
  8
0
100
AcDbLine
 10
-0.3673163720790001
 20
0.6410513588940001
 30
0.0
 11
-0.356188169826
 21
0.6372082844910002
 31
0.0
  0
LINE
  5
F05
330
10F0
100
AcDbEntity
  8
0
100
AcDbLine
 10
-0.356188169826
 20
0.6372082844910002
 30
0.0
 11
-0.348140141775
 21
0.6347566178819998
 31
0.0
  0
LINE
  5
F06
330
10F0
100
AcDbEntity
  8
0
100
AcDbLine
 10
-0.348140141775
 20
0.6347566178819998
 30
0.0
 11
-0.3252576587040001
 21
0.6274745501310002
 31
0.0
  0
LINE
  5
F07
330
10F0
100
AcDbEntity
  8
0
100
AcDbLine
 10
-0.3252576587040001
 20
0.6274745501310002
 30
0.0
 11
-0.2904943863419999
 21
0.614899336095
 31
0.0
  0
LINE
  5
F08
330
10F0
100
AcDbEntity
  8
0
100
AcDbLine
 10
-0.2904943863419999
 20
0.614899336095
 30
0.0
 11
-0.2688963198659999
 21
0.606107103534
 31
0.0
  0
LINE
  5
F09
330
10F0
100
AcDbEntity
  8
0
100
AcDbLine
 10
-0.2688963198659999
 20
0.606107103534
 30
0.0
 11
-0.2590515
 21
0.601766471322
 31
0.0
  0
LINE
  5
F0A
330
10F0
100
AcDbEntity
  8
0
100
AcDbLine
 10
-0.2590515
 20
0.601766471322
 30
0.0
 11
-0.2516917850009999
 21
0.5984588394000004
 31
0.0
  0
LINE
  5
F0B
330
10F0
100
AcDbEntity
  8
0
100
AcDbLine
 10
-0.2516917850009999
 20
0.5984588394000004
 30
0.0
 11
-0.2430176171490001
 21
0.59468557914
 31
0.0
  0
LINE
  5
F0C
330
10F0
100
AcDbEntity
  8
0
100
AcDbLine
 10
-0.2430176171490001
 20
0.59468557914
 30
0.0
 11
-0.239764485267
 21
0.5933729259450004
 31
0.0
  0
LINE
  5
F0D
330
10F0
100
AcDbEntity
  8
0
100
AcDbLine
 10
-0.239764485267
 20
0.5933729259450004
 30
0.0
 11
-0.239141796795
 21
0.5931830705309998
 31
0.0
  0
LINE
  5
F0E
330
10F0
100
AcDbEntity
  8
0
100
AcDbLine
 10
-0.239141796795
 20
0.5931830705309998
 30
0.0
 11
-0.238510329462
 21
0.5933061055619999
 31
0.0
  0
LINE
  5
F0F
330
10F0
100
AcDbEntity
  8
0
100
AcDbLine
 10
-0.238510329462
 20
0.5933061055619999
 30
0.0
 11
-0.2351922670080001
 21
0.5943079418309999
 31
0.0
  0
LINE
  5
F10
330
10F0
100
AcDbEntity
  8
0
100
AcDbLine
 10
-0.2351922670080001
 20
0.5943079418309999
 30
0.0
 11
-0.226328723424
 21
0.5972850303299999
 31
0.0
  0
LINE
  5
F11
330
10F0
100
AcDbEntity
  8
0
100
AcDbLine
 10
-0.226328723424
 20
0.5972850303299999
 30
0.0
 11
-0.2188020161519999
 21
0.5999298046650002
 31
0.0
  0
LINE
  5
F12
330
10F0
100
AcDbEntity
  8
0
100
AcDbLine
 10
0.2120039992710002
 20
0.6076818008819999
 30
0.0
 11
0.213891806493
 21
0.6105271860539998
 31
0.0
  0
LINE
  5
F13
330
10F0
100
AcDbEntity
  8
0
100
AcDbLine
 10
0.213891806493
 20
0.6105271860539998
 30
0.0
 11
0.2146770000000001
 21
0.613614645639
 31
0.0
  0
LINE
  5
F14
330
10F0
100
AcDbEntity
  8
0
100
AcDbLine
 10
0.2146770000000001
 20
0.613614645639
 30
0.0
 11
0.2144427791039999
 21
0.6150057013260003
 31
0.0
  0
LINE
  5
F15
330
10F0
100
AcDbEntity
  8
0
100
AcDbLine
 10
0.2144427791039999
 20
0.6150057013260003
 30
0.0
 11
0.2126901027240001
 21
0.620169998562
 31
0.0
  0
LINE
  5
F16
330
10F0
100
AcDbEntity
  8
0
100
AcDbLine
 10
0.2126901027240001
 20
0.620169998562
 30
0.0
 11
0.2074559301090002
 21
0.6325807429079997
 31
0.0
  0
LINE
  5
F17
330
10F0
100
AcDbEntity
  8
0
100
AcDbLine
 10
0.2074559301090002
 20
0.6325807429079997
 30
0.0
 11
0.1916048911500001
 21
0.665671967991
 31
0.0
  0
LINE
  5
F18
330
10F0
100
AcDbEntity
  8
0
100
AcDbLine
 10
0.1916048911500001
 20
0.665671967991
 30
0.0
 11
0.1805484183660001
 21
0.686398421655
 31
0.0
  0
LINE
  5
F19
330
10F0
100
AcDbEntity
  8
0
100
AcDbLine
 10
0.1805484183660001
 20
0.686398421655
 30
0.0
 11
0.1767219661349999
 21
0.6930892694339998
 31
0.0
  0
LINE
  5
F1A
330
10F0
100
AcDbEntity
  8
0
100
AcDbLine
 10
0.1767219661349999
 20
0.6930892694339998
 30
0.0
 11
0.1697639950169999
 21
0.7050074126850001
 31
0.0
  0
LINE
  5
F1B
330
10F0
100
AcDbEntity
  8
0
100
AcDbLine
 10
0.1697639950169999
 20
0.7050074126850001
 30
0.0
 11
0.1609615598580001
 21
0.7193749619159998
 31
0.0
  0
LINE
  5
F1C
330
10F0
100
AcDbEntity
  8
0
100
AcDbLine
 10
0.1609615598580001
 20
0.7193749619159998
 30
0.0
 11
0.151988221827
 21
0.7323981121890004
 31
0.0
  0
LINE
  5
F1D
330
10F0
100
AcDbEntity
  8
0
100
AcDbLine
 10
0.151988221827
 20
0.7323981121890004
 30
0.0
 11
0.1457707691519999
 21
0.7389950307479998
 31
0.0
  0
LINE
  5
F1E
330
10F0
100
AcDbEntity
  8
0
100
AcDbLine
 10
0.1457707691519999
 20
0.7389950307479998
 30
0.0
 11
0.143558419635
 21
0.7400826008190006
 31
0.0
  0
LINE
  5
F1F
330
10F0
100
AcDbEntity
  8
0
100
AcDbLine
 10
0.143558419635
 20
0.7400826008190006
 30
0.0
 11
0.1141082752050001
 21
0.7452454845240001
 31
0.0
  0
LINE
  5
F20
330
10F0
100
AcDbEntity
  8
0
100
AcDbLine
 10
0.1141082752050001
 20
0.7452454845240001
 30
0.0
 11
0.06789111012
 21
0.7502088392280005
 31
0.0
  0
LINE
  5
F21
330
10F0
100
AcDbEntity
  8
0
100
AcDbLine
 10
0.06789111012
 20
0.7502088392280005
 30
0.0
 11
0.0327457455299999
 21
0.7519447420469998
 31
0.0
  0
LINE
  5
F22
330
10F0
100
AcDbEntity
  8
0
100
AcDbLine
 10
0.0327457455299999
 20
0.7519447420469998
 30
0.0
 11
0.0131085000000001
 21
0.7524130460579997
 31
0.0
  0
LINE
  5
F23
330
10F0
100
AcDbEntity
  8
0
100
AcDbLine
 10
0.0131085000000001
 20
0.7524130460579997
 30
0.0
 11
0.001561698657
 21
0.7525668130560002
 31
0.0
  0
LINE
  5
F24
330
10F0
100
AcDbEntity
  8
0
100
AcDbLine
 10
0.001561698657
 20
0.7525668130560002
 30
0.0
 11
-0.019868979213
 21
0.752598004293
 31
0.0
  0
LINE
  5
F25
330
10F0
100
AcDbEntity
  8
0
100
AcDbLine
 10
-0.019868979213
 20
0.752598004293
 30
0.0
 11
-0.0389552895539999
 21
0.7522699834530003
 31
0.0
  0
LINE
  5
F26
330
10F0
100
AcDbEntity
  8
0
100
AcDbLine
 10
-0.0389552895539999
 20
0.7522699834530003
 30
0.0
 11
-0.055544671377
 21
0.7515938376539999
 31
0.0
  0
LINE
  5
F27
330
10F0
100
AcDbEntity
  8
0
100
AcDbLine
 10
-0.055544671377
 20
0.7515938376539999
 30
0.0
 11
-0.069484565394
 21
0.7505806540139999
 31
0.0
  0
LINE
  5
F28
330
10F0
100
AcDbEntity
  8
0
100
AcDbLine
 10
-0.069484565394
 20
0.7505806540139999
 30
0.0
 11
-0.080622405513
 21
0.7492415230530004
 31
0.0
  0
LINE
  5
F29
330
10F0
100
AcDbEntity
  8
0
100
AcDbLine
 10
-0.080622405513
 20
0.7492415230530004
 30
0.0
 11
-0.088805634147
 21
0.747587531889
 31
0.0
  0
LINE
  5
F2A
330
10F0
100
AcDbEntity
  8
0
100
AcDbLine
 10
-0.088805634147
 20
0.747587531889
 30
0.0
 11
-0.0938816869050001
 21
0.7456297693409998
 31
0.0
  0
LINE
  5
F2B
330
10F0
100
AcDbEntity
  8
0
100
AcDbLine
 10
-0.0938816869050001
 20
0.7456297693409998
 30
0.0
 11
-0.0952068475529998
 21
0.7445404387349999
 31
0.0
  0
LINE
  5
F2C
330
10F0
100
AcDbEntity
  8
0
100
AcDbLine
 10
-0.0952068475529998
 20
0.7445404387349999
 30
0.0
 11
-0.09703846224
 21
0.7410387958560004
 31
0.0
  0
LINE
  5
F2D
330
10F0
100
AcDbEntity
  8
0
100
AcDbLine
 10
-0.09703846224
 20
0.7410387958560004
 30
0.0
 11
-0.0969457747500001
 21
0.7377401196990001
 31
0.0
  0
LINE
  5
F2E
330
10F0
100
AcDbEntity
  8
0
100
AcDbLine
 10
-0.0969457747500001
 20
0.7377401196990001
 30
0.0
 11
-0.0963246801149999
 21
0.7367904667080001
 31
0.0
  0
LINE
  5
F2F
330
10F0
100
AcDbEntity
  8
0
100
AcDbLine
 10
-0.0963246801149999
 20
0.7367904667080001
 30
0.0
 11
-0.093073825872
 21
0.733358306277
 31
0.0
  0
LINE
  5
F30
330
10F0
100
AcDbEntity
  8
0
100
AcDbLine
 10
-0.093073825872
 20
0.733358306277
 30
0.0
 11
-0.084400579962
 21
0.7255090332720003
 31
0.0
  0
LINE
  5
F31
330
10F0
100
AcDbEntity
  8
0
100
AcDbLine
 10
-0.084400579962
 20
0.7255090332720003
 30
0.0
 11
-0.077039641944
 21
0.719355243924
 31
0.0
  0
LINE
  5
F32
330
10F0
100
AcDbEntity
  8
0
100
AcDbLine
 10
-0.077039641944
 20
0.719355243924
 30
0.0
 11
-0.0589303111589998
 21
0.7041265855560002
 31
0.0
  0
LINE
  5
F33
330
10F0
100
AcDbEntity
  8
0
100
AcDbLine
 10
-0.0589303111589998
 20
0.7041265855560002
 30
0.0
 11
-0.0239002335449999
 21
0.6717357778409998
 31
0.0
  0
LINE
  5
F34
330
10F0
100
AcDbEntity
  8
0
100
AcDbLine
 10
-0.0239002335449999
 20
0.6717357778409998
 30
0.0
 11
-0.008267142015
 21
0.6557642672580002
 31
0.0
  0
LINE
  5
F35
330
10F0
100
AcDbEntity
  8
0
100
AcDbLine
 10
-0.008267142015
 20
0.6557642672580002
 30
0.0
 11
0.0072025463520001
 21
0.6393302343630002
 31
0.0
  0
LINE
  5
F36
330
10F0
100
AcDbEntity
  8
0
100
AcDbLine
 10
0.0072025463520001
 20
0.6393302343630002
 30
0.0
 11
0.0220625231759999
 21
0.6383532820230001
 31
0.0
  0
LINE
  5
F37
330
10F0
100
AcDbEntity
  8
0
100
AcDbLine
 10
0.0220625231759999
 20
0.6383532820230001
 30
0.0
 11
0.047106111438
 21
0.6364434366450001
 31
0.0
  0
LINE
  5
F38
330
10F0
100
AcDbEntity
  8
0
100
AcDbLine
 10
0.047106111438
 20
0.6364434366450001
 30
0.0
 11
0.0932315858189999
 21
0.631267181379
 31
0.0
  0
LINE
  5
F39
330
10F0
100
AcDbEntity
  8
0
100
AcDbLine
 10
0.0932315858189999
 20
0.631267181379
 30
0.0
 11
0.1348501705469999
 21
0.6241495663079999
 31
0.0
  0
LINE
  5
F3A
330
10F0
100
AcDbEntity
  8
0
100
AcDbLine
 10
0.1348501705469999
 20
0.6241495663079999
 30
0.0
 11
0.172892321127
 21
0.6149314662840003
 31
0.0
  0
LINE
  5
F3B
330
10F0
100
AcDbEntity
  8
0
100
AcDbLine
 10
0.172892321127
 20
0.6149314662840003
 30
0.0
 11
0.1908629999999999
 21
0.6094850054669998
 31
0.0
  0
LINE
  5
F3C
330
10F0
100
AcDbEntity
  8
0
100
AcDbLine
 10
0.1908629999999999
 20
0.6094850054669998
 30
0.0
 11
0.1960828774110002
 21
0.6078231539820003
 31
0.0
  0
LINE
  5
F3D
330
10F0
100
AcDbEntity
  8
0
100
AcDbLine
 10
0.1960828774110002
 20
0.6078231539820003
 30
0.0
 11
0.2034650098890001
 21
0.6058030718969999
 31
0.0
  0
LINE
  5
F3E
330
10F0
100
AcDbEntity
  8
0
100
AcDbLine
 10
0.2034650098890001
 20
0.6058030718969999
 30
0.0
 11
0.2094397962030002
 21
0.6058148683320002
 31
0.0
  0
LINE
  5
F3F
330
10F0
100
AcDbEntity
  8
0
100
AcDbLine
 10
0.2094397962030002
 20
0.6058148683320002
 30
0.0
 11
0.2120039992710002
 21
0.6076818008819999
 31
0.0
  0
ENDBLK
  5
10F2
330
10F0
100
AcDbEntity
  8
0
100
AcDbBlockEnd
  0
BLOCK
  5
10F4
330
10F3
100
AcDbEntity
  8
0
100
AcDbBlockBegin
  2
NeutrikXLR
 70
     0
 10
0.0
 20
0.0
 30
0.0
  3
NeutrikXLR
  1

  0
CIRCLE
  5
53
330
10F3
100
AcDbEntity
  8
0
100
AcDbCircle
 10
-0.6999999999999997
 20
0.5700000000000001
 30
0.0
 40
0.4725
  0
CIRCLE
  5
54
330
10F3
100
AcDbEntity
  8
0
100
AcDbCircle
 10
-0.3259999999999996
 20
1.0425
 30
0.0
 40
0.067
  0
CIRCLE
  5
55
330
10F3
100
AcDbEntity
  8
0
100
AcDbCircle
 10
-1.074
 20
0.0975
 30
0.0
 40
0.067
  0
ENDBLK
  5
10F5
330
10F3
100
AcDbEntity
  8
0
100
AcDbBlockEnd
  0
ENDSEC
  0
SECTION
  2
ENTITIES
  0
LINE
  5
44
330
103E
100
AcDbEntity
  8
0
100
AcDbLine
 10
3.09
 20
0.08
 30
0.0
 11
10.55
 21
0.08
 31
0.0
  0
LINE
  5
45
330
103E
100
AcDbEntity
  8
0
100
AcDbLine
 10
46.82260650447631
 20
-0.4517775372127709
 30
0.0
 11
46.82260650447631
 21
-0.4517775372127709
 31
0.0
  0
LINE
  5
46
330
103E
100
AcDbEntity
  8
0
100
AcDbLine
 10
10.55
 20
1.66
 30
0.0
 11
10.55
 21
0.08
 31
0.0
  0
LINE
  5
1012
330
103E
100
AcDbEntity
  8
BEND
100
AcDbLine
 10
9.35
 20
1.46
 30
0.0
 11
9.35
 21
0.08
 31
0.0
  0
LINE
  5
1013
330
103E
100
AcDbEntity
  8
BEND
100
AcDbLine
 10
1.35
 20
1.46
 30
0.0
 11
1.35
 21
0.6
 31
0.0
  0
LINE
  5
1017
330
103E
100
AcDbEntity
  8
0
100
AcDbLine
 10
10.55
 20
1.66
 30
0.0
 11
9.35
 21
1.66
 31
0.0
  0
LINE
  5
101D
330
103E
100
AcDbEntity
  8
0
100
AcDbLine
 10
3.09
 20
0.6
 30
0.0
 11
3.09
 21
0.08
 31
0.0
  0
LINE
  5
47
330
103E
100
AcDbEntity
  8
0
100
AcDbLine
 10
47.47536520366649
 20
14.86407615954443
 30
0.0
 11
47.47536520366649
 21
14.86407615954443
 31
0.0
  0
LINE
  5
48
330
103E
100
AcDbEntity
  8
0
100
AcDbLine
 10
1.35
 20
1.66
 30
0.0
 11
0.15
 21
1.66
 31
0.0
  0
LINE
  5
1015
330
103E
100
AcDbEntity
  8
0
100
AcDbLine
 10
9.35
 20
1.46
 30
0.0
 11
1.35
 21
1.460000000000001
 31
0.0
  0
LINE
  5
49
330
103E
100
AcDbEntity
  8
0
100
AcDbLine
 10
0.8936072729494656
 20
15.91204776784145
 30
0.0
 11
0.8936072729494656
 21
15.91204776784145
 31
0.0
  0
LINE
  5
4A
330
103E
100
AcDbEntity
  8
0
100
AcDbLine
 10
0.15
 20
1.66
 30
0.0
 11
0.15
 21
0.08
 31
0.0
  0
CIRCLE
  5
4B
330
103E
100
AcDbEntity
  8
0
100
AcDbCircle
 10
0.35
 20
0.18
 30
0.0
 40
0.06
  0
CIRCLE
  5
4C
330
103E
100
AcDbEntity
  8
0
100
AcDbCircle
 10
0.35
 20
1.56
 30
0.0
 40
0.06
  0
CIRCLE
  5
1014
330
103E
100
AcDbEntity
  8
0
100
AcDbCircle
 10
3.956
 20
0.82
 30
0.0
 40
0.069
  0
CIRCLE
  5
101A
330
103E
100
AcDbEntity
  8
0
100
AcDbCircle
 10
3.346
 20
1.185
 30
0.0
 40
0.069
  0
CIRCLE
  5
101B
330
103E
100
AcDbEntity
  8
0
100
AcDbCircle
 10
8.563
 20
0.477
 30
0.0
 40
0.069
  0
CIRCLE
  5
101C
330
103E
100
AcDbEntity
  8
0
100
AcDbCircle
 10
8.563
 20
1.186
 30
0.0
 40
0.069
  0
CIRCLE
  5
4D
330
103E
100
AcDbEntity
  8
0
100
AcDbCircle
 10
10.35
 20
0.18
 30
0.0
 40
0.06
  0
CIRCLE
  5
52
330
103E
100
AcDbEntity
  8
0
100
AcDbCircle
 10
10.35
 20
1.56
 30
0.0
 40
0.06
  0
LINE
  5
1016
330
103E
100
AcDbEntity
  8
0
100
AcDbLine
 10
1.35
 20
1.66
 30
0.0
 11
1.35
 21
1.46
 31
0.0
  0
LINE
  5
1018
330
103E
100
AcDbEntity
  8
0
100
AcDbLine
 10
9.35
 20
1.66
 30
0.0
 11
9.35
 21
1.46
 31
0.0
  0
LINE
  5
101E
330
103E
100
AcDbEntity
  8
0
100
AcDbLine
 10
0.15
 20
0.08
 30
0.0
 11
1.35
 21
0.08
 31
0.0
  0
LINE
  5
101F
330
103E
100
AcDbEntity
  8
0
100
AcDbLine
 10
1.35
 20
0.6
 30
0.0
 11
1.35
 21
0.08
 31
0.0
  0
LINE
  5
1020
330
103E
100
AcDbEntity
  8
0
100
AcDbLine
 10
1.35
 20
0.6
 30
0.0
 11
3.09
 21
0.6
 31
0.0
  0
VIEWPORT
  5
10EE
330
103A
100
AcDbEntity
 67
     1
  8
0
100
AcDbViewport
 10
5.25
 20
4.0
 30
0.0
 40
11.638
 41
8.993
 68
     1
 69
     1
 12
5.25
 22
4.0
 13
0.0
 23
0.0
 14
0.5
 24
0.5
 15
0.5
 25
0.5
 16
0.0
 26
0.0
 36
1.0
 17
0.0
 27
0.0
 37
0.0
 42
50.0
 43
0.0
 44
0.0
 45
8.993
 50
0.0
 51
0.0
 72
   100
 90
   557152
  1

281
     0
 71
     1
 74
     0
110
0.0
120
0.0
130
0.0
111
1.0
121
0.0
131
0.0
112
0.0
122
1.0
132
0.0
 79
     0
146
0.0
170
     0
 61
     5
348
104E
292
     1
282
     1
141
0.0
142
0.0
 63
   256
361
10EF
  0
ENDSEC
  0
SECTION
  2
OBJECTS
  0
DICTIONARY
  5
102C
330
0
100
AcDbDictionary
281
     1
  3
ACAD_DETAILVIEWSTYLE
350
10FD
  3
ACAD_GROUP
350
102D
  3
ACAD_IMAGE_VARS
350
10B6
  3
ACAD_LAYOUT
350
1039
  3
ACAD_MATERIAL
350
1062
  3
ACAD_MLEADERSTYLE
350
107A
  3
ACAD_MLINESTYLE
350
1036
  3
ACAD_PLOTSETTINGS
350
1038
  3
ACAD_PLOTSTYLENAME
350
102E
  3
ACAD_SCALELIST
350
1066
  3
ACAD_SECTIONVIEWSTYLE
350
10FE
  3
ACAD_TABLESTYLE
350
1078
  3
ACAD_VISUALSTYLE
350
1049
  3
AcDbVariableDictionary
350
10F6
  3
ACDB_RECOMPOSE_DATA
350
10FA
  3
QCAD_OBJECTS
350
107E
  0
SUN
  5
107C
330
1048
100
AcDbSun
 90
        1
290
     0
 63
     7
421
 16777215
 40
1.0
291
     1
 91
  2455826
 92
 54000000
292
     0
 70
     2
 71
   256
280
     1
  0
SUN
  5
10EF
330
10EE
100
AcDbSun
 90
        1
290
     0
 63
     7
421
 16777215
 40
1.0
291
     1
 91
  2455826
 92
 54000000
292
     0
 70
     2
 71
   256
280
     1
  0
DICTIONARY
  5
10FD
102
{ACAD_REACTORS
330
102C
102
}
330
102C
100
AcDbDictionary
281
     1
  0
DICTIONARY
  5
102D
102
{ACAD_REACTORS
330
102C
102
}
330
102C
100
AcDbDictionary
281
     1
  0
RASTERVARIABLES
  5
10B6
102
{ACAD_REACTORS
330
102C
102
}
330
102C
100
AcDbRasterVariables
 90
        0
 70
     1
 71
     1
 72
     5
  0
DICTIONARY
  5
1039
102
{ACAD_REACTORS
330
102C
102
}
330
102C
100
AcDbDictionary
281
     1
  3
Layout1
350
103D
  3
Model
350
1041
  0
DICTIONARY
  5
1062
102
{ACAD_REACTORS
330
102C
102
}
330
102C
100
AcDbDictionary
281
     1
  3
ByBlock
350
1064
  3
ByLayer
350
1063
  3
Global
350
1065
  0
DICTIONARY
  5
107A
102
{ACAD_REACTORS
330
102C
102
}
330
102C
100
AcDbDictionary
281
     1
  3
Standard
350
107B
  0
DICTIONARY
  5
1036
102
{ACAD_REACTORS
330
102C
102
}
330
102C
100
AcDbDictionary
281
     1
  3
Standard
350
1037
  0
DICTIONARY
  5
1038
102
{ACAD_REACTORS
330
102C
102
}
330
102C
100
AcDbDictionary
281
     1
  0
ACDBDICTIONARYWDFLT
  5
102E
102
{ACAD_REACTORS
330
102C
102
}
330
102C
100
AcDbDictionary
281
     1
  3
Normal
350
102F
100
AcDbDictionaryWithDefault
340
102F
  0
DICTIONARY
  5
1066
102
{ACAD_REACTORS
330
102C
102
}
330
102C
100
AcDbDictionary
281
     1
  3
A0
350
1067
  3
A1
350
1068
  3
A2
350
1069
  3
A3
350
106A
  3
A4
350
106B
  3
A5
350
106C
  3
A6
350
106D
  3
A7
350
106E
  3
A8
350
106F
  3
A9
350
1070
  3
B1
350
1071
  3
B2
350
1072
  3
B3
350
1073
  3
B4
350
1074
  3
B5
350
1075
  3
B6
350
1076
  3
B7
350
1077
  0
DICTIONARY
  5
10FE
102
{ACAD_REACTORS
330
102C
102
}
330
102C
100
AcDbDictionary
281
     1
  0
DICTIONARY
  5
1078
102
{ACAD_REACTORS
330
102C
102
}
330
102C
100
AcDbDictionary
281
     1
  3
Standard
350
1079
  0
DICTIONARY
  5
1049
102
{ACAD_REACTORS
330
102C
102
}
330
102C
100
AcDbDictionary
281
     1
  3
2dWireframe
350
104E
  3
Basic
350
1051
  3
Brighten
350
1055
  3
ColorChange
350
1059
  3
Conceptual
350
1053
  3
Dim
350
1054
  3
EdgeColorOff
350
105C
  3
Facepattern
350
1058
  3
Flat
350
104A
  3
FlatWithEdges
350
104B
  3
Gouraud
350
104C
  3
GouraudWithEdges
350
104D
  3
Hidden
350
1050
  3
JitterOff
350
105A
  3
Linepattern
350
1057
  3
OverhangOff
350
105B
  3
Realistic
350
1052
  3
Shaded
350
1061
  3
Shaded with edges
350
1060
  3
Shades of Gray
350
105D
  3
Sketchy
350
105E
  3
Thicken
350
1056
  3
Wireframe
350
104F
  3
X-Ray
350
105F
  0
DICTIONARY
  5
10F6
102
{ACAD_REACTORS
330
102C
102
}
330
102C
100
AcDbDictionary
281
     1
  3
CANNOSCALE
350
10F7
  3
CMLEADERSTYLE
350
10FC
  3
CTABLESTYLE
350
10FB
  0
XRECORD
  5
10FA
102
{ACAD_REACTORS
330
102C
102
}
330
102C
100
AcDbXrecord
280
     1
 90
        1
330
1079
  0
DICTIONARY
  5
107E
102
{ACAD_REACTORS
330
102C
102
}
330
102C
100
AcDbDictionary
281
     1
  3
ColorSettings/BackgroundColor
350
1080
  3
ColorSettings/ColorMode
350
1081
  3
Grid/DisplayGrid00
350
1082
  3
Grid/DisplayGrid01
350
1083
  3
Grid/DisplayGrid02
350
1084
  3
Grid/DisplayGrid03
350
1085
  3
Grid/GridSpacingX00
350
1086
  3
Grid/GridSpacingX01
350
1087
  3
Grid/GridSpacingX02
350
1088
  3
Grid/GridSpacingX03
350
1089
  3
Grid/GridSpacingY00
350
108A
  3
Grid/GridSpacingY01
350
108B
  3
Grid/GridSpacingY02
350
108C
  3
Grid/GridSpacingY03
350
108D
  3
Grid/IsometricGrid00
350
108E
  3
Grid/IsometricGrid01
350
108F
  3
Grid/IsometricGrid02
350
1090
  3
Grid/IsometricGrid03
350
1091
  3
Grid/IsometricProjection00
350
1092
  3
Grid/IsometricProjection01
350
1093
  3
Grid/IsometricProjection02
350
1094
  3
Grid/IsometricProjection03
350
1095
  3
Grid/MetaGridSpacingX00
350
1096
  3
Grid/MetaGridSpacingX01
350
1097
  3
Grid/MetaGridSpacingX02
350
1098
  3
Grid/MetaGridSpacingX03
350
1099
  3
Grid/MetaGridSpacingY00
350
109A
  3
Grid/MetaGridSpacingY01
350
109B
  3
Grid/MetaGridSpacingY02
350
109C
  3
Grid/MetaGridSpacingY03
350
109D
  3
MultiPageSettings/Columns
350
109E
  3
MultiPageSettings/GlueMarginsBottom
350
109F
  3
MultiPageSettings/GlueMarginsLeft
350
10A0
  3
MultiPageSettings/GlueMarginsRight
350
10A1
  3
MultiPageSettings/GlueMarginsTop
350
10A2
  3
MultiPageSettings/PrintCropMarks
350
10A3
  3
MultiPageSettings/Rows
350
10A4
  3
PageSettings/OffsetX
350
10A5
  3
PageSettings/OffsetY
350
10A6
  3
PageSettings/PageOrientation
350
10A7
  3
PageSettings/PaperHeight
350
10A8
  3
PageSettings/PaperWidth
350
10A9
  3
PageSettings/Scale
350
10AA
  3
PageSettings/ShowPaperBorders
350
10AB
  3
PageTagSettings/EnablePageTags
350
10AC
  3
PageTagSettings/TagAlignment
350
10AD
  3
PageTagSettings/TagFont
350
10AE
  3
PageTagSettings/TagPosition
350
10AF
  3
QCADVersion
350
10B0
  3
UnitSettings/Measurement
350
10B1
  3
UnitSettings/PaperUnit
350
10B2
  3
ViewportCenter
350
10B3
  3
ViewportHeight
350
10B4
  3
ViewportWidth
350
10B5
  0
LAYOUT
  5
103D
102
{ACAD_REACTORS
330
1039
102
}
330
1039
100
AcDbPlotSettings
  1

  2
none_device
  4
Letter_(8.50_x_11.00_Inches)
  6

 40
6.35
 41
6.35
 42
6.35001
 43
6.35001
 44
215.9
 45
279.4
 46
0.0
 47
0.0
 48
0.0
 49
0.0
140
0.0
141
0.0
142
1.0
143
1.0
 70
   688
 72
     0
 73
     1
 74
     5
  7

 75
     0
 76
     0
 77
     2
 78
   300
147
1.0
148
0.0
149
0.0
100
AcDbLayout
  1
Layout1
 70
     1
 71
     0
 10
-0.25
 20
-0.25
 11
10.75
 21
8.25
 12
0.0
 22
0.0
 32
0.0
 14
0.0
 24
0.0
 34
0.0
 15
0.0
 25
0.0
 35
0.0
146
0.0
 13
0.0
 23
0.0
 33
0.0
 16
1.0
 26
0.0
 36
0.0
 17
0.0
 27
1.0
 37
0.0
 76
     0
330
103A
331
10EE
  0
LAYOUT
  5
1041
102
{ACAD_REACTORS
330
1039
102
}
330
1039
100
AcDbPlotSettings
  1

  2
none_device
  4
Letter_(8.50_x_11.00_Inches)
  6

 40
6.35
 41
6.35
 42
6.35000508
 43
6.35000508
 44
215.9
 45
279.4
 46
0.0
 47
0.0
 48
0.0
 49
0.0
140
0.0
141
0.0
142
1.0
143
1.0
 70
  1712
 72
     0
 73
     0
 74
     0
  7

 75
     0
 76
     0
 77
     2
 78
   300
147
1.0
148
0.0
149
0.0
100
AcDbLayout
  1
Model
 70
     1
 71
     0
 10
0.0
 20
0.0
 11
12.0
 21
9.0
 12
0.0
 22
0.0
 32
0.0
 14
0.15
 24
-0.4517775372127709
 34
0.0
 15
47.47536520366649
 25
15.91204776784145
 35
0.0
146
0.0
 13
0.0
 23
0.0
 33
0.0
 16
1.0
 26
0.0
 36
0.0
 17
0.0
 27
1.0
 37
0.0
 76
     0
330
103E
331
1048
  0
MATERIAL
  5
1064
102
{ACAD_REACTORS
330
1062
102
}
330
1062
100
AcDbMaterial
  1
ByBlock
 72
     1
 94
      127
  0
MATERIAL
  5
1063
102
{ACAD_REACTORS
330
1062
102
}
330
1062
100
AcDbMaterial
  1
ByLayer
 72
     1
 94
      127
  0
MATERIAL
  5
1065
102
{ACAD_REACTORS
330
1062
102
}
330
1062
100
AcDbMaterial
  1
Global
 72
     1
 94
      127
  0
MLEADERSTYLE
  5
107B
102
{ACAD_REACTORS
330
107A
102
}
330
107A
100
AcDbMLeaderStyle
179
     2
170
     2
171
     1
172
     0
 90
        2
 40
0.0
 41
0.0
173
     1
 91
-1056964608
340
1033
 92
       -2
290
     1
 42
0.09
291
     1
 43
0.36
  3
Standard
341
0
 44
0.18
300

342
1031
174
     1
178
     6
175
     1
176
     0
 93
-1056964608
 45
0.18
292
     0
297
     0
 46
0.18
343
0
 94
-1056964608
 47
1.0
 49
1.0
140
1.0
293
     1
141
0.0
294
     1
177
     0
142
1.0
295
     0
296
     0
143
0.125
271
     0
272
     9
273
     9
298
     0
  0
MLINESTYLE
  5
1037
102
{ACAD_REACTORS
330
1036
102
}
330
1036
100
AcDbMlineStyle
  2
Standard
 70
     0
  3

 62
   256
 51
90.0
 52
90.0
 71
     2
 49
0.5
 62
   256
  6
BYLAYER
 49
-0.5
 62
   256
  6
BYLAYER
  0
ACDBPLACEHOLDER
  5
102F
102
{ACAD_REACTORS
330
102E
102
}
330
102E
  0
SCALE
  5
1067
102
{ACAD_REACTORS
330
1066
102
}
330
1066
100
AcDbScale
 70
     0
300
1:1
140
1.0
141
1.0
290
     1
  0
SCALE
  5
1068
102
{ACAD_REACTORS
330
1066
102
}
330
1066
100
AcDbScale
 70
     0
300
1/128" = 1'-0"
140
0.0078125
141
12.0
290
     0
  0
SCALE
  5
1069
102
{ACAD_REACTORS
330
1066
102
}
330
1066
100
AcDbScale
 70
     0
300
1/64" = 1'-0"
140
0.015625
141
12.0
290
     0
  0
SCALE
  5
106A
102
{ACAD_REACTORS
330
1066
102
}
330
1066
100
AcDbScale
 70
     0
300
1/32" = 1'-0"
140
0.03125
141
12.0
290
     0
  0
SCALE
  5
106B
102
{ACAD_REACTORS
330
1066
102
}
330
1066
100
AcDbScale
 70
     0
300
1/16" = 1'-0"
140
0.0625
141
12.0
290
     0
  0
SCALE
  5
106C
102
{ACAD_REACTORS
330
1066
102
}
330
1066
100
AcDbScale
 70
     0
300
3/32" = 1'-0"
140
0.09375
141
12.0
290
     0
  0
SCALE
  5
106D
102
{ACAD_REACTORS
330
1066
102
}
330
1066
100
AcDbScale
 70
     0
300
1/8" = 1'-0"
140
0.125
141
12.0
290
     0
  0
SCALE
  5
106E
102
{ACAD_REACTORS
330
1066
102
}
330
1066
100
AcDbScale
 70
     0
300
3/16" = 1'-0"
140
0.1875
141
12.0
290
     0
  0
SCALE
  5
106F
102
{ACAD_REACTORS
330
1066
102
}
330
1066
100
AcDbScale
 70
     0
300
1/4" = 1'-0"
140
0.25
141
12.0
290
     0
  0
SCALE
  5
1070
102
{ACAD_REACTORS
330
1066
102
}
330
1066
100
AcDbScale
 70
     0
300
3/8" = 1'-0"
140
0.375
141
12.0
290
     0
  0
SCALE
  5
1071
102
{ACAD_REACTORS
330
1066
102
}
330
1066
100
AcDbScale
 70
     0
300
1/2" = 1'-0"
140
0.5
141
12.0
290
     0
  0
SCALE
  5
1072
102
{ACAD_REACTORS
330
1066
102
}
330
1066
100
AcDbScale
 70
     0
300
3/4" = 1'-0"
140
0.75
141
12.0
290
     0
  0
SCALE
  5
1073
102
{ACAD_REACTORS
330
1066
102
}
330
1066
100
AcDbScale
 70
     0
300
1" = 1'-0"
140
1.0
141
12.0
290
     0
  0
SCALE
  5
1074
102
{ACAD_REACTORS
330
1066
102
}
330
1066
100
AcDbScale
 70
     0
300
1-1/2" = 1'-0"
140
1.5
141
12.0
290
     0
  0
SCALE
  5
1075
102
{ACAD_REACTORS
330
1066
102
}
330
1066
100
AcDbScale
 70
     0
300
3" = 1'-0"
140
3.0
141
12.0
290
     0
  0
SCALE
  5
1076
102
{ACAD_REACTORS
330
1066
102
}
330
1066
100
AcDbScale
 70
     0
300
6" = 1'-0"
140
6.0
141
12.0
290
     0
  0
SCALE
  5
1077
102
{ACAD_REACTORS
330
1066
102
}
330
1066
100
AcDbScale
 70
     0
300
1'-0" = 1'-0"
140
12.0
141
12.0
290
     0
  0
TABLESTYLE
  5
1079
102
{ACAD_REACTORS
330
1078
102
}
102
{ACAD_XDICTIONARY
360
10F8
102
}
330
1078
100
AcDbTableStyle
  3
Standard
 70
     0
 71
     0
 40
0.06
 41
0.06
280
     0
281
     0
  7
Standard
140
0.18
170
     2
 62
     0
 63
   257
283
     0
 90
        4
 91
        0
  1

274
    -2
284
     1
 64
     0
275
    -2
285
     1
 65
     0
276
    -2
286
     1
 66
     0
277
    -2
287
     1
 67
     0
278
    -2
288
     1
 68
     0
279
    -2
289
     1
 69
     0
  7
Standard
140
0.25
170
     5
 62
     0
 63
   257
283
     0
 90
        4
 91
        0
  1

274
    -2
284
     1
 64
     0
275
    -2
285
     1
 65
     0
276
    -2
286
     1
 66
     0
277
    -2
287
     1
 67
     0
278
    -2
288
     1
 68
     0
279
    -2
289
     1
 69
     0
  7
Standard
140
0.18
170
     5
 62
     0
 63
   257
283
     0
 90
        4
 91
        0
  1

274
    -2
284
     1
 64
     0
275
    -2
285
     1
 65
     0
276
    -2
286
     1
 66
     0
277
    -2
287
     1
 67
     0
278
    -2
288
     1
 68
     0
279
    -2
289
     1
 69
     0
  0
VISUALSTYLE
  5
104E
102
{ACAD_REACTORS
330
1049
102
}
330
1049
100
AcDbVisualStyle
  2
2dWireframe
 70
     4
177
     3
291
     0
 70
    58
 90
        0
176
     1
 90
        2
176
     1
 90
        0
176
     1
 90
        0
176
     1
 40
0.6
176
     1
 40
30.0
176
     1
 62
     7
420
 16777215
176
     1
 90
        1
176
     1
 90
        4
176
     1
 62
     7
176
     1
 62
   257
176
     1
 90
        1
176
     1
 90
        1
176
     1
 40
1.0
176
     1
 90
        0
176
     1
 62
   257
176
     1
 40
1.0
176
     1
 90
        1
176
     1
 90
        6
176
     1
 90
        2
176
     1
 62
     7
176
     1
 90
        5
176
     1
 90
        0
176
     1
 90
        0
176
     1
290
     0
176
     1
 90
        1
176
     1
 40
0.0
176
     1
 90
        0
176
     1
290
     1
176
     1
290
     1
176
     1
290
     0
176
     1
290
     0
176
     1
290
     0
176
     1
290
     0
176
     1
290
     0
176
     1
290
     0
176
     1
290
     0
176
     1
 90
       50
176
     1
 40
0.0
176
     1
 40
1.0
176
     1
 90
        0
176
     1
 62
    18
420
        0
176
     1
 90
       50
176
     1
 90
        3
176
     1
 62
     5
420
      255
176
     1
290
     0
176
     1
 90
       50
176
     1
 90
       50
176
     1
 90
       50
176
     1
290
     0
176
     1
 90
       50
176
     1
 62
   256
176
     0
 40
1.0
176
     0
 90
        2
176
     1
  1
strokes_ogs.tif
176
     1
290
     0
176
     1
 40
1.0
176
     1
 40
1.0
176
     1
  0
VISUALSTYLE
  5
1051
102
{ACAD_REACTORS
330
1049
102
}
330
1049
100
AcDbVisualStyle
  2
Basic
 70
     7
177
     3
291
     1
 70
    58
 90
        1
176
     1
 90
        0
176
     1
 90
        1
176
     1
 90
        0
176
     1
 40
0.6
176
     1
 40
30.0
176
     1
 62
     7
420
 16777215
176
     1
 90
        0
176
     1
 90
        4
176
     1
 62
     7
176
     1
 62
   257
176
     1
 90
        1
176
     1
 90
        1
176
     1
 40
1.0
176
     1
 90
        8
176
     1
 62
     7
176
     1
 40
1.0
176
     1
 90
        1
176
     1
 90
        6
176
     1
 90
        2
176
     1
 62
     7
176
     1
 90
        5
176
     1
 90
        0
176
     1
 90
        0
176
     1
290
     0
176
     1
 90
        1
176
     1
 40
0.0
176
     1
 90
        0
176
     1
290
     0
176
     1
290
     1
176
     1
290
     1
176
     1
290
     0
176
     1
290
     0
176
     1
290
     0
176
     1
290
     0
176
     1
290
     0
176
     1
290
     0
176
     1
 90
       50
176
     1
 40
0.0
176
     1
 40
1.0
176
     1
 90
        0
176
     1
 62
    18
420
        0
176
     1
 90
       50
176
     1
 90
        3
176
     1
 62
     5
420
      255
176
     1
290
     0
176
     1
 90
       50
176
     1
 90
       50
176
     1
 90
       50
176
     1
290
     0
176
     1
 90
       50
176
     1
 62
   256
176
     0
 40
1.0
176
     0
 90
        2
176
     1
  1
strokes_ogs.tif
176
     1
290
     0
176
     1
 40
1.0
176
     1
 40
1.0
176
     1
  0
VISUALSTYLE
  5
1055
102
{ACAD_REACTORS
330
1049
102
}
330
1049
100
AcDbVisualStyle
  2
Brighten
 70
    12
177
     3
291
     1
 70
    58
 90
        2
176
     1
 90
        2
176
     1
 90
        0
176
     1
 90
        0
176
     1
 40
0.6
176
     1
 40
30.0
176
     1
 62
     7
420
 16777215
176
     1
 90
        1
176
     1
 90
        4
176
     1
 62
     7
176
     1
 62
   257
176
     1
 90
        1
176
     1
 90
        1
176
     1
 40
1.0
176
     1
 90
        8
176
     1
 62
     7
176
     1
 40
1.0
176
     1
 90
        1
176
     1
 90
        6
176
     1
 90
        2
176
     1
 62
     7
176
     1
 90
        5
176
     1
 90
        0
176
     1
 90
        0
176
     1
290
     0
176
     1
 90
        1
176
     1
 40
50.0
176
     1
 90
        0
176
     1
290
     0
176
     1
290
     1
176
     1
290
     1
176
     1
290
     0
176
     1
290
     0
176
     1
290
     0
176
     1
290
     0
176
     1
290
     0
176
     1
290
     0
176
     1
 90
       50
176
     1
 40
0.0
176
     1
 40
1.0
176
     1
 90
        0
176
     1
 62
    18
420
        0
176
     1
 90
       50
176
     1
 90
        3
176
     1
 62
     5
420
      255
176
     1
290
     0
176
     1
 90
       50
176
     1
 90
       50
176
     1
 90
       50
176
     1
290
     0
176
     1
 90
       50
176
     1
 62
   256
176
     0
 40
1.0
176
     0
 90
        2
176
     1
  1
strokes_ogs.tif
176
     1
290
     0
176
     1
 40
1.0
176
     1
 40
1.0
176
     1
  0
VISUALSTYLE
  5
1059
102
{ACAD_REACTORS
330
1049
102
}
330
1049
100
AcDbVisualStyle
  2
ColorChange
 70
    16
177
     3
291
     1
 70
    58
 90
        2
176
     1
 90
        2
176
     1
 90
        3
176
     1
 90
        0
176
     1
 40
0.6
176
     1
 40
30.0
176
     1
 62
     8
420
  8421504
176
     1
 90
        1
176
     1
 90
        4
176
     1
 62
     7
176
     1
 62
   257
176
     1
 90
        1
176
     1
 90
        1
176
     1
 40
1.0
176
     1
 90
        8
176
     1
 62
     8
420
  8421504
176
     1
 40
1.0
176
     1
 90
        1
176
     1
 90
        6
176
     1
 90
        2
176
     1
 62
     7
176
     1
 90
        5
176
     1
 90
        0
176
     1
 90
        0
176
     1
290
     0
176
     1
 90
        1
176
     1
 40
0.0
176
     1
 90
        0
176
     1
290
     0
176
     1
290
     1
176
     1
290
     1
176
     1
290
     0
176
     1
290
     0
176
     1
290
     0
176
     1
290
     0
176
     1
290
     0
176
     1
290
     0
176
     1
 90
       50
176
     1
 40
0.0
176
     1
 40
1.0
176
     1
 90
        0
176
     1
 62
    18
420
        0
176
     1
 90
       50
176
     1
 90
        3
176
     1
 62
     5
420
      255
176
     1
290
     0
176
     1
 90
       50
176
     1
 90
       50
176
     1
 90
       50
176
     1
290
     0
176
     1
 90
       50
176
     1
 62
   256
176
     0
 40
1.0
176
     0
 90
        2
176
     1
  1
strokes_ogs.tif
176
     1
290
     0
176
     1
 40
1.0
176
     1
 40
1.0
176
     1
  0
VISUALSTYLE
  5
1053
102
{ACAD_REACTORS
330
1049
102
}
330
1049
100
AcDbVisualStyle
  2
Conceptual
 70
     9
177
     3
291
     0
 70
    58
 90
        3
176
     1
 90
        2
176
     1
 90
        0
176
     1
 90
        0
176
     1
 40
0.6
176
     1
 40
30.0
176
     1
 62
     7
420
 16777215
176
     1
 90
        2
176
     1
 90
        2
176
     1
 62
     7
176
     1
 62
   257
176
     1
 90
        1
176
     1
 90
        1
176
     1
 40
179.0
176
     1
 90
        8
176
     1
 62
     7
176
     1
 40
1.0
176
     1
 90
        1
176
     1
 90
        6
176
     1
 90
        2
176
     1
 62
     7
176
     1
 90
        3
176
     1
 90
        0
176
     1
 90
        0
176
     1
290
     0
176
     1
 90
        1
176
     1
 40
0.0
176
     1
 90
        0
176
     1
290
     0
176
     1
290
     1
176
     1
290
     1
176
     1
290
     0
176
     1
290
     0
176
     1
290
     0
176
     1
290
     0
176
     1
290
     0
176
     1
290
     0
176
     1
 90
       50
176
     1
 40
0.0
176
     1
 40
1.0
176
     1
 90
        0
176
     1
 62
    18
420
        0
176
     1
 90
       50
176
     1
 90
        3
176
     1
 62
     5
420
      255
176
     1
290
     0
176
     1
 90
       50
176
     1
 90
       50
176
     1
 90
       50
176
     1
290
     0
176
     1
 90
       50
176
     1
 62
   256
176
     0
 40
1.0
176
     0
 90
        2
176
     1
  1
strokes_ogs.tif
176
     1
290
     0
176
     1
 40
1.0
176
     1
 40
1.0
176
     1
  0
VISUALSTYLE
  5
1054
102
{ACAD_REACTORS
330
1049
102
}
330
1049
100
AcDbVisualStyle
  2
Dim
 70
    11
177
     3
291
     1
 70
    58
 90
        2
176
     1
 90
        2
176
     1
 90
        0
176
     1
 90
        0
176
     1
 40
0.6
176
     1
 40
30.0
176
     1
 62
     7
420
 16777215
176
     1
 90
        1
176
     1
 90
        4
176
     1
 62
     7
176
     1
 62
   257
176
     1
 90
        1
176
     1
 90
        1
176
     1
 40
1.0
176
     1
 90
        8
176
     1
 62
     7
176
     1
 40
1.0
176
     1
 90
        1
176
     1
 90
        6
176
     1
 90
        2
176
     1
 62
     7
176
     1
 90
        5
176
     1
 90
        0
176
     1
 90
        0
176
     1
290
     0
176
     1
 90
        1
176
     1
 40
-50.0
176
     1
 90
        0
176
     1
290
     0
176
     1
290
     1
176
     1
290
     1
176
     1
290
     0
176
     1
290
     0
176
     1
290
     0
176
     1
290
     0
176
     1
290
     0
176
     1
290
     0
176
     1
 90
       50
176
     1
 40
0.0
176
     1
 40
1.0
176
     1
 90
        0
176
     1
 62
    18
420
        0
176
     1
 90
       50
176
     1
 90
        3
176
     1
 62
     5
420
      255
176
     1
290
     0
176
     1
 90
       50
176
     1
 90
       50
176
     1
 90
       50
176
     1
290
     0
176
     1
 90
       50
176
     1
 62
   256
176
     0
 40
1.0
176
     0
 90
        2
176
     1
  1
strokes_ogs.tif
176
     1
290
     0
176
     1
 40
1.0
176
     1
 40
1.0
176
     1
  0
VISUALSTYLE
  5
105C
102
{ACAD_REACTORS
330
1049
102
}
330
1049
100
AcDbVisualStyle
  2
EdgeColorOff
 70
    22
177
     3
291
     1
 70
    58
 90
        2
176
     0
 90
        2
176
     0
 90
        0
176
     0
 90
        0
176
     0
 40
0.6
176
     0
 40
30.0
176
     0
 62
     7
420
 16777215
176
     0
 90
        1
176
     0
 90
        4
176
     0
 62
     7
176
     0
 62
   257
176
     0
 90
        1
176
     0
 90
        1
176
     0
 40
1.0
176
     0
 90
        8
176
     2
 62
     7
176
     0
 40
1.0
176
     0
 90
        1
176
     0
 90
        6
176
     0
 90
        2
176
     0
 62
     7
176
     0
 90
        5
176
     0
 90
        0
176
     0
 90
        0
176
     0
290
     0
176
     0
 90
        1
176
     0
 40
0.0
176
     0
 90
        0
176
     0
290
     0
176
     0
290
     1
176
     0
290
     1
176
     0
290
     0
176
     0
290
     0
176
     0
290
     0
176
     0
290
     0
176
     0
290
     0
176
     0
290
     0
176
     0
 90
       50
176
     0
 40
0.0
176
     0
 40
1.0
176
     0
 90
        0
176
     0
 62
    18
420
        0
176
     0
 90
       50
176
     0
 90
        3
176
     0
 62
     5
420
      255
176
     0
290
     0
176
     0
 90
       50
176
     0
 90
       50
176
     0
 90
       50
176
     0
290
     0
176
     0
 90
       50
176
     0
 62
   256
176
     0
 40
1.0
176
     0
 90
        2
176
     0
  1
strokes_ogs.tif
176
     0
290
     0
176
     0
 40
1.0
176
     0
 40
1.0
176
     0
  0
VISUALSTYLE
  5
1058
102
{ACAD_REACTORS
330
1049
102
}
330
1049
100
AcDbVisualStyle
  2
Facepattern
 70
    15
177
     3
291
     1
 70
    58
 90
        2
176
     1
 90
        2
176
     1
 90
        0
176
     1
 90
        0
176
     1
 40
0.6
176
     1
 40
30.0
176
     1
 62
     7
420
 16777215
176
     1
 90
        1
176
     1
 90
        4
176
     1
 62
     7
176
     1
 62
   257
176
     1
 90
        1
176
     1
 90
        1
176
     1
 40
1.0
176
     1
 90
        8
176
     1
 62
     7
176
     1
 40
1.0
176
     1
 90
        1
176
     1
 90
        6
176
     1
 90
        2
176
     1
 62
     7
176
     1
 90
        5
176
     1
 90
        0
176
     1
 90
        0
176
     1
290
     0
176
     1
 90
        1
176
     1
 40
0.0
176
     1
 90
        0
176
     1
290
     0
176
     1
290
     1
176
     1
290
     1
176
     1
290
     0
176
     1
290
     0
176
     1
290
     0
176
     1
290
     0
176
     1
290
     0
176
     1
290
     0
176
     1
 90
       50
176
     1
 40
0.0
176
     1
 40
1.0
176
     1
 90
        0
176
     1
 62
    18
420
        0
176
     1
 90
       50
176
     1
 90
        3
176
     1
 62
     5
420
      255
176
     1
290
     0
176
     1
 90
       50
176
     1
 90
       50
176
     1
 90
       50
176
     1
290
     0
176
     1
 90
       50
176
     1
 62
   256
176
     0
 40
1.0
176
     0
 90
        2
176
     1
  1
strokes_ogs.tif
176
     1
290
     0
176
     1
 40
1.0
176
     1
 40
1.0
176
     1
  0
VISUALSTYLE
  5
104A
102
{ACAD_REACTORS
330
1049
102
}
330
1049
100
AcDbVisualStyle
  2
Flat
 70
     0
177
     3
291
     1
 70
    58
 90
        2
176
     1
 90
        1
176
     1
 90
        1
176
     1
 90
        2
176
     1
 40
0.6
176
     1
 40
30.0
176
     1
 62
     7
420
 16777215
176
     1
 90
        0
176
     1
 90
        0
176
     1
 62
     7
176
     1
 62
   257
176
     1
 90
        1
176
     1
 90
        1
176
     1
 40
1.0
176
     1
 90
        8
176
     1
 62
     7
176
     1
 40
1.0
176
     1
 90
        1
176
     1
 90
        6
176
     1
 90
        2
176
     1
 62
     7
176
     1
 90
        5
176
     1
 90
        0
176
     1
 90
        0
176
     1
290
     0
176
     1
 90
       13
176
     1
 40
0.0
176
     1
 90
        0
176
     1
290
     0
176
     1
290
     1
176
     1
290
     1
176
     1
290
     0
176
     1
290
     0
176
     1
290
     0
176
     1
290
     0
176
     1
290
     0
176
     1
290
     0
176
     1
 90
       50
176
     1
 40
0.0
176
     1
 40
1.0
176
     1
 90
        0
176
     1
 62
    18
420
        0
176
     1
 90
       50
176
     1
 90
        3
176
     1
 62
     5
420
      255
176
     1
290
     0
176
     1
 90
       50
176
     1
 90
       50
176
     1
 90
       50
176
     1
290
     0
176
     1
 90
       50
176
     1
 62
   256
176
     0
 40
1.0
176
     0
 90
        2
176
     1
  1
strokes_ogs.tif
176
     1
290
     0
176
     1
 40
1.0
176
     1
 40
1.0
176
     1
  0
VISUALSTYLE
  5
104B
102
{ACAD_REACTORS
330
1049
102
}
330
1049
100
AcDbVisualStyle
  2
FlatWithEdges
 70
     1
177
     3
291
     1
 70
    58
 90
        2
176
     1
 90
        1
176
     1
 90
        1
176
     1
 90
        2
176
     1
 40
0.6
176
     1
 40
30.0
176
     1
 62
     7
420
 16777215
176
     1
 90
        1
176
     1
 90
        0
176
     1
 62
     7
176
     1
 62
   257
176
     1
 90
        1
176
     1
 90
        1
176
     1
 40
1.0
176
     1
 90
        0
176
     1
 62
   257
176
     1
 40
1.0
176
     1
 90
        1
176
     1
 90
        6
176
     1
 90
        2
176
     1
 62
     7
176
     1
 90
        5
176
     1
 90
        0
176
     1
 90
        0
176
     1
290
     0
176
     1
 90
       13
176
     1
 40
0.0
176
     1
 90
        0
176
     1
290
     0
176
     1
290
     1
176
     1
290
     1
176
     1
290
     0
176
     1
290
     0
176
     1
290
     0
176
     1
290
     0
176
     1
290
     0
176
     1
290
     0
176
     1
 90
       50
176
     1
 40
0.0
176
     1
 40
1.0
176
     1
 90
        0
176
     1
 62
    18
420
        0
176
     1
 90
       50
176
     1
 90
        3
176
     1
 62
     5
420
      255
176
     1
290
     0
176
     1
 90
       50
176
     1
 90
       50
176
     1
 90
       50
176
     1
290
     0
176
     1
 90
       50
176
     1
 62
   256
176
     0
 40
1.0
176
     0
 90
        2
176
     1
  1
strokes_ogs.tif
176
     1
290
     0
176
     1
 40
1.0
176
     1
 40
1.0
176
     1
  0
VISUALSTYLE
  5
104C
102
{ACAD_REACTORS
330
1049
102
}
330
1049
100
AcDbVisualStyle
  2
Gouraud
 70
     2
177
     3
291
     1
 70
    58
 90
        2
176
     1
 90
        2
176
     1
 90
        1
176
     1
 90
        2
176
     1
 40
0.6
176
     1
 40
30.0
176
     1
 62
     7
420
 16777215
176
     1
 90
        0
176
     1
 90
        0
176
     1
 62
     7
176
     1
 62
   257
176
     1
 90
        1
176
     1
 90
        1
176
     1
 40
1.0
176
     1
 90
        0
176
     1
 62
     7
176
     1
 40
1.0
176
     1
 90
        1
176
     1
 90
        6
176
     1
 90
        2
176
     1
 62
     7
176
     1
 90
        5
176
     1
 90
        0
176
     1
 90
        0
176
     1
290
     0
176
     1
 90
       13
176
     1
 40
0.0
176
     1
 90
        0
176
     1
290
     0
176
     1
290
     1
176
     1
290
     1
176
     1
290
     0
176
     1
290
     0
176
     1
290
     0
176
     1
290
     0
176
     1
290
     0
176
     1
290
     0
176
     1
 90
       50
176
     1
 40
0.0
176
     1
 40
1.0
176
     1
 90
        0
176
     1
 62
    18
420
        0
176
     1
 90
       50
176
     1
 90
        3
176
     1
 62
     5
420
      255
176
     1
290
     0
176
     1
 90
       50
176
     1
 90
       50
176
     1
 90
       50
176
     1
290
     0
176
     1
 90
       50
176
     1
 62
   256
176
     0
 40
1.0
176
     0
 90
        2
176
     1
  1
strokes_ogs.tif
176
     1
290
     0
176
     1
 40
1.0
176
     1
 40
1.0
176
     1
  0
VISUALSTYLE
  5
104D
102
{ACAD_REACTORS
330
1049
102
}
330
1049
100
AcDbVisualStyle
  2
GouraudWithEdges
 70
     3
177
     3
291
     1
 70
    58
 90
        2
176
     1
 90
        2
176
     1
 90
        1
176
     1
 90
        2
176
     1
 40
0.6
176
     1
 40
30.0
176
     1
 62
     7
420
 16777215
176
     1
 90
        1
176
     1
 90
        0
176
     1
 62
     7
176
     1
 62
   257
176
     1
 90
        1
176
     1
 90
        1
176
     1
 40
1.0
176
     1
 90
        0
176
     1
 62
   257
176
     1
 40
1.0
176
     1
 90
        1
176
     1
 90
        6
176
     1
 90
        2
176
     1
 62
     7
176
     1
 90
        5
176
     1
 90
        0
176
     1
 90
        0
176
     1
290
     0
176
     1
 90
       13
176
     1
 40
0.0
176
     1
 90
        0
176
     1
290
     0
176
     1
290
     1
176
     1
290
     1
176
     1
290
     0
176
     1
290
     0
176
     1
290
     0
176
     1
290
     0
176
     1
290
     0
176
     1
290
     0
176
     1
 90
       50
176
     1
 40
0.0
176
     1
 40
1.0
176
     1
 90
        0
176
     1
 62
    18
420
        0
176
     1
 90
       50
176
     1
 90
        3
176
     1
 62
     5
420
      255
176
     1
290
     0
176
     1
 90
       50
176
     1
 90
       50
176
     1
 90
       50
176
     1
290
     0
176
     1
 90
       50
176
     1
 62
   256
176
     0
 40
1.0
176
     0
 90
        2
176
     1
  1
strokes_ogs.tif
176
     1
290
     0
176
     1
 40
1.0
176
     1
 40
1.0
176
     1
  0
VISUALSTYLE
  5
1050
102
{ACAD_REACTORS
330
1049
102
}
330
1049
100
AcDbVisualStyle
  2
Hidden
 70
     6
177
     3
291
     0
 70
    58
 90
        1
176
     1
 90
        2
176
     1
 90
        2
176
     1
 90
        0
176
     1
 40
0.6
176
     1
 40
30.0
176
     1
 62
     7
420
 16777215
176
     1
 90
        2
176
     1
 90
        2
176
     1
 62
     7
176
     1
 62
   257
176
     1
 90
        2
176
     1
 90
        1
176
     1
 40
40.0
176
     1
 90
        0
176
     1
 62
   257
176
     1
 40
1.0
176
     1
 90
        1
176
     1
 90
        6
176
     1
 90
        2
176
     1
 62
     7
176
     1
 90
        3
176
     1
 90
        0
176
     1
 90
        0
176
     1
290
     0
176
     1
 90
        1
176
     1
 40
0.0
176
     1
 90
        0
176
     1
290
     0
176
     1
290
     1
176
     1
290
     1
176
     1
290
     0
176
     1
290
     0
176
     1
290
     0
176
     1
290
     0
176
     1
290
     0
176
     1
290
     0
176
     1
 90
       50
176
     1
 40
0.0
176
     1
 40
1.0
176
     1
 90
        0
176
     1
 62
    18
420
        0
176
     1
 90
       50
176
     1
 90
        3
176
     1
 62
     5
420
      255
176
     1
290
     0
176
     1
 90
       50
176
     1
 90
       50
176
     1
 90
       50
176
     1
290
     0
176
     1
 90
       50
176
     1
 62
   256
176
     0
 40
1.0
176
     0
 90
        2
176
     1
  1
strokes_ogs.tif
176
     1
290
     0
176
     1
 40
1.0
176
     1
 40
1.0
176
     1
  0
VISUALSTYLE
  5
105A
102
{ACAD_REACTORS
330
1049
102
}
330
1049
100
AcDbVisualStyle
  2
JitterOff
 70
    20
177
     3
291
     1
 70
    58
 90
        2
176
     0
 90
        2
176
     0
 90
        0
176
     0
 90
        0
176
     0
 40
0.6
176
     0
 40
30.0
176
     0
 62
     7
420
 16777215
176
     0
 90
        1
176
     0
 90
        4
176
     0
 62
     7
176
     0
 62
   257
176
     0
 90
        1
176
     0
 90
        1
176
     0
 40
1.0
176
     0
 90
       10
176
     2
 62
     7
176
     0
 40
1.0
176
     0
 90
        1
176
     0
 90
        6
176
     0
 90
        2
176
     0
 62
     7
176
     0
 90
        5
176
     0
 90
        0
176
     0
 90
        0
176
     0
290
     0
176
     0
 90
        1
176
     0
 40
0.0
176
     0
 90
        0
176
     0
290
     0
176
     0
290
     1
176
     0
290
     1
176
     0
290
     0
176
     0
290
     0
176
     0
290
     0
176
     0
290
     0
176
     0
290
     0
176
     0
290
     0
176
     0
 90
       50
176
     0
 40
0.0
176
     0
 40
1.0
176
     0
 90
        0
176
     0
 62
    18
420
        0
176
     0
 90
       50
176
     0
 90
        3
176
     0
 62
     5
420
      255
176
     0
290
     0
176
     0
 90
       50
176
     0
 90
       50
176
     0
 90
       50
176
     0
290
     0
176
     0
 90
       50
176
     0
 62
   256
176
     0
 40
1.0
176
     0
 90
        2
176
     0
  1
strokes_ogs.tif
176
     0
290
     0
176
     0
 40
1.0
176
     0
 40
1.0
176
     0
  0
VISUALSTYLE
  5
1057
102
{ACAD_REACTORS
330
1049
102
}
330
1049
100
AcDbVisualStyle
  2
Linepattern
 70
    14
177
     3
291
     1
 70
    58
 90
        2
176
     1
 90
        2
176
     1
 90
        0
176
     1
 90
        0
176
     1
 40
0.6
176
     1
 40
30.0
176
     1
 62
     7
420
 16777215
176
     1
 90
        1
176
     1
 90
        4
176
     1
 62
     7
176
     1
 62
   257
176
     1
 90
        7
176
     1
 90
        7
176
     1
 40
1.0
176
     1
 90
        8
176
     1
 62
     7
176
     1
 40
1.0
176
     1
 90
        1
176
     1
 90
        6
176
     1
 90
        2
176
     1
 62
     7
176
     1
 90
        5
176
     1
 90
        0
176
     1
 90
        0
176
     1
290
     0
176
     1
 90
        1
176
     1
 40
0.0
176
     1
 90
        0
176
     1
290
     0
176
     1
290
     1
176
     1
290
     1
176
     1
290
     0
176
     1
290
     0
176
     1
290
     0
176
     1
290
     0
176
     1
290
     0
176
     1
290
     0
176
     1
 90
       50
176
     1
 40
0.0
176
     1
 40
1.0
176
     1
 90
        0
176
     1
 62
    18
420
        0
176
     1
 90
       50
176
     1
 90
        3
176
     1
 62
     5
420
      255
176
     1
290
     0
176
     1
 90
       50
176
     1
 90
       50
176
     1
 90
       50
176
     1
290
     0
176
     1
 90
       50
176
     1
 62
   256
176
     0
 40
1.0
176
     0
 90
        2
176
     1
  1
strokes_ogs.tif
176
     1
290
     0
176
     1
 40
1.0
176
     1
 40
1.0
176
     1
  0
VISUALSTYLE
  5
105B
102
{ACAD_REACTORS
330
1049
102
}
330
1049
100
AcDbVisualStyle
  2
OverhangOff
 70
    21
177
     3
291
     1
 70
    58
 90
        2
176
     0
 90
        2
176
     0
 90
        0
176
     0
 90
        0
176
     0
 40
0.6
176
     0
 40
30.0
176
     0
 62
     7
420
 16777215
176
     0
 90
        1
176
     0
 90
        4
176
     0
 62
     7
176
     0
 62
   257
176
     0
 90
        1
176
     0
 90
        1
176
     0
 40
1.0
176
     0
 90
        9
176
     2
 62
     7
176
     0
 40
1.0
176
     0
 90
        1
176
     0
 90
        6
176
     0
 90
        2
176
     0
 62
     7
176
     0
 90
        5
176
     0
 90
        0
176
     0
 90
        0
176
     0
290
     0
176
     0
 90
        1
176
     0
 40
0.0
176
     0
 90
        0
176
     0
290
     0
176
     0
290
     1
176
     0
290
     1
176
     0
290
     0
176
     0
290
     0
176
     0
290
     0
176
     0
290
     0
176
     0
290
     0
176
     0
290
     0
176
     0
 90
       50
176
     0
 40
0.0
176
     0
 40
1.0
176
     0
 90
        0
176
     0
 62
    18
420
        0
176
     0
 90
       50
176
     0
 90
        3
176
     0
 62
     5
420
      255
176
     0
290
     0
176
     0
 90
       50
176
     0
 90
       50
176
     0
 90
       50
176
     0
290
     0
176
     0
 90
       50
176
     0
 62
   256
176
     0
 40
1.0
176
     0
 90
        2
176
     0
  1
strokes_ogs.tif
176
     0
290
     0
176
     0
 40
1.0
176
     0
 40
1.0
176
     0
  0
VISUALSTYLE
  5
1052
102
{ACAD_REACTORS
330
1049
102
}
330
1049
100
AcDbVisualStyle
  2
Realistic
 70
     8
177
     3
291
     0
 70
    58
 90
        2
176
     1
 90
        3
176
     1
 90
        0
176
     1
 90
        2
176
     1
 40
0.6
176
     1
 40
30.0
176
     1
 62
     7
420
 16777215
176
     1
 90
        0
176
     1
 90
        0
176
     1
 62
     7
176
     1
 62
   257
176
     1
 90
        1
176
     1
 90
        1
176
     1
 40
1.0
176
     1
 90
        8
176
     1
 62
   257
176
     1
 40
1.0
176
     1
 90
        1
176
     1
 90
        6
176
     1
 90
        2
176
     1
 62
     7
176
     1
 90
        3
176
     1
 90
        0
176
     1
 90
        0
176
     1
290
     0
176
     1
 90
       13
176
     1
 40
0.0
176
     1
 90
        0
176
     1
290
     0
176
     1
290
     1
176
     1
290
     1
176
     1
290
     0
176
     1
290
     0
176
     1
290
     0
176
     1
290
     0
176
     1
290
     0
176
     1
290
     0
176
     1
 90
       50
176
     1
 40
0.0
176
     1
 40
1.0
176
     1
 90
        0
176
     1
 62
    18
420
        0
176
     1
 90
       50
176
     1
 90
        3
176
     1
 62
     5
420
      255
176
     1
290
     0
176
     1
 90
       50
176
     1
 90
       50
176
     1
 90
       50
176
     1
290
     0
176
     1
 90
       50
176
     1
 62
   256
176
     0
 40
1.0
176
     0
 90
        2
176
     1
  1
strokes_ogs.tif
176
     1
290
     0
176
     1
 40
1.0
176
     1
 40
1.0
176
     1
  0
VISUALSTYLE
  5
1061
102
{ACAD_REACTORS
330
1049
102
}
330
1049
100
AcDbVisualStyle
  2
Shaded
 70
    27
177
     3
291
     0
 70
    58
 90
        2
176
     1
 90
        2
176
     1
 90
        1
176
     1
 90
        2
176
     1
 40
0.6
176
     1
 40
30.0
176
     1
 62
     7
420
 16777215
176
     1
 90
        0
176
     1
 90
        4
176
     1
 62
     7
176
     1
 62
   257
176
     1
 90
        1
176
     1
 90
        1
176
     1
 40
1.0
176
     1
 90
        8
176
     1
 62
   257
176
     1
 40
1.0
176
     1
 90
        1
176
     1
 90
        6
176
     1
 90
        2
176
     1
 62
     8
420
  7895160
176
     1
 90
        3
176
     1
 90
        0
176
     1
 90
        0
176
     1
290
     0
176
     1
 90
        5
176
     1
 40
0.0
176
     1
 90
        0
176
     1
290
     0
176
     1
290
     1
176
     1
290
     1
176
     1
290
     0
176
     1
290
     0
176
     1
290
     0
176
     1
290
     0
176
     1
290
     0
176
     1
290
     0
176
     1
 90
       50
176
     1
 40
0.0
176
     1
 40
1.0
176
     1
 90
        0
176
     1
 62
    18
420
        0
176
     1
 90
       50
176
     1
 90
        3
176
     1
 62
     5
420
      255
176
     1
290
     0
176
     1
 90
       50
176
     1
 90
       50
176
     1
 90
       50
176
     1
290
     0
176
     1
 90
       50
176
     1
 62
   256
176
     0
 40
1.0
176
     0
 90
        2
176
     1
  1
strokes_ogs.tif
176
     1
290
     0
176
     1
 40
1.0
176
     1
 40
1.0
176
     1
  0
VISUALSTYLE
  5
1060
102
{ACAD_REACTORS
330
1049
102
}
330
1049
100
AcDbVisualStyle
  2
Shaded with edges
 70
    26
177
     3
291
     0
 70
    58
 90
        2
176
     1
 90
        2
176
     1
 90
        1
176
     1
 90
        2
176
     1
 40
0.6
176
     1
 40
30.0
176
     1
 62
     7
420
 16777215
176
     1
 90
        1
176
     1
 90
       10
176
     1
 62
     7
176
     1
 62
   257
176
     1
 90
        2
176
     1
 90
        1
176
     1
 40
1.0
176
     1
 90
        8
176
     1
 62
   257
176
     1
 40
1.0
176
     1
 90
        1
176
     1
 90
        6
176
     1
 90
        2
176
     1
 62
     7
176
     1
 90
        3
176
     1
 90
        0
176
     1
 90
        0
176
     1
290
     0
176
     1
 90
        5
176
     1
 40
0.0
176
     1
 90
        0
176
     1
290
     0
176
     1
290
     1
176
     1
290
     1
176
     1
290
     0
176
     1
290
     0
176
     1
290
     0
176
     1
290
     0
176
     1
290
     0
176
     1
290
     0
176
     1
 90
       50
176
     1
 40
0.0
176
     1
 40
1.0
176
     1
 90
        0
176
     1
 62
    18
420
        0
176
     1
 90
       50
176
     1
 90
        3
176
     1
 62
     5
420
      255
176
     1
290
     0
176
     1
 90
       50
176
     1
 90
       50
176
     1
 90
       50
176
     1
290
     0
176
     1
 90
       50
176
     1
 62
   256
176
     0
 40
1.0
176
     0
 90
        2
176
     1
  1
strokes_ogs.tif
176
     1
290
     0
176
     1
 40
1.0
176
     1
 40
1.0
176
     1
  0
VISUALSTYLE
  5
105D
102
{ACAD_REACTORS
330
1049
102
}
330
1049
100
AcDbVisualStyle
  2
Shades of Gray
 70
    23
177
     3
291
     0
 70
    58
 90
        2
176
     1
 90
        2
176
     1
 90
        3
176
     1
 90
        0
176
     1
 40
0.6
176
     1
 40
30.0
176
     1
 62
     7
420
 16777215
176
     1
 90
        2
176
     1
 90
        2
176
     1
 62
     7
176
     1
 62
     7
176
     1
 90
        1
176
     1
 90
        1
176
     1
 40
40.0
176
     1
 90
        8
176
     1
 62
     7
176
     1
 40
1.0
176
     1
 90
        1
176
     1
 90
        6
176
     1
 90
        2
176
     1
 62
     7
176
     1
 90
        3
176
     1
 90
        0
176
     1
 90
        0
176
     1
290
     0
176
     1
 90
        1
176
     1
 40
0.0
176
     1
 90
        0
176
     1
290
     0
176
     1
290
     1
176
     1
290
     1
176
     1
290
     0
176
     1
290
     0
176
     1
290
     0
176
     1
290
     0
176
     1
290
     0
176
     1
290
     0
176
     1
 90
       50
176
     1
 40
0.0
176
     1
 40
1.0
176
     1
 90
        0
176
     1
 62
    18
420
        0
176
     1
 90
       50
176
     1
 90
        3
176
     1
 62
     5
420
      255
176
     1
290
     0
176
     1
 90
       50
176
     1
 90
       50
176
     1
 90
       50
176
     1
290
     0
176
     1
 90
       50
176
     1
 62
   256
176
     0
 40
1.0
176
     0
 90
        2
176
     1
  1
strokes_ogs.tif
176
     1
290
     0
176
     1
 40
1.0
176
     1
 40
1.0
176
     1
  0
VISUALSTYLE
  5
105E
102
{ACAD_REACTORS
330
1049
102
}
330
1049
100
AcDbVisualStyle
  2
Sketchy
 70
    24
177
     3
291
     0
 70
    58
 90
        1
176
     1
 90
        2
176
     1
 90
        2
176
     1
 90
        0
176
     1
 40
0.6
176
     1
 40
30.0
176
     1
 62
     7
420
 16777215
176
     1
 90
        2
176
     1
 90
        2
176
     1
 62
     7
176
     1
 62
     7
176
     1
 90
        1
176
     1
 90
        1
176
     1
 40
40.0
176
     1
 90
       11
176
     1
 62
     7
176
     1
 40
1.0
176
     1
 90
        1
176
     1
 90
        6
176
     1
 90
        2
176
     1
 62
     7
176
     1
 90
        6
176
     1
 90
        0
176
     1
 90
        0
176
     1
290
     0
176
     1
 90
        1
176
     1
 40
0.0
176
     1
 90
        0
176
     1
290
     0
176
     1
290
     1
176
     1
290
     1
176
     1
290
     0
176
     1
290
     0
176
     1
290
     0
176
     1
290
     0
176
     1
290
     0
176
     1
290
     0
176
     1
 90
       50
176
     1
 40
0.0
176
     1
 40
1.0
176
     1
 90
        0
176
     1
 62
    18
420
        0
176
     1
 90
       50
176
     1
 90
        3
176
     1
 62
     5
420
      255
176
     1
290
     0
176
     1
 90
       50
176
     1
 90
       50
176
     1
 90
       50
176
     1
290
     0
176
     1
 90
       50
176
     1
 62
   256
176
     0
 40
1.0
176
     0
 90
        2
176
     1
  1
strokes_ogs.tif
176
     1
290
     0
176
     1
 40
1.0
176
     1
 40
1.0
176
     1
  0
VISUALSTYLE
  5
1056
102
{ACAD_REACTORS
330
1049
102
}
330
1049
100
AcDbVisualStyle
  2
Thicken
 70
    13
177
     3
291
     1
 70
    58
 90
        2
176
     1
 90
        2
176
     1
 90
        0
176
     1
 90
        0
176
     1
 40
0.6
176
     1
 40
30.0
176
     1
 62
     7
420
 16777215
176
     1
 90
        1
176
     1
 90
        4
176
     1
 62
     7
176
     1
 62
   257
176
     1
 90
        1
176
     1
 90
        1
176
     1
 40
1.0
176
     1
 90
       12
176
     1
 62
     7
176
     1
 40
1.0
176
     1
 90
        1
176
     1
 90
        6
176
     1
 90
        2
176
     1
 62
     7
176
     1
 90
        5
176
     1
 90
        0
176
     1
 90
        0
176
     1
290
     0
176
     1
 90
        1
176
     1
 40
0.0
176
     1
 90
        0
176
     1
290
     0
176
     1
290
     1
176
     1
290
     1
176
     1
290
     0
176
     1
290
     0
176
     1
290
     0
176
     1
290
     0
176
     1
290
     0
176
     1
290
     0
176
     1
 90
       50
176
     1
 40
0.0
176
     1
 40
1.0
176
     1
 90
        0
176
     1
 62
    18
420
        0
176
     1
 90
       50
176
     1
 90
        3
176
     1
 62
     5
420
      255
176
     1
290
     0
176
     1
 90
       50
176
     1
 90
       50
176
     1
 90
       50
176
     1
290
     0
176
     1
 90
       50
176
     1
 62
   256
176
     0
 40
1.0
176
     0
 90
        2
176
     1
  1
strokes_ogs.tif
176
     1
290
     0
176
     1
 40
1.0
176
     1
 40
1.0
176
     1
  0
VISUALSTYLE
  5
104F
102
{ACAD_REACTORS
330
1049
102
}
330
1049
100
AcDbVisualStyle
  2
Wireframe
 70
     5
177
     3
291
     0
 70
    58
 90
        0
176
     1
 90
        2
176
     1
 90
        0
176
     1
 90
        0
176
     1
 40
0.6
176
     1
 40
30.0
176
     1
 62
     7
420
 16777215
176
     1
 90
        1
176
     1
 90
        4
176
     1
 62
     7
176
     1
 62
   257
176
     1
 90
        1
176
     1
 90
        1
176
     1
 40
1.0
176
     1
 90
        0
176
     1
 62
   257
176
     1
 40
1.0
176
     1
 90
        1
176
     1
 90
        6
176
     1
 90
        2
176
     1
 62
     7
176
     1
 90
        3
176
     1
 90
        0
176
     1
 90
        0
176
     1
290
     0
176
     1
 90
        1
176
     1
 40
0.0
176
     1
 90
        0
176
     1
290
     0
176
     1
290
     1
176
     1
290
     1
176
     1
290
     0
176
     1
290
     0
176
     1
290
     0
176
     1
290
     0
176
     1
290
     0
176
     1
290
     0
176
     1
 90
       50
176
     1
 40
0.0
176
     1
 40
1.0
176
     1
 90
        0
176
     1
 62
    18
420
        0
176
     1
 90
       50
176
     1
 90
        3
176
     1
 62
     5
420
      255
176
     1
290
     0
176
     1
 90
       50
176
     1
 90
       50
176
     1
 90
       50
176
     1
290
     0
176
     1
 90
       50
176
     1
 62
   256
176
     0
 40
1.0
176
     0
 90
        2
176
     1
  1
strokes_ogs.tif
176
     1
290
     0
176
     1
 40
1.0
176
     1
 40
1.0
176
     1
  0
VISUALSTYLE
  5
105F
102
{ACAD_REACTORS
330
1049
102
}
330
1049
100
AcDbVisualStyle
  2
X-Ray
 70
    25
177
     3
291
     0
 70
    58
 90
        2
176
     1
 90
        2
176
     1
 90
        1
176
     1
 90
        1
176
     1
 40
0.5
176
     1
 40
30.0
176
     1
 62
     7
420
 16777215
176
     1
 90
        1
176
     1
 90
        0
176
     1
 62
     7
176
     1
 62
   257
176
     1
 90
        1
176
     1
 90
        1
176
     1
 40
1.0
176
     1
 90
        8
176
     1
 62
     7
176
     1
 40
1.0
176
     1
 90
        1
176
     1
 90
        6
176
     1
 90
        2
176
     1
 62
     7
176
     1
 90
        3
176
     1
 90
        0
176
     1
 90
        0
176
     1
290
     0
176
     1
 90
       13
176
     1
 40
0.0
176
     1
 90
        0
176
     1
290
     0
176
     1
290
     1
176
     1
290
     1
176
     1
290
     0
176
     1
290
     0
176
     1
290
     0
176
     1
290
     0
176
     1
290
     0
176
     1
290
     0
176
     1
 90
       50
176
     1
 40
0.0
176
     1
 40
1.0
176
     1
 90
        0
176
     1
 62
    18
420
        0
176
     1
 90
       50
176
     1
 90
        3
176
     1
 62
     5
420
      255
176
     1
290
     0
176
     1
 90
       50
176
     1
 90
       50
176
     1
 90
       50
176
     1
290
     0
176
     1
 90
       50
176
     1
 62
   256
176
     0
 40
1.0
176
     0
 90
        2
176
     1
  1
strokes_ogs.tif
176
     1
290
     0
176
     1
 40
1.0
176
     1
 40
1.0
176
     1
  0
DICTIONARYVAR
  5
10F7
102
{ACAD_REACTORS
330
10F6
102
}
330
10F6
100
DictionaryVariables
280
     0
  1
1:1
  0
DICTIONARYVAR
  5
10FC
102
{ACAD_REACTORS
330
10F6
102
}
330
10F6
100
DictionaryVariables
280
     0
  1
Standard
  0
DICTIONARYVAR
  5
10FB
102
{ACAD_REACTORS
330
10F6
102
}
330
10F6
100
DictionaryVariables
280
     0
  1
Standard
  0
XRECORD
  5
1080
102
{ACAD_REACTORS
330
107E
102
}
330
107E
100
AcDbXrecord
280
     1
1000
#ffffff
  0
XRECORD
  5
1081
102
{ACAD_REACTORS
330
107E
102
}
330
107E
100
AcDbXrecord
280
     1
1000
FullColor
  0
XRECORD
  5
1082
102
{ACAD_REACTORS
330
107E
102
}
330
107E
100
AcDbXrecord
280
     1
290
     1
  0
XRECORD
  5
1083
102
{ACAD_REACTORS
330
107E
102
}
330
107E
100
AcDbXrecord
280
     1
290
     1
  0
XRECORD
  5
1084
102
{ACAD_REACTORS
330
107E
102
}
330
107E
100
AcDbXrecord
280
     1
290
     1
  0
XRECORD
  5
1085
102
{ACAD_REACTORS
330
107E
102
}
330
107E
100
AcDbXrecord
280
     1
290
     1
  0
XRECORD
  5
1086
102
{ACAD_REACTORS
330
107E
102
}
330
107E
100
AcDbXrecord
280
     1
1000
auto
  0
XRECORD
  5
1087
102
{ACAD_REACTORS
330
107E
102
}
330
107E
100
AcDbXrecord
280
     1
1000
auto
  0
XRECORD
  5
1088
102
{ACAD_REACTORS
330
107E
102
}
330
107E
100
AcDbXrecord
280
     1
1000
auto
  0
XRECORD
  5
1089
102
{ACAD_REACTORS
330
107E
102
}
330
107E
100
AcDbXrecord
280
     1
1000
auto
  0
XRECORD
  5
108A
102
{ACAD_REACTORS
330
107E
102
}
330
107E
100
AcDbXrecord
280
     1
1000
auto
  0
XRECORD
  5
108B
102
{ACAD_REACTORS
330
107E
102
}
330
107E
100
AcDbXrecord
280
     1
1000
auto
  0
XRECORD
  5
108C
102
{ACAD_REACTORS
330
107E
102
}
330
107E
100
AcDbXrecord
280
     1
1000
auto
  0
XRECORD
  5
108D
102
{ACAD_REACTORS
330
107E
102
}
330
107E
100
AcDbXrecord
280
     1
1000
auto
  0
XRECORD
  5
108E
102
{ACAD_REACTORS
330
107E
102
}
330
107E
100
AcDbXrecord
280
     1
290
     0
  0
XRECORD
  5
108F
102
{ACAD_REACTORS
330
107E
102
}
330
107E
100
AcDbXrecord
280
     1
290
     0
  0
XRECORD
  5
1090
102
{ACAD_REACTORS
330
107E
102
}
330
107E
100
AcDbXrecord
280
     1
290
     0
  0
XRECORD
  5
1091
102
{ACAD_REACTORS
330
107E
102
}
330
107E
100
AcDbXrecord
280
     1
290
     0
  0
XRECORD
  5
1092
102
{ACAD_REACTORS
330
107E
102
}
330
107E
100
AcDbXrecord
280
     1
 90
    65537
  0
XRECORD
  5
1093
102
{ACAD_REACTORS
330
107E
102
}
330
107E
100
AcDbXrecord
280
     1
 90
    65537
  0
XRECORD
  5
1094
102
{ACAD_REACTORS
330
107E
102
}
330
107E
100
AcDbXrecord
280
     1
 90
    65537
  0
XRECORD
  5
1095
102
{ACAD_REACTORS
330
107E
102
}
330
107E
100
AcDbXrecord
280
     1
 90
    65537
  0
XRECORD
  5
1096
102
{ACAD_REACTORS
330
107E
102
}
330
107E
100
AcDbXrecord
280
     1
1000
auto
  0
XRECORD
  5
1097
102
{ACAD_REACTORS
330
107E
102
}
330
107E
100
AcDbXrecord
280
     1
1000
auto
  0
XRECORD
  5
1098
102
{ACAD_REACTORS
330
107E
102
}
330
107E
100
AcDbXrecord
280
     1
1000
auto
  0
XRECORD
  5
1099
102
{ACAD_REACTORS
330
107E
102
}
330
107E
100
AcDbXrecord
280
     1
1000
auto
  0
XRECORD
  5
109A
102
{ACAD_REACTORS
330
107E
102
}
330
107E
100
AcDbXrecord
280
     1
1000
auto
  0
XRECORD
  5
109B
102
{ACAD_REACTORS
330
107E
102
}
330
107E
100
AcDbXrecord
280
     1
1000
auto
  0
XRECORD
  5
109C
102
{ACAD_REACTORS
330
107E
102
}
330
107E
100
AcDbXrecord
280
     1
1000
auto
  0
XRECORD
  5
109D
102
{ACAD_REACTORS
330
107E
102
}
330
107E
100
AcDbXrecord
280
     1
1000
auto
  0
XRECORD
  5
109E
102
{ACAD_REACTORS
330
107E
102
}
330
107E
100
AcDbXrecord
280
     1
 90
        1
  0
XRECORD
  5
109F
102
{ACAD_REACTORS
330
107E
102
}
330
107E
100
AcDbXrecord
280
     1
 40
0.5
  0
XRECORD
  5
10A0
102
{ACAD_REACTORS
330
107E
102
}
330
107E
100
AcDbXrecord
280
     1
 40
0.5
  0
XRECORD
  5
10A1
102
{ACAD_REACTORS
330
107E
102
}
330
107E
100
AcDbXrecord
280
     1
 40
0.5
  0
XRECORD
  5
10A2
102
{ACAD_REACTORS
330
107E
102
}
330
107E
100
AcDbXrecord
280
     1
 40
0.5
  0
XRECORD
  5
10A3
102
{ACAD_REACTORS
330
107E
102
}
330
107E
100
AcDbXrecord
280
     1
290
     0
  0
XRECORD
  5
10A4
102
{ACAD_REACTORS
330
107E
102
}
330
107E
100
AcDbXrecord
280
     1
 90
        1
  0
XRECORD
  5
10A5
102
{ACAD_REACTORS
330
107E
102
}
330
107E
100
AcDbXrecord
280
     1
 40
0.0
  0
XRECORD
  5
10A6
102
{ACAD_REACTORS
330
107E
102
}
330
107E
100
AcDbXrecord
280
     1
 40
0.0
  0
XRECORD
  5
10A7
102
{ACAD_REACTORS
330
107E
102
}
330
107E
100
AcDbXrecord
280
     1
1000
Portrait
  0
XRECORD
  5
10A8
102
{ACAD_REACTORS
330
107E
102
}
330
107E
100
AcDbXrecord
280
     1
 40
11.69291338582677
  0
XRECORD
  5
10A9
102
{ACAD_REACTORS
330
107E
102
}
330
107E
100
AcDbXrecord
280
     1
 40
8.26771653543307
  0
XRECORD
  5
10AA
102
{ACAD_REACTORS
330
107E
102
}
330
107E
100
AcDbXrecord
280
     1
1000
1:1
  0
XRECORD
  5
10AB
102
{ACAD_REACTORS
330
107E
102
}
330
107E
100
AcDbXrecord
280
     1
290
     1
  0
XRECORD
  5
10AC
102
{ACAD_REACTORS
330
107E
102
}
330
107E
100
AcDbXrecord
280
     1
290
     0
  0
XRECORD
  5
10AD
102
{ACAD_REACTORS
330
107E
102
}
330
107E
100
AcDbXrecord
280
     1
1000
Inside
  0
XRECORD
  5
10AE
102
{ACAD_REACTORS
330
107E
102
}
330
107E
100
AcDbXrecord
280
     1
1000
Arial,10,-1,5,400,0,0,0,0,0,0,0,0,0,0,1,,0,0
  0
XRECORD
  5
10AF
102
{ACAD_REACTORS
330
107E
102
}
330
107E
100
AcDbXrecord
280
     1
1000
TopLeft
  0
XRECORD
  5
10B0
102
{ACAD_REACTORS
330
107E
102
}
330
107E
100
AcDbXrecord
280
     1
1000
3.32.9
  0
XRECORD
  5
10B1
102
{ACAD_REACTORS
330
107E
102
}
330
107E
100
AcDbXrecord
280
     1
 40
0.0
  0
XRECORD
  5
10B2
102
{ACAD_REACTORS
330
107E
102
}
330
107E
100
AcDbXrecord
280
     1
 90
        4
  0
XRECORD
  5
10B3
102
{ACAD_REACTORS
330
107E
102
}
330
107E
100
AcDbXrecord
280
     1
  0
XRECORD
  5
10B4
102
{ACAD_REACTORS
330
107E
102
}
330
107E
100
AcDbXrecord
280
     1
 40
9.92735848164935
  0
XRECORD
  5
10B5
102
{ACAD_REACTORS
330
107E
102
}
330
107E
100
AcDbXrecord
280
     1
 40
18.13619944462663
  0
DICTIONARY
  5
10F8
330
1079
100
AcDbDictionary
280
     1
281
     1
  3
ACAD_ROUNDTRIP_2008_TABLESTYLE_CELLSTYLEMAP
360
10F9
  0
CELLSTYLEMAP
  5
10F9
102
{ACAD_REACTORS
330
10F8
102
}
330
10F8
100
AcDbCellStyleMap
 90
        3
300
CELLSTYLE
  1
TABLEFORMAT_BEGIN
 90
        5
170
     1
 91
        0
 92
    32768
 62
   257
 93
        1
300
CONTENTFORMAT
  1
CONTENTFORMAT_BEGIN
 90
        0
 91
        0
 92
        4
 93
        0
300

 40
0.0
140
1.0
 94
        5
 62
     0
340
1031
144
0.25
309
CONTENTFORMAT_END
171
     1
301
MARGIN
  1
CELLMARGIN_BEGIN
 40
0.06
 40
0.06
 40
0.06
 40
0.06
 40
0.06
 40
0.06
309
CELLMARGIN_END
 94
        6
 95
        1
302
GRIDFORMAT
  1
GRIDFORMAT_BEGIN
 90
        0
 91
        1
 62
     0
 92
       -2
340
1033
 93
        0
 40
0.045
309
GRIDFORMAT_END
 95
        2
302
GRIDFORMAT
  1
GRIDFORMAT_BEGIN
 90
        0
 91
        1
 62
     0
 92
       -2
340
1033
 93
        0
 40
0.045
309
GRIDFORMAT_END
 95
        4
302
GRIDFORMAT
  1
GRIDFORMAT_BEGIN
 90
        0
 91
        1
 62
     0
 92
       -2
340
1033
 93
        0
 40
0.045
309
GRIDFORMAT_END
 95
        8
302
GRIDFORMAT
  1
GRIDFORMAT_BEGIN
 90
        0
 91
        1
 62
     0
 92
       -2
340
1033
 93
        0
 40
0.045
309
GRIDFORMAT_END
 95
       16
302
GRIDFORMAT
  1
GRIDFORMAT_BEGIN
 90
        0
 91
        1
 62
     0
 92
       -2
340
1033
 93
        0
 40
0.045
309
GRIDFORMAT_END
 95
       32
302
GRIDFORMAT
  1
GRIDFORMAT_BEGIN
 90
        0
 91
        1
 62
     0
 92
       -2
340
1033
 93
        0
 40
0.045
309
GRIDFORMAT_END
309
TABLEFORMAT_END
  1
CELLSTYLE_BEGIN
 90
        1
 91
        1
300
_TITLE
309
CELLSTYLE_END
300
CELLSTYLE
  1
TABLEFORMAT_BEGIN
 90
        5
170
     1
 91
        0
 92
        0
 62
   257
 93
        1
300
CONTENTFORMAT
  1
CONTENTFORMAT_BEGIN
 90
        0
 91
        0
 92
        4
 93
        0
300

 40
0.0
140
1.0
 94
        5
 62
     0
340
1031
144
0.18
309
CONTENTFORMAT_END
171
     1
301
MARGIN
  1
CELLMARGIN_BEGIN
 40
0.06
 40
0.06
 40
0.06
 40
0.06
 40
0.06
 40
0.06
309
CELLMARGIN_END
 94
        6
 95
        1
302
GRIDFORMAT
  1
GRIDFORMAT_BEGIN
 90
        0
 91
        1
 62
     0
 92
       -2
340
1033
 93
        0
 40
0.045
309
GRIDFORMAT_END
 95
        2
302
GRIDFORMAT
  1
GRIDFORMAT_BEGIN
 90
        0
 91
        1
 62
     0
 92
       -2
340
1033
 93
        0
 40
0.045
309
GRIDFORMAT_END
 95
        4
302
GRIDFORMAT
  1
GRIDFORMAT_BEGIN
 90
        0
 91
        1
 62
     0
 92
       -2
340
1033
 93
        0
 40
0.045
309
GRIDFORMAT_END
 95
        8
302
GRIDFORMAT
  1
GRIDFORMAT_BEGIN
 90
        0
 91
        1
 62
     0
 92
       -2
340
1033
 93
        0
 40
0.045
309
GRIDFORMAT_END
 95
       16
302
GRIDFORMAT
  1
GRIDFORMAT_BEGIN
 90
        0
 91
        1
 62
     0
 92
       -2
340
1033
 93
        0
 40
0.045
309
GRIDFORMAT_END
 95
       32
302
GRIDFORMAT
  1
GRIDFORMAT_BEGIN
 90
        0
 91
        1
 62
     0
 92
       -2
340
1033
 93
        0
 40
0.045
309
GRIDFORMAT_END
309
TABLEFORMAT_END
  1
CELLSTYLE_BEGIN
 90
        2
 91
        1
300
_HEADER
309
CELLSTYLE_END
300
CELLSTYLE
  1
TABLEFORMAT_BEGIN
 90
        5
170
     1
 91
        0
 92
        0
 62
   257
 93
        1
300
CONTENTFORMAT
  1
CONTENTFORMAT_BEGIN
 90
        0
 91
        0
 92
        4
 93
        0
300

 40
0.0
140
1.0
 94
        2
 62
     0
340
1031
144
0.18
309
CONTENTFORMAT_END
171
     1
301
MARGIN
  1
CELLMARGIN_BEGIN
 40
0.06
 40
0.06
 40
0.06
 40
0.06
 40
0.06
 40
0.06
309
CELLMARGIN_END
 94
        6
 95
        1
302
GRIDFORMAT
  1
GRIDFORMAT_BEGIN
 90
        0
 91
        1
 62
     0
 92
       -2
340
1033
 93
        0
 40
0.045
309
GRIDFORMAT_END
 95
        2
302
GRIDFORMAT
  1
GRIDFORMAT_BEGIN
 90
        0
 91
        1
 62
     0
 92
       -2
340
1033
 93
        0
 40
0.045
309
GRIDFORMAT_END
 95
        4
302
GRIDFORMAT
  1
GRIDFORMAT_BEGIN
 90
        0
 91
        1
 62
     0
 92
       -2
340
1033
 93
        0
 40
0.045
309
GRIDFORMAT_END
 95
        8
302
GRIDFORMAT
  1
GRIDFORMAT_BEGIN
 90
        0
 91
        1
 62
     0
 92
       -2
340
1033
 93
        0
 40
0.045
309
GRIDFORMAT_END
 95
       16
302
GRIDFORMAT
  1
GRIDFORMAT_BEGIN
 90
        0
 91
        1
 62
     0
 92
       -2
340
1033
 93
        0
 40
0.045
309
GRIDFORMAT_END
 95
       32
302
GRIDFORMAT
  1
GRIDFORMAT_BEGIN
 90
        0
 91
        1
 62
     0
 92
       -2
340
1033
 93
        0
 40
0.045
309
GRIDFORMAT_END
309
TABLEFORMAT_END
  1
CELLSTYLE_BEGIN
 90
        3
 91
        2
300
_DATA
309
CELLSTYLE_END
  0
ENDSEC
  0
EOF
