  0
SECTION
  2
HEADER
  9
$ACADVER
  1
AC1009
  9
$DWGCODEPAGE
  3
ansi_1252
  9
$INSBASE
 10
0.0
 20
0.0
 30
0.0
  9
$EXTMIN
 10
3.11169615
 20
1.64394015
 30
0.0
  9
$EXTMAX
 10
47.58830385
 20
46.12380965
 30
0.0
  9
$LIMMIN
 10
0.0
 20
0.0
  9
$LIMMAX
 10
12.0
 20
9.0
  9
$ORTHOMODE
 70
     0
  9
$REGENMODE
 70
     1
  9
$FILLMODE
 70
     1
  9
$QTEXTMODE
 70
     0
  9
$MIRRTEXT
 70
     1
  9
$DRAGMODE
 70
     2
  9
$LTSCALE
 40
1.0
  9
$OSMODE
 70
    37
  9
$ATTMODE
 70
     1
  9
$TEXTSIZE
 40
0.2
  9
$TRACEWID
 40
0.05
  9
$TEXTSTYLE
  7
STANDARD
  9
$CLAYER
  8
0
  9
$CELTYPE
  6
BYLAYER
  9
$CECOLOR
 62
   256
  9
$DIMSCALE
 40
1.0
  9
$DIMASZ
 40
0.18
  9
$DIMEXO
 40
0.0625
  9
$DIMDLI
 40
0.38
  9
$DIMRND
 40
0.0
  9
$DIMDLE
 40
0.0
  9
$DIMEXE
 40
0.18
  9
$DIMTP
 40
0.0
  9
$DIMTM
 40
0.0
  9
$DIMTXT
 40
0.18
  9
$DIMCEN
 40
0.09
  9
$DIMTSZ
 40
0.0
  9
$DIMTOL
 70
     0
  9
$DIMLIM
 70
     0
  9
$DIMTIH
 70
     1
  9
$DIMTOH
 70
     1
  9
$DIMSE1
 70
     0
  9
$DIMSE2
 70
     0
  9
$DIMTAD
 70
     0
  9
$DIMZIN
 70
     0
  9
$DIMBLK
  1

  9
$DIMASO
 70
     1
  9
$DIMSHO
 70
     1
  9
$DIMPOST
  1

  9
$DIMAPOST
  1

  9
$DIMALT
 70
     0
  9
$DIMALTD
 70
     2
  9
$DIMALTF
 40
25.4
  9
$DIMLFAC
 40
1.0
  9
$DIMTOFL
 70
     0
  9
$DIMTVP
 40
0.0
  9
$DIMTIX
 70
     0
  9
$DIMSOXD
 70
     0
  9
$DIMSAH
 70
     0
  9
$DIMBLK1
  1

  9
$DIMBLK2
  1

  9
$DIMSTYLE
  2
STANDARD
  9
$DIMCLRD
 70
     0
  9
$DIMCLRE
 70
     0
  9
$DIMCLRT
 70
     0
  9
$DIMTFAC
 40
1.0
  9
$DIMGAP
 40
0.09
  9
$LUNITS
 70
     2
  9
$LUPREC
 70
     4
  9
$SKETCHINC
 40
0.1
  9
$FILLETRAD
 40
0.0
  9
$AUNITS
 70
     0
  9
$AUPREC
 70
     0
  9
$MENU
  1
.
  9
$ELEVATION
 40
0.0
  9
$PELEVATION
 40
0.0
  9
$THICKNESS
 40
0.0
  9
$LIMCHECK
 70
     0
  9
$CHAMFERA
 40
0.0
  9
$CHAMFERB
 40
0.0
  9
$SKPOLY
 70
     0
  9
$TDCREATE
 40
2461248.556973264
  9
$TDUPDATE
 40
2461248.556973449
  9
$TDINDWG
 40
0.0000000116
  9
$TDUSRTIMER
 40
0.0000000116
  9
$USRTIMER
 70
     1
  9
$ANGBASE
 50
0.0
  9
$ANGDIR
 70
     0
  9
$PDMODE
 70
     0
  9
$PDSIZE
 40
0.0
  9
$PLINEWID
 40
0.0
  9
$COORDS
 70
     1
  9
$SPLFRAME
 70
     0
  9
$SPLINETYPE
 70
     6
  9
$SPLINESEGS
 70
     8
  9
$ATTDIA
 70
     0
  9
$ATTREQ
 70
     1
  9
$HANDLING
 70
     1
  9
$HANDSEED
  5
C6C
  9
$SURFTAB1
 70
     6
  9
$SURFTAB2
 70
     6
  9
$SURFTYPE
 70
     6
  9
$SURFU
 70
     6
  9
$SURFV
 70
     6
  9
$UCSNAME
  2

  9
$UCSORG
 10
0.0
 20
0.0
 30
0.0
  9
$UCSXDIR
 10
1.0
 20
0.0
 30
0.0
  9
$UCSYDIR
 10
0.0
 20
1.0
 30
0.0
  9
$PUCSNAME
  2

  9
$PUCSORG
 10
0.0
 20
0.0
 30
0.0
  9
$PUCSXDIR
 10
1.0
 20
0.0
 30
0.0
  9
$PUCSYDIR
 10
0.0
 20
1.0
 30
0.0
  9
$USERI1
 70
     0
  9
$USERI2
 70
     0
  9
$USERI3
 70
     0
  9
$USERI4
 70
     0
  9
$USERI5
 70
     0
  9
$USERR1
 40
0.0
  9
$USERR2
 40
0.0
  9
$USERR3
 40
0.0
  9
$USERR4
 40
0.0
  9
$USERR5
 40
0.0
  9
$WORLDVIEW
 70
     1
  9
$SHADEDGE
 70
     3
  9
$SHADEDIF
 70
    70
  9
$TILEMODE
 70
     1
  9
$MAXACTVP
 70
    64
  9
$PLIMCHECK
 70
     0
  9
$PEXTMIN
 10
1.000000000000000E+20
 20
1.000000000000000E+20
 30
1.000000000000000E+20
  9
$PEXTMAX
 10
-1.000000000000000E+20
 20
-1.000000000000000E+20
 30
-1.000000000000000E+20
  9
$PLIMMIN
 10
-0.25
 20
-0.25
  9
$PLIMMAX
 10
10.75
 20
8.25
  9
$UNITMODE
 70
     0
  9
$VISRETAIN
 70
     1
  9
$PLINEGEN
 70
     0
  9
$PSLTSCALE
 70
     1
  0
ENDSEC
  0
SECTION
  2
TABLES
  0
TABLE
  2
VPORT
 70
     1
  0
VPORT
  2
*ACTIVE
 70
     0
 10
0.0
 20
0.0
 11
1.0
 21
1.0
 12
53.52101413993719
 22
47.40326624535495
 13
0.0
 23
0.0
 14
0.5
 24
0.5
 15
0.5
 25
0.5
 16
0.0
 26
0.0
 36
1.0
 17
0.0
 27
0.0
 37
0.0
 40
84.69329120766402
 41
1.826890756302521
 42
50.0
 43
0.0
 44
0.0
 50
0.0
 51
0.0
 71
     0
 72
   100
 73
     1
 74
     3
 75
     0
 76
     0
 77
     0
 78
     0
  0
ENDTAB
  0
TABLE
  2
LTYPE
 70
    51
  0
LTYPE
  2
CONTINUOUS
 70
     0
  3
Solid line
 72
    65
 73
     0
 40
0.0
  0
LTYPE
  2
BORDERX2
 70
     0
  3
Border (2x) ____  ____  .  ____  ____  .  ___
 72
    65
 73
     6
 40
88.89999999999999
 49
25.4
 49
-12.7
 49
25.4
 49
-12.7
 49
0.0
 49
-12.7
  0
LTYPE
  2
DASHEDX2
 70
     0
  3
Dashed (2x) ____  ____  ____  ____  ____  ___
 72
    65
 73
     2
 40
38.09999999999999
 49
25.4
 49
-12.7
  0
LTYPE
  2
TRACKS
 70
     0
  3
Tracks -|-|-|-|-|-|-|-|-|-|-|-|-|-|-|-|-|-|-|-|-|-|-|-|-
 72
    65
 73
     2
 40
7.62
 49
3.81
 49
3.81
  0
LTYPE
  2
BATTING
 70
     0
  3
Batting SSSSSSSSSSSSSSSSSSSSSSSSSSSSSSSSSSSSSSSSSSSSSSS
 72
    65
 73
     4
 40
10.16254
 49
0.00254
 49
-2.54
 49
-5.08
 49
-2.54
  0
LTYPE
  2
GAS_LINE
 70
     0
  3
Gas line ----GAS----GAS----GAS----GAS----GAS----GAS--
 72
    65
 73
     3
 40
24.13
 49
12.7
 49
-5.08
 49
-6.35
  0
LTYPE
  2
ACAD_ISO07W100
 70
     0
  3
ISO dot . . . . . . . . . . . . . . . . . . . . 
 72
    65
 73
     2
 40
3.0
 49
0.0
 49
-3.0
  0
LTYPE
  2
ACAD_ISO02W100
 70
     0
  3
ISO dash __ __ __ __ __ __ __ __ __ __ __ __ __
 72
    65
 73
     2
 40
15.0
 49
12.0
 49
-3.0
  0
LTYPE
  2
DASHDOT
 70
     0
  3
Dash dot __ . __ . __ . __ . __ . __ . __ . __
 72
    65
 73
     4
 40
25.4
 49
12.7
 49
-6.35
 49
0.0
 49
-6.35
  0
LTYPE
  2
ACAD_ISO04W100
 70
     0
  3
ISO long-dash dot ____ . ____ . ____ . ____ . _
 72
    65
 73
     4
 40
30.0
 49
24.0
 49
-3.0
 49
0.0
 49
-3.0
  0
LTYPE
  2
DASHED
 70
     0
  3
Dashed __ __ __ __ __ __ __ __ __ __ __ __ __ _
 72
    65
 73
     2
 40
19.05
 49
12.7
 49
-6.35
  0
LTYPE
  2
DIVIDE2
 70
     0
  3
Divide (.5x) __..__..__..__..__..__..__..__.._
 72
    65
 73
     6
 40
15.875
 49
6.35
 49
-3.175
 49
0.0
 49
-3.175
 49
0.0
 49
-3.175
  0
LTYPE
  2
ZIGZAG
 70
     0
  3
Zig zag /\/\/\/\/\/\/\/\/\/\/\/\/\/\/\/\/\/\/\/\/\/\/\/
 72
    65
 73
     4
 40
20.32254
 49
0.00254
 49
-5.08
 49
-10.16
 49
-5.08
  0
LTYPE
  2
PHANTOMX2
 70
     0
  3
Phantom (2x) ____________    ____    ____   _
 72
    65
 73
     6
 40
127.0
 49
63.5
 49
-12.7
 49
12.7
 49
-12.7
 49
12.7
 49
-12.7
  0
LTYPE
  2
DOT
 70
     0
  3
Dot . . . . . . . . . . . . . . . . . . . . . . . .
 72
    65
 73
     2
 40
6.35
 49
0.0
 49
-6.35
  0
LTYPE
  2
PHANTOM2
 70
     0
  3
Phantom (.5x) ___ _ _ ___ _ _ ___ _ _ ___ _ _
 72
    65
 73
     6
 40
31.75
 49
15.875
 49
-3.175
 49
3.175
 49
-3.175
 49
3.175
 49
-3.175
  0
LTYPE
  2
HIDDENX2
 70
     0
  3
Hidden (2x) ____ ____ ____ ____ ____ ____ ____ 
 72
    65
 73
     2
 40
19.05
 49
12.7
 49
-6.35
  0
LTYPE
  2
ACAD_ISO08W100
 70
     0
  3
ISO long-dash short-dash ____ __ ____ __ ____ _
 72
    65
 73
     4
 40
36.0
 49
24.0
 49
-3.0
 49
6.0
 49
-3.0
  0
LTYPE
  2
HOT_WATER_SUPPLY
 70
     0
  3
Hot water supply ---- HW ---- HW ---- HW ----
 72
    65
 73
     3
 40
22.86
 49
12.7
 49
-5.08
 49
-5.08
  0
LTYPE
  2
ACAD_ISO03W100
 70
     0
  3
ISO dash space __    __    __    __    __    __
 72
    65
 73
     2
 40
30.0
 49
12.0
 49
-18.0
  0
LTYPE
  2
POINT1
 70
     0
  3
----/\-----/\---
 72
    65
 73
     2
 40
31.26232
 49
25.4
 49
-5.86232
  0
LTYPE
  2
CENTER
 70
     0
  3
Center ____ _ ____ _ ____ _ ____ _ ____ _ ____
 72
    65
 73
     4
 40
50.8
 49
31.75
 49
-6.35
 49
6.35
 49
-6.35
  0
LTYPE
  2
CENTERX2
 70
     0
  3
Center (2x) ________  __  ________  __  _____
 72
    65
 73
     4
 40
101.6
 49
63.5
 49
-12.7
 49
12.7
 49
-12.7
  0
LTYPE
  2
DIVIDEX2
 70
     0
  3
Divide (2x) ________  .  .  ________  .  .  _
 72
    65
 73
     6
 40
63.5
 49
25.4
 49
-12.7
 49
0.0
 49
-12.7
 49
0.0
 49
-12.7
  0
LTYPE
  2
HIDDEN
 70
     0
  3
Hidden __ __ __ __ __ __ __ __ __ __ __ __ __ __
 72
    65
 73
     2
 40
9.524999999999999
 49
6.35
 49
-3.175
  0
LTYPE
  2
ACAD_ISO09W100
 70
     0
  3
ISO long-dash double-short-dash ____ __ __ ____
 72
    65
 73
     6
 40
45.0
 49
24.0
 49
-3.0
 49
6.0
 49
-3.0
 49
6.0
 49
-3.0
  0
LTYPE
  2
DRAINAGE
 70
     0
  3
Drainage ---->---->---->----
 72
    65
 73
     2
 40
10.16
 49
5.08
 49
5.08
  0
LTYPE
  2
DASHED2
 70
     0
  3
Dashed (.5x) _ _ _ _ _ _ _ _ _ _ _ _ _ _ _ _ _ 
 72
    65
 73
     2
 40
9.524999999999999
 49
6.35
 49
-3.175
  0
LTYPE
  2
ACAD_ISO15W100
 70
     0
  3
ISO double-dash triple-dot __ __ . . . __ __ . .
 72
    65
 73
    10
 40
39.0
 49
12.0
 49
-3.0
 49
12.0
 49
-3.0
 49
0.0
 49
-3.0
 49
0.0
 49
-3.0
 49
0.0
 49
-3.0
  0
LTYPE
  2
HIDDEN2
 70
     0
  3
Hidden (.5x) _ _ _ _ _ _ _ _ _ _ _ _ _ _ _ _ _ 
 72
    65
 73
     2
 40
4.762499999999999
 49
3.175
 49
-1.5875
  0
LTYPE
  2
ACAD_ISO14W100
 70
     0
  3
ISO dash triple-dot __ . . . __ . . . __ . . . _
 72
    65
 73
     8
 40
24.0
 49
12.0
 49
-3.0
 49
0.0
 49
-3.0
 49
0.0
 49
-3.0
 49
0.0
 49
-3.0
  0
LTYPE
  2
FENCELINE1
 70
     0
  3
Fenceline circle ----0-----0----0-----0----0-----0--
 72
    65
 73
     4
 40
36.83
 49
6.35
 49
-2.54
 49
-2.54
 49
25.4
  0
LTYPE
  2
POINT2
 70
     0
  3
----\/-----\/---
 72
    65
 73
     2
 40
31.26232
 49
25.4
 49
-5.86232
  0
LTYPE
  2
DRAINAGE2
 70
     0
  3
Drainage reversed----<----<----<----
 72
    65
 73
     2
 40
10.16
 49
5.08
 49
5.08
  0
LTYPE
  2
DASHDOT2
 70
     0
  3
Dash dot (.5x) _._._._._._._._._._._._._._._.
 72
    65
 73
     4
 40
12.7
 49
6.35
 49
-3.175
 49
0.0
 49
-3.175
  0
LTYPE
  2
DIVIDE
 70
     0
  3
Divide ____ . . ____ . . ____ . . ____ . . ____
 72
    65
 73
     6
 40
31.75
 49
12.7
 49
-6.35
 49
0.0
 49
-6.35
 49
0.0
 49
-6.35
  0
LTYPE
  2
PHANTOM
 70
     0
  3
Phantom ______  __  __  ______  __  __  ______ 
 72
    65
 73
     6
 40
63.50000000000001
 49
31.75
 49
-6.35
 49
6.35
 49
-6.35
 49
6.35
 49
-6.35
  0
LTYPE
  2
DOT2
 70
     0
  3
Dot (.5x) ........................................
 72
    65
 73
     2
 40
3.175
 49
0.0
 49
-3.175
  0
LTYPE
  2
ACAD_ISO12W100
 70
     0
  3
ISO dash double-dot __ . . __ . . __ . . __ . . 
 72
    65
 73
     6
 40
21.0
 49
12.0
 49
-3.0
 49
0.0
 49
-3.0
 49
0.0
 49
-3.0
  0
LTYPE
  2
BORDER2
 70
     0
  3
Border (.5x) __.__.__.__.__.__.__.__.__.__.__.
 72
    65
 73
     6
 40
22.225
 49
6.35
 49
-3.175
 49
6.35
 49
-3.175
 49
0.0
 49
-3.175
  0
LTYPE
  2
CENTER2
 70
     0
  3
Center (.5x) ___ _ ___ _ ___ _ ___ _ ___ _ ___
 72
    65
 73
     4
 40
28.575
 49
19.05
 49
-3.175
 49
3.175
 49
-3.175
  0
LTYPE
  2
DASHDOTX2
 70
     0
  3
Dash dot (2x) ____  .  ____  .  ____  .  ___
 72
    65
 73
     4
 40
50.8
 49
25.4
 49
-12.7
 49
0.0
 49
-12.7
  0
LTYPE
  2
ACAD_ISO10W100
 70
     0
  3
ISO dash dot __ . __ . __ . __ . __ . __ . __ . 
 72
    65
 73
     4
 40
18.0
 49
12.0
 49
-3.0
 49
0.0
 49
-3.0
  0
LTYPE
  2
ACAD_ISO11W100
 70
     0
  3
ISO double-dash dot __ __ . __ __ . __ __ . __ _
 72
    65
 73
     6
 40
33.0
 49
12.0
 49
-3.0
 49
12.0
 49
-3.0
 49
0.0
 49
-3.0
  0
LTYPE
  2
ACAD_ISO13W100
 70
     0
  3
ISO double-dash double-dot __ __ . . __ __ . . _
 72
    65
 73
     8
 40
36.0
 49
12.0
 49
-3.0
 49
12.0
 49
-3.0
 49
0.0
 49
-3.0
 49
0.0
 49
-3.0
  0
LTYPE
  2
DOTX2
 70
     0
  3
Dot (2x) .  .  .  .  .  .  .  .  .  .  .  .  .  .
 72
    65
 73
     2
 40
12.7
 49
0.0
 49
-12.7
  0
LTYPE
  2
PLANT
 70
     0
  3
_/^ \_\^ \_
 72
    65
 73
     7
 40
21.94
 49
0.01
 49
-3.0
 49
-3.15
 49
-4.23
 49
-4.63
 49
-2.5
 49
-4.42
  0
LTYPE
  2
FENCELINE2
 70
     0
  3
Fenceline square ----[]-----[]----[]-----[]----[]---
 72
    65
 73
     4
 40
36.83
 49
6.35
 49
-2.54
 49
-2.54
 49
25.4
  0
LTYPE
  2
ACAD_ISO05W100
 70
     0
  3
ISO long-dash double-dot ____ .. ____ .. ____ . 
 72
    65
 73
     6
 40
33.0
 49
24.0
 49
-3.0
 49
0.0
 49
-3.0
 49
0.0
 49
-3.0
  0
LTYPE
  2
ACAD_ISO06W100
 70
     0
  3
ISO long-dash triple-dot ____ ... ____ ... ____
 72
    65
 73
     8
 40
36.0
 49
24.0
 49
-3.0
 49
0.0
 49
-3.0
 49
0.0
 49
-3.0
 49
0.0
 49
-3.0
  0
LTYPE
  2
BORDER
 70
     0
  3
Border __ __ . __ __ . __ __ . __ __ . __ __ .
 72
    65
 73
     6
 40
44.45
 49
12.7
 49
-6.35
 49
12.7
 49
-6.35
 49
0.0
 49
-6.35
  0
ENDTAB
  0
TABLE
  2
LAYER
 70
     1
  0
LAYER
  2
0
 70
     0
 62
     7
  6
CONTINUOUS
  0
ENDTAB
  0
TABLE
  2
STYLE
 70
     2
  0
STYLE
  2
STANDARD
 70
     0
 40
0.0
 41
1.0
 50
0.0
 71
     0
 42
0.2
  3
txt
  4

  0
STYLE
  2
QCADDIMTEXTSTYLE
 70
     0
 40
0.0
 41
1.0
 50
0.0
 71
     0
 42
0.2
  3

  4

  0
ENDTAB
  0
TABLE
  2
VIEW
 70
     0
  0
ENDTAB
  0
TABLE
  2
UCS
 70
     0
  0
ENDTAB
  0
TABLE
  2
APPID
 70
     2
  0
APPID
  2
ACAD
 70
     0
  0
APPID
  2
QCAD
 70
     0
  0
ENDTAB
  0
TABLE
  2
DIMSTYLE
 70
     2
  0
DIMSTYLE
  2
STANDARD
 70
     0
  3

  4

  5

  6

  7

 40
1.0
 41
0.18
 42
0.0625
 43
0.38
 44
0.18
 45
0.0
 46
0.0
 47
0.0
 48
0.0
140
0.18
141
0.09
142
0.0
143
25.4
144
1.0
145
0.0
146
1.0
147
0.09
 71
     0
 72
     0
 73
     1
 74
     1
 75
     0
 76
     0
 77
     0
 78
     0
170
     0
171
     2
172
     0
173
     0
174
     0
175
     0
176
     0
177
     0
178
     0
  0
DIMSTYLE
  2
QCADDIMSTYLE
 70
     0
  3

  4

  5

  6

  7

 40
1.0
 41
0.18
 42
0.0625
 43
0.38
 44
0.18
 45
0.0
 46
0.0
 47
0.0
 48
0.0
140
0.18
141
0.09
142
0.0
143
25.4
144
1.0
145
0.0
146
1.0
147
0.09
 71
     0
 72
     0
 73
     1
 74
     1
 75
     0
 76
     0
 77
     0
 78
     0
170
     0
171
     2
172
     0
173
     0
174
     0
175
     0
176
     0
177
     0
178
     0
  0
ENDTAB
  0
ENDSEC
  0
SECTION
  2
BLOCKS
  0
BLOCK
  8
0
  2
$MODEL_SPACE
 70
     0
 10
0.0
 20
0.0
 30
0.0
  3
$MODEL_SPACE
  1

  0
ENDBLK
  5
BB9
  8
0
  0
BLOCK
 67
     1
  8
0
  2
$PAPER_SPACE
 70
     0
 10
0.0
 20
0.0
 30
0.0
  3
$PAPER_SPACE
  1

  0
ENDBLK
  5
BB5
 67
     1
  8
0
  0
ENDSEC
  0
SECTION
  2
ENTITIES
  0
LINE
  5
149
  8
0
 10
27.34959105
 20
1.70896455
 30
0.0
 11
27.56161985
 21
1.73031325
 31
0.0
  0
LINE
  5
14A
  8
0
 10
27.56161985
 20
1.73031325
 30
0.0
 11
27.8622735
 21
1.7673836
 31
0.0
  0
LINE
  5
14B
  8
0
 10
27.8622735
 20
1.7673836
 30
0.0
 11
28.03632095
 21
1.8051913
 31
0.0
  0
LINE
  5
14C
  8
0
 10
28.03632095
 20
1.8051913
 30
0.0
 11
28.12928135
 21
1.85362435
 31
0.0
  0
LINE
  5
14D
  8
0
 10
28.12928135
 20
1.85362435
 30
0.0
 11
28.15957855
 21
1.8849153
 31
0.0
  0
LINE
  5
14E
  8
0
 10
28.15957855
 20
1.8849153
 30
0.0
 11
28.21283825
 21
1.98719865
 31
0.0
  0
LINE
  5
14F
  8
0
 10
28.21283825
 20
1.98719865
 30
0.0
 11
28.2099875
 21
2.08393535
 31
0.0
  0
LINE
  5
150
  8
0
 10
28.2099875
 20
2.08393535
 30
0.0
 11
28.19173075
 21
2.1118499
 31
0.0
  0
LINE
  5
151
  8
0
 10
28.19173075
 20
2.1118499
 30
0.0
 11
28.0961736
 21
2.21273645
 31
0.0
  0
LINE
  5
152
  8
0
 10
28.0961736
 20
2.21273645
 30
0.0
 11
27.8412281
 21
2.4434617
 31
0.0
  0
LINE
  5
153
  8
0
 10
27.8412281
 20
2.4434617
 30
0.0
 11
27.6248572
 21
2.6243491
 31
0.0
  0
LINE
  5
154
  8
0
 10
27.6248572
 20
2.6243491
 30
0.0
 11
27.09257545
 21
3.07196
 31
0.0
  0
LINE
  5
155
  8
0
 10
27.09257545
 20
3.07196
 30
0.0
 11
26.0629443
 21
4.02400315
 31
0.0
  0
LINE
  5
156
  8
0
 10
26.0629443
 20
4.02400315
 30
0.0
 11
25.60351275
 21
4.493374800000001
 31
0.0
  0
LINE
  5
157
  8
0
 10
25.60351275
 20
4.493374800000001
 30
0.0
 11
25.14897645
 21
4.97624695
 31
0.0
  0
LINE
  5
158
  8
0
 10
25.14897645
 20
4.97624695
 30
0.0
 11
24.66198825
 21
5.006284300000001
 31
0.0
  0
LINE
  5
159
  8
0
 10
24.66198825
 20
5.006284300000001
 30
0.0
 11
23.9698899
 21
5.05659815
 31
0.0
  0
LINE
  5
15A
  8
0
 10
23.9698899
 20
5.05659815
 30
0.0
 11
22.68368295
 21
5.198667400000001
 31
0.0
  0
LINE
  5
15B
  8
0
 10
22.68368295
 20
5.198667400000001
 30
0.0
 11
21.49281465
 21
5.402022250000001
 31
0.0
  0
LINE
  5
15C
  8
0
 10
21.49281465
 20
5.402022250000001
 30
0.0
 11
20.354908
 21
5.67389915
 31
0.0
  0
LINE
  5
15D
  8
0
 10
20.354908
 20
5.67389915
 30
0.0
 11
19.79257245
 21
5.8377947
 31
0.0
  0
LINE
  5
15E
  8
0
 10
19.79257245
 20
5.8377947
 30
0.0
 11
19.6462877
 21
5.8812857
 31
0.0
  0
LINE
  5
15F
  8
0
 10
19.6462877
 20
5.8812857
 30
0.0
 11
19.4057998
 21
5.9398229
 31
0.0
  0
LINE
  5
160
  8
0
 10
19.4057998
 20
5.9398229
 30
0.0
 11
19.2320469
 21
5.955783950000001
 31
0.0
  0
LINE
  5
161
  8
0
 10
19.2320469
 20
5.955783950000001
 30
0.0
 11
19.1217806
 21
5.92358935
 31
0.0
  0
LINE
  5
162
  8
0
 10
19.1217806
 20
5.92358935
 30
0.0
 11
19.0717525
 21
5.83765945
 31
0.0
  0
LINE
  5
163
  8
0
 10
19.0717525
 20
5.83765945
 30
0.0
 11
19.07871415
 21
5.6924146
 31
0.0
  0
LINE
  5
164
  8
0
 10
19.07871415
 20
5.6924146
 30
0.0
 11
19.13941715
 21
5.4822752
 31
0.0
  0
LINE
  5
165
  8
0
 10
19.13941715
 20
5.4822752
 30
0.0
 11
19.250613
 21
5.2016617
 31
0.0
  0
LINE
  5
166
  8
0
 10
19.250613
 20
5.2016617
 30
0.0
 11
19.3241306
 21
5.0331835
 31
0.0
  0
LINE
  5
167
  8
0
 10
19.3241306
 20
5.0331835
 30
0.0
 11
19.5806507
 21
4.48894905
 31
0.0
  0
LINE
  5
168
  8
0
 10
19.5806507
 20
4.48894905
 30
0.0
 11
20.21089715
 21
3.31790355
 31
0.0
  0
LINE
  5
169
  8
0
 10
20.21089715
 20
3.31790355
 30
0.0
 11
20.5619614
 21
2.73320035
 31
0.0
  0
LINE
  5
16A
  8
0
 10
20.5619614
 20
2.73320035
 30
0.0
 11
20.64282585
 21
2.60286805
 31
0.0
  0
LINE
  5
16B
  8
0
 10
20.64282585
 20
2.60286805
 30
0.0
 11
20.7740886
 21
2.3928858
 31
0.0
  0
LINE
  5
16C
  8
0
 10
20.7740886
 20
2.3928858
 30
0.0
 11
20.92242875
 21
2.18330965
 31
0.0
  0
LINE
  5
16D
  8
0
 10
20.92242875
 20
2.18330965
 30
0.0
 11
21.10689435
 21
2.0409513
 31
0.0
  0
LINE
  5
16E
  8
0
 10
21.10689435
 20
2.0409513
 30
0.0
 11
21.38412815
 21
1.97191045
 31
0.0
  0
LINE
  5
16F
  8
0
 10
21.38412815
 20
1.97191045
 30
0.0
 11
21.5943487
 21
1.93647225
 31
0.0
  0
LINE
  5
170
  8
0
 10
21.5943487
 20
1.93647225
 30
0.0
 11
22.69160565
 21
1.78374885
 31
0.0
  0
LINE
  5
171
  8
0
 10
22.69160565
 20
1.78374885
 30
0.0
 11
23.8
 21
1.6692099
 31
0.0
  0
LINE
  5
172
  8
0
 10
23.8
 20
1.6692099
 30
0.0
 11
23.94303515
 21
1.66100475
 31
0.0
  0
LINE
  5
173
  8
0
 10
23.94303515
 20
1.66100475
 30
0.0
 11
24.32056035
 21
1.64954155
 31
0.0
  0
LINE
  5
174
  8
0
 10
24.32056035
 20
1.64954155
 30
0.0
 11
25.04633615
 21
1.64394015
 31
0.0
  0
LINE
  5
175
  8
0
 10
25.04633615
 20
1.64394015
 30
0.0
 11
26.11813115
 21
1.655944
 31
0.0
  0
LINE
  5
176
  8
0
 10
26.11813115
 20
1.655944
 30
0.0
 11
26.8387003
 21
1.6777442
 31
0.0
  0
LINE
  5
177
  8
0
 10
26.8387003
 20
1.6777442
 30
0.0
 11
27.21027495
 21
1.69759715
 31
0.0
  0
LINE
  5
178
  8
0
 10
27.21027495
 20
1.69759715
 30
0.0
 11
27.34959105
 21
1.70896455
 31
0.0
  0
LINE
  5
179
  8
0
 10
30.35
 20
2.18777925
 30
0.0
 11
30.9634566
 21
2.33673825
 31
0.0
  0
LINE
  5
17A
  8
0
 10
30.9634566
 20
2.33673825
 30
0.0
 11
32.1921607
 21
2.6964708
 31
0.0
  0
LINE
  5
17B
  8
0
 10
32.1921607
 20
2.6964708
 30
0.0
 11
33.41775185
 21
3.13664715
 31
0.0
  0
LINE
  5
17C
  8
0
 10
33.41775185
 20
3.13664715
 30
0.0
 11
34.63362905
 21
3.65489655
 31
0.0
  0
LINE
  5
17D
  8
0
 10
34.63362905
 20
3.65489655
 30
0.0
 11
35.23586215
 21
3.9425578
 31
0.0
  0
LINE
  5
17E
  8
0
 10
35.23586215
 20
3.9425578
 30
0.0
 11
35.40967995
 21
4.02893755
 31
0.0
  0
LINE
  5
17F
  8
0
 10
35.40967995
 20
4.02893755
 30
0.0
 11
35.70552660000001
 21
4.1783378
 31
0.0
  0
LINE
  5
180
  8
0
 10
35.70552660000001
 20
4.1783378
 30
0.0
 11
36.0329159
 21
4.3523005
 31
0.0
  0
LINE
  5
181
  8
0
 10
36.0329159
 20
4.3523005
 30
0.0
 11
36.28884775
 21
4.51379045
 31
0.0
  0
LINE
  5
182
  8
0
 10
36.28884775
 20
4.51379045
 30
0.0
 11
36.38959735
 21
4.6270628
 31
0.0
  0
LINE
  5
183
  8
0
 10
36.38959735
 20
4.6270628
 30
0.0
 11
36.39923435
 21
4.67663165
 31
0.0
  0
LINE
  5
184
  8
0
 10
36.39923435
 20
4.67663165
 30
0.0
 11
36.39307575
 21
4.7353457
 31
0.0
  0
LINE
  5
185
  8
0
 10
36.39307575
 20
4.7353457
 30
0.0
 11
36.3294668
 21
4.832937350000001
 31
0.0
  0
LINE
  5
186
  8
0
 10
36.3294668
 20
4.832937350000001
 30
0.0
 11
36.1578577
 21
4.92542945
 31
0.0
  0
LINE
  5
187
  8
0
 10
36.1578577
 20
4.92542945
 30
0.0
 11
35.83071525
 21
5.03844095
 31
0.0
  0
LINE
  5
188
  8
0
 10
35.83071525
 20
5.03844095
 30
0.0
 11
35.5939649
 21
5.11064745
 31
0.0
  0
LINE
  5
189
  8
0
 10
35.5939649
 20
5.11064745
 30
0.0
 11
34.93333825000001
 21
5.31860285
 31
0.0
  0
LINE
  5
18A
  8
0
 10
34.93333825000001
 20
5.31860285
 30
0.0
 11
33.68276880000001
 21
5.7788832
 31
0.0
  0
LINE
  5
18B
  8
0
 10
33.68276880000001
 20
5.7788832
 30
0.0
 11
33.05384985
 21
6.045553600000001
 31
0.0
  0
LINE
  5
18C
  8
0
 10
33.05384985
 20
6.045553600000001
 30
0.0
 11
32.38269975
 21
6.34179185
 31
0.0
  0
LINE
  5
18D
  8
0
 10
32.38269975
 20
6.34179185
 30
0.0
 11
31.65384985
 21
6.090506
 31
0.0
  0
LINE
  5
18E
  8
0
 10
31.65384985
 20
6.090506
 30
0.0
 11
31.0795497
 21
5.898872000000001
 31
0.0
  0
LINE
  5
18F
  8
0
 10
31.0795497
 20
5.898872000000001
 30
0.0
 11
30.0167446
 21
5.5872225
 31
0.0
  0
LINE
  5
190
  8
0
 10
30.0167446
 20
5.5872225
 30
0.0
 11
28.9954469
 21
5.35445235
 31
0.0
  0
LINE
  5
191
  8
0
 10
28.9954469
 20
5.35445235
 30
0.0
 11
27.92819295
 21
5.180627250000001
 31
0.0
  0
LINE
  5
192
  8
0
 10
27.92819295
 20
5.180627250000001
 30
0.0
 11
27.35
 21
5.109589600000001
 31
0.0
  0
LINE
  5
193
  8
0
 10
27.35
 20
5.109589600000001
 30
0.0
 11
27.2057068
 21
5.0933539
 31
0.0
  0
LINE
  5
194
  8
0
 10
27.2057068
 20
5.0933539
 30
0.0
 11
26.96824585
 21
5.065455800000001
 31
0.0
  0
LINE
  5
195
  8
0
 10
26.96824585
 20
5.065455800000001
 30
0.0
 11
26.72204845
 21
5.0298488
 31
0.0
  0
LINE
  5
196
  8
0
 10
26.72204845
 20
5.0298488
 30
0.0
 11
26.54921245
 21
4.9794807
 31
0.0
  0
LINE
  5
197
  8
0
 10
26.54921245
 20
4.9794807
 30
0.0
 11
26.4843131
 21
4.90549685
 31
0.0
  0
LINE
  5
198
  8
0
 10
26.4843131
 20
4.90549685
 30
0.0
 11
26.46858015
 21
4.852725
 31
0.0
  0
LINE
  5
199
  8
0
 10
26.46858015
 20
4.852725
 30
0.0
 11
26.4635994
 21
4.7768768
 31
0.0
  0
LINE
  5
19A
  8
0
 10
26.4635994
 20
4.7768768
 30
0.0
 11
26.5323214
 21
4.64422665
 31
0.0
  0
LINE
  5
19B
  8
0
 10
26.5323214
 20
4.64422665
 30
0.0
 11
26.6476413
 21
4.51280685
 31
0.0
  0
LINE
  5
19C
  8
0
 10
26.6476413
 20
4.51280685
 30
0.0
 11
26.73096395
 21
4.4263836
 31
0.0
  0
LINE
  5
19D
  8
0
 10
26.73096395
 20
4.4263836
 30
0.0
 11
26.90685535
 21
4.25239
 31
0.0
  0
LINE
  5
19E
  8
0
 10
26.90685535
 20
4.25239
 30
0.0
 11
27.32019305
 21
3.8720017
 31
0.0
  0
LINE
  5
19F
  8
0
 10
27.32019305
 20
3.8720017
 30
0.0
 11
28.0302723
 21
3.26976025
 31
0.0
  0
LINE
  5
1A0
  8
0
 10
28.0302723
 20
3.26976025
 30
0.0
 11
28.74633535
 21
2.70847795
 31
0.0
  0
LINE
  5
1A1
  8
0
 10
28.74633535
 20
2.70847795
 30
0.0
 11
29.17031095
 21
2.4009059
 31
0.0
  0
LINE
  5
1A2
  8
0
 10
29.17031095
 20
2.4009059
 30
0.0
 11
29.5118598
 21
2.1773294
 31
0.0
  0
LINE
  5
1A3
  8
0
 10
29.5118598
 20
2.1773294
 30
0.0
 11
29.7369475
 21
2.0640652
 31
0.0
  0
LINE
  5
1A4
  8
0
 10
29.7369475
 20
2.0640652
 30
0.0
 11
29.7951826
 21
2.05702415
 31
0.0
  0
LINE
  5
1A5
  8
0
 10
29.7951826
 20
2.05702415
 30
0.0
 11
29.82091105
 21
2.06391285
 31
0.0
  0
LINE
  5
1A6
  8
0
 10
29.82091105
 20
2.06391285
 30
0.0
 11
29.92113785
 21
2.0884767
 31
0.0
  0
LINE
  5
1A7
  8
0
 10
29.92113785
 20
2.0884767
 30
0.0
 11
30.1592683
 21
2.1442438
 31
0.0
  0
LINE
  5
1A8
  8
0
 10
30.1592683
 20
2.1442438
 30
0.0
 11
30.35
 21
2.18777925
 31
0.0
  0
LINE
  5
1A9
  8
0
 10
19.59
 20
2.49550265
 30
0.0
 11
19.62318815
 21
2.5384611
 31
0.0
  0
LINE
  5
1AA
  8
0
 10
19.62318815
 20
2.5384611
 30
0.0
 11
19.6394518
 21
2.6551742
 31
0.0
  0
LINE
  5
1AB
  8
0
 10
19.6394518
 20
2.6551742
 30
0.0
 11
19.5768806
 21
2.85045675
 31
0.0
  0
LINE
  5
1AC
  8
0
 10
19.5768806
 20
2.85045675
 30
0.0
 11
19.4210529
 21
3.1693182
 31
0.0
  0
LINE
  5
1AD
  8
0
 10
19.4210529
 20
3.1693182
 30
0.0
 11
19.30366105
 21
3.38915655
 31
0.0
  0
LINE
  5
1AE
  8
0
 10
19.30366105
 20
3.38915655
 30
0.0
 11
19.1532017
 21
3.6748534
 31
0.0
  0
LINE
  5
1AF
  8
0
 10
19.1532017
 20
3.6748534
 30
0.0
 11
18.83593255
 21
4.3194579
 31
0.0
  0
LINE
  5
1B0
  8
0
 10
18.83593255
 20
4.3194579
 30
0.0
 11
18.52165525
 21
5.0074068
 31
0.0
  0
LINE
  5
1B1
  8
0
 10
18.52165525
 20
5.0074068
 30
0.0
 11
18.24012035
 21
5.67357625
 31
0.0
  0
LINE
  5
1B2
  8
0
 10
18.24012035
 20
5.67357625
 30
0.0
 11
18.12092845
 21
5.9781424
 31
0.0
  0
LINE
  5
1B3
  8
0
 10
18.12092845
 20
5.9781424
 30
0.0
 11
17.925
 21
6.49578215
 31
0.0
  0
LINE
  5
1B4
  8
0
 10
17.925
 20
6.49578215
 30
0.0
 11
17.12289375
 21
6.8902052
 31
0.0
  0
LINE
  5
1B5
  8
0
 10
17.12289375
 20
6.8902052
 30
0.0
 11
16.6150323
 21
7.1487466
 31
0.0
  0
LINE
  5
1B6
  8
0
 10
16.6150323
 20
7.1487466
 30
0.0
 11
15.62778305
 21
7.704194
 31
0.0
  0
LINE
  5
1B7
  8
0
 10
15.62778305
 20
7.704194
 30
0.0
 11
14.6858174
 21
8.306117650000001
 31
0.0
  0
LINE
  5
1B8
  8
0
 10
14.6858174
 20
8.306117650000001
 30
0.0
 11
13.79791785
 21
8.9489054
 31
0.0
  0
LINE
  5
1B9
  8
0
 10
13.79791785
 20
8.9489054
 30
0.0
 11
13.37698745
 21
9.2838695
 31
0.0
  0
LINE
  5
1BA
  8
0
 10
13.37698745
 20
9.2838695
 30
0.0
 11
13.1803955
 21
9.4398161
 31
0.0
  0
LINE
  5
1BB
  8
0
 10
13.1803955
 20
9.4398161
 30
0.0
 11
12.9338289
 21
9.616668050000001
 31
0.0
  0
LINE
  5
1BC
  8
0
 10
12.9338289
 20
9.616668050000001
 30
0.0
 11
12.829186
 21
9.677305250000002
 31
0.0
  0
LINE
  5
1BD
  8
0
 10
12.829186
 20
9.677305250000002
 30
0.0
 11
12.8018618
 21
9.68550265
 31
0.0
  0
LINE
  5
1BE
  8
0
 10
12.8018618
 20
9.68550265
 30
0.0
 11
12.7143011
 21
9.65614665
 31
0.0
  0
LINE
  5
1BF
  8
0
 10
12.7143011
 20
9.65614665
 30
0.0
 11
12.6250586
 21
9.5855674
 31
0.0
  0
LINE
  5
1C0
  8
0
 10
12.6250586
 20
9.5855674
 30
0.0
 11
12.57717165
 21
9.51000235
 31
0.0
  0
LINE
  5
1C1
  8
0
 10
12.57717165
 20
9.51000235
 30
0.0
 11
12.5511039
 21
9.2768547
 31
0.0
  0
LINE
  5
1C2
  8
0
 10
12.5511039
 20
9.2768547
 30
0.0
 11
12.558577
 21
8.9555731
 31
0.0
  0
LINE
  5
1C3
  8
0
 10
12.558577
 20
8.9555731
 30
0.0
 11
12.56831435
 21
8.7230674
 31
0.0
  0
LINE
  5
1C4
  8
0
 10
12.56831435
 20
8.7230674
 30
0.0
 11
12.59472765
 21
8.27626495
 31
0.0
  0
LINE
  5
1C5
  8
0
 10
12.59472765
 20
8.27626495
 30
0.0
 11
12.6857767
 21
7.2783317
 31
0.0
  0
LINE
  5
1C6
  8
0
 10
12.6857767
 20
7.2783317
 30
0.0
 11
12.77449235
 21
6.542806500000001
 31
0.0
  0
LINE
  5
1C7
  8
0
 10
12.77449235
 20
6.542806500000001
 30
0.0
 11
12.8371662
 21
6.10823585
 31
0.0
  0
LINE
  5
1C8
  8
0
 10
12.8371662
 20
6.10823585
 30
0.0
 11
12.8988076
 21
5.7491664
 31
0.0
  0
LINE
  5
1C9
  8
0
 10
12.8988076
 20
5.7491664
 30
0.0
 11
12.95611095
 21
5.4920647
 31
0.0
  0
LINE
  5
1CA
  8
0
 10
12.95611095
 20
5.4920647
 30
0.0
 11
12.9821029
 21
5.4100226
 31
0.0
  0
LINE
  5
1CB
  8
0
 10
12.9821029
 20
5.4100226
 30
0.0
 11
13.0154579
 21
5.36812165
 31
0.0
  0
LINE
  5
1CC
  8
0
 10
13.0154579
 20
5.36812165
 30
0.0
 11
13.1983683
 21
5.227108400000001
 31
0.0
  0
LINE
  5
1CD
  8
0
 10
13.1983683
 20
5.227108400000001
 30
0.0
 11
13.5094331
 21
5.02510525
 31
0.0
  0
LINE
  5
1CE
  8
0
 10
13.5094331
 20
5.02510525
 30
0.0
 11
13.91651695
 21
4.7804621
 31
0.0
  0
LINE
  5
1CF
  8
0
 10
13.91651695
 20
4.7804621
 30
0.0
 11
14.6368822
 21
4.37368815
 31
0.0
  0
LINE
  5
1D0
  8
0
 10
14.6368822
 20
4.37368815
 30
0.0
 11
15.39252885
 21
3.9741932
 31
0.0
  0
LINE
  5
1D1
  8
0
 10
15.39252885
 20
3.9741932
 30
0.0
 11
15.8623351
 21
3.74249045
 31
0.0
  0
LINE
  5
1D2
  8
0
 10
15.8623351
 20
3.74249045
 30
0.0
 11
16.075
 21
3.64390855
 31
0.0
  0
LINE
  5
1D3
  8
0
 10
16.075
 20
3.64390855
 30
0.0
 11
16.39246425
 21
3.5017341
 31
0.0
  0
LINE
  5
1D4
  8
0
 10
16.39246425
 20
3.5017341
 30
0.0
 11
16.9202028
 21
3.27472465
 31
0.0
  0
LINE
  5
1D5
  8
0
 10
16.9202028
 20
3.27472465
 30
0.0
 11
17.41012505
 21
3.08304695
 31
0.0
  0
LINE
  5
1D6
  8
0
 10
17.41012505
 20
3.08304695
 30
0.0
 11
17.9883554
 21
2.877356
 31
0.0
  0
LINE
  5
1D7
  8
0
 10
17.9883554
 20
2.877356
 30
0.0
 11
18.35
 21
2.7538352
 31
0.0
  0
LINE
  5
1D8
  8
0
 10
18.35
 20
2.7538352
 30
0.0
 11
18.519799
 21
2.6965641
 31
0.0
  0
LINE
  5
1D9
  8
0
 10
18.519799
 20
2.6965641
 30
0.0
 11
18.80938585
 21
2.6011994
 31
0.0
  0
LINE
  5
1DA
  8
0
 10
18.80938585
 20
2.6011994
 30
0.0
 11
19.13384405
 21
2.5029492
 31
0.0
  0
LINE
  5
1DB
  8
0
 10
19.13384405
 20
2.5029492
 30
0.0
 11
19.40356255
 21
2.446758
 31
0.0
  0
LINE
  5
1DC
  8
0
 10
19.40356255
 20
2.446758
 30
0.0
 11
19.5461978
 21
2.46375475
 31
0.0
  0
LINE
  5
1DD
  8
0
 10
19.5461978
 20
2.46375475
 30
0.0
 11
19.59
 21
2.49550265
 31
0.0
  0
LINE
  5
1DE
  8
0
 10
38.192218
 20
5.694612750000001
 30
0.0
 11
39.0170443
 21
6.31062785
 31
0.0
  0
LINE
  5
1DF
  8
0
 10
39.0170443
 20
6.31062785
 30
0.0
 11
40.55275445
 21
7.630842250000001
 31
0.0
  0
LINE
  5
1E0
  8
0
 10
40.55275445
 20
7.630842250000001
 30
0.0
 11
41.3013084
 21
8.3674257
 31
0.0
  0
LINE
  5
1E1
  8
0
 10
41.3013084
 20
8.3674257
 30
0.0
 11
41.6402354
 21
8.7202251
 31
0.0
  0
LINE
  5
1E2
  8
0
 10
41.6402354
 20
8.7202251
 30
0.0
 11
42.2204749
 21
9.35623505
 31
0.0
  0
LINE
  5
1E3
  8
0
 10
42.2204749
 20
9.35623505
 30
0.0
 11
42.55317840000001
 21
9.75175785
 31
0.0
  0
LINE
  5
1E4
  8
0
 10
42.55317840000001
 20
9.75175785
 30
0.0
 11
42.7180572
 21
9.966830700000001
 31
0.0
  0
LINE
  5
1E5
  8
0
 10
42.7180572
 20
9.966830700000001
 30
0.0
 11
42.83234135000001
 21
10.13691425
 31
0.0
  0
LINE
  5
1E6
  8
0
 10
42.83234135000001
 20
10.13691425
 30
0.0
 11
42.8916973
 21
10.25677825
 31
0.0
  0
LINE
  5
1E7
  8
0
 10
42.8916973
 20
10.25677825
 30
0.0
 11
42.89942295
 21
10.29624345
 31
0.0
  0
LINE
  5
1E8
  8
0
 10
42.89942295
 20
10.29624345
 30
0.0
 11
42.89323210000001
 21
10.3724475
 31
0.0
  0
LINE
  5
1E9
  8
0
 10
42.89323210000001
 20
10.3724475
 30
0.0
 11
42.822709
 21
10.4710155
 31
0.0
  0
LINE
  5
1EA
  8
0
 10
42.822709
 20
10.4710155
 30
0.0
 11
42.6328657
 21
10.5053578
 31
0.0
  0
LINE
  5
1EB
  8
0
 10
42.6328657
 20
10.5053578
 30
0.0
 11
42.2735442
 21
10.48454805
 31
0.0
  0
LINE
  5
1EC
  8
0
 10
42.2735442
 20
10.48454805
 30
0.0
 11
42.0146547
 21
10.4562966
 31
0.0
  0
LINE
  5
1ED
  8
0
 10
42.0146547
 20
10.4562966
 30
0.0
 11
41.84069325
 21
10.4386563
 31
0.0
  0
LINE
  5
1EE
  8
0
 10
41.84069325
 20
10.4386563
 30
0.0
 11
41.39380435
 21
10.4066822
 31
0.0
  0
LINE
  5
1EF
  8
0
 10
41.39380435
 20
10.4066822
 30
0.0
 11
40.55009405000001
 21
10.3705132
 31
0.0
  0
LINE
  5
1F0
  8
0
 10
40.55009405000001
 20
10.3705132
 30
0.0
 11
39.9296209
 21
10.35700425
 31
0.0
  0
LINE
  5
1F1
  8
0
 10
39.9296209
 20
10.35700425
 30
0.0
 11
39.70564450000001
 21
10.35385925
 31
0.0
  0
LINE
  5
1F2
  8
0
 10
39.70564450000001
 20
10.35385925
 30
0.0
 11
39.3302302
 21
10.34757505
 31
0.0
  0
LINE
  5
1F3
  8
0
 10
39.3302302
 20
10.34757505
 30
0.0
 11
39.04104770000001
 21
10.34052865
 31
0.0
  0
LINE
  5
1F4
  8
0
 10
39.04104770000001
 20
10.34052865
 30
0.0
 11
38.8255137
 21
10.331796
 31
0.0
  0
LINE
  5
1F5
  8
0
 10
38.8255137
 20
10.331796
 30
0.0
 11
38.61277765
 21
10.31351405
 31
0.0
  0
LINE
  5
1F6
  8
0
 10
38.61277765
 20
10.31351405
 30
0.0
 11
38.4694551
 21
10.27461205
 31
0.0
  0
LINE
  5
1F7
  8
0
 10
38.4694551
 20
10.27461205
 30
0.0
 11
38.4296209
 21
10.2468566
 31
0.0
  0
LINE
  5
1F8
  8
0
 10
38.4296209
 20
10.2468566
 30
0.0
 11
38.36335405
 21
10.18818825
 31
0.0
  0
LINE
  5
1F9
  8
0
 10
38.36335405
 20
10.18818825
 30
0.0
 11
38.13444665
 21
9.9827057
 31
0.0
  0
LINE
  5
1FA
  8
0
 10
38.13444665
 20
9.9827057
 30
0.0
 11
38.0
 21
9.8612003
 31
0.0
  0
LINE
  5
1FB
  8
0
 10
38.0
 20
9.8612003
 30
0.0
 11
37.7721813
 21
9.66048995
 31
0.0
  0
LINE
  5
1FC
  8
0
 10
37.7721813
 20
9.66048995
 30
0.0
 11
37.2414303
 21
9.221946749999999
 31
0.0
  0
LINE
  5
1FD
  8
0
 10
37.2414303
 20
9.221946749999999
 30
0.0
 11
36.66032925
 21
8.77243125
 31
0.0
  0
LINE
  5
1FE
  8
0
 10
36.66032925
 20
8.77243125
 30
0.0
 11
36.08863985
 21
8.3581725
 31
0.0
  0
LINE
  5
1FF
  8
0
 10
36.08863985
 20
8.3581725
 30
0.0
 11
35.825
 21
8.17871105
 31
0.0
  0
LINE
  5
200
  8
0
 10
35.825
 20
8.17871105
 30
0.0
 11
35.4265326
 21
7.9185317
 31
0.0
  0
LINE
  5
201
  8
0
 10
35.4265326
 20
7.9185317
 30
0.0
 11
34.8618152
 21
7.57526625
 31
0.0
  0
LINE
  5
202
  8
0
 10
34.8618152
 20
7.57526625
 30
0.0
 11
34.49933470000001
 21
7.36797785
 31
0.0
  0
LINE
  5
203
  8
0
 10
34.49933470000001
 20
7.36797785
 30
0.0
 11
34.19824535
 21
7.198777
 31
0.0
  0
LINE
  5
204
  8
0
 10
34.19824535
 20
7.198777
 30
0.0
 11
34.025
 21
7.101960750000001
 31
0.0
  0
LINE
  5
205
  8
0
 10
34.025
 20
7.101960750000001
 30
0.0
 11
33.9311469
 21
7.048284
 31
0.0
  0
LINE
  5
206
  8
0
 10
33.9311469
 20
7.048284
 30
0.0
 11
33.79222045
 21
6.95894655
 31
0.0
  0
LINE
  5
207
  8
0
 10
33.79222045
 20
6.95894655
 30
0.0
 11
33.68344705000001
 21
6.850238000000001
 31
0.0
  0
LINE
  5
208
  8
0
 10
33.68344705000001
 20
6.850238000000001
 30
0.0
 11
33.6599721
 21
6.7792754
 31
0.0
  0
LINE
  5
209
  8
0
 10
33.6599721
 20
6.7792754
 30
0.0
 11
33.6691934
 21
6.67288555
 31
0.0
  0
LINE
  5
20A
  8
0
 10
33.6691934
 20
6.67288555
 30
0.0
 11
33.71246685
 21
6.59590425
 31
0.0
  0
LINE
  5
20B
  8
0
 10
33.71246685
 20
6.59590425
 30
0.0
 11
33.7664545
 21
6.56123375
 31
0.0
  0
LINE
  5
20C
  8
0
 10
33.7664545
 20
6.56123375
 30
0.0
 11
33.97323295
 21
6.46534885
 31
0.0
  0
LINE
  5
20D
  8
0
 10
33.97323295
 20
6.46534885
 30
0.0
 11
34.28766715
 21
6.34215515
 31
0.0
  0
LINE
  5
20E
  8
0
 10
34.28766715
 20
6.34215515
 30
0.0
 11
34.6808591
 21
6.2013524
 31
0.0
  0
LINE
  5
20F
  8
0
 10
34.6808591
 20
6.2013524
 30
0.0
 11
35.3551034
 21
5.9783495
 31
0.0
  0
LINE
  5
210
  8
0
 10
35.3551034
 20
5.9783495
 30
0.0
 11
36.26003285
 21
5.709911550000001
 31
0.0
  0
LINE
  5
211
  8
0
 10
36.26003285
 20
5.709911550000001
 30
0.0
 11
36.65002145
 21
5.60990245
 31
0.0
  0
LINE
  5
212
  8
0
 10
36.65002145
 20
5.60990245
 30
0.0
 11
36.8851108
 21
5.5540462
 31
0.0
  0
LINE
  5
213
  8
0
 10
36.8851108
 20
5.5540462
 30
0.0
 11
37.19274050000001
 21
5.479814600000001
 31
0.0
  0
LINE
  5
214
  8
0
 10
37.19274050000001
 20
5.479814600000001
 30
0.0
 11
37.33313275
 21
5.445096800000001
 31
0.0
  0
LINE
  5
215
  8
0
 10
37.33313275
 20
5.445096800000001
 30
0.0
 11
37.375
 21
5.43432925
 31
0.0
  0
LINE
  5
216
  8
0
 10
37.375
 20
5.43432925
 30
0.0
 11
37.47683175
 21
5.410352850000001
 31
0.0
  0
LINE
  5
217
  8
0
 10
37.47683175
 20
5.410352850000001
 30
0.0
 11
37.6484198
 21
5.400535250000001
 31
0.0
  0
LINE
  5
218
  8
0
 10
37.6484198
 20
5.400535250000001
 30
0.0
 11
37.8203741
 21
5.4553026
 31
0.0
  0
LINE
  5
219
  8
0
 10
37.8203741
 20
5.4553026
 30
0.0
 11
38.044455
 21
5.59114055
 31
0.0
  0
LINE
  5
21A
  8
0
 10
38.044455
 20
5.59114055
 30
0.0
 11
38.192218
 21
5.694612750000001
 31
0.0
  0
LINE
  5
21B
  8
0
 10
27.175
 20
5.840473100000001
 30
0.0
 11
27.94732255
 21
5.933719
 31
0.0
  0
LINE
  5
21C
  8
0
 10
27.94732255
 20
5.933719
 30
0.0
 11
29.58837625
 21
6.250841650000001
 31
0.0
  0
LINE
  5
21D
  8
0
 10
29.58837625
 20
6.250841650000001
 30
0.0
 11
30.425
 21
6.46851375
 31
0.0
  0
LINE
  5
21E
  8
0
 10
30.425
 20
6.46851375
 30
0.0
 11
30.60863595
 21
6.52243395
 31
0.0
  0
LINE
  5
21F
  8
0
 10
30.60863595
 20
6.52243395
 30
0.0
 11
30.8752559
 21
6.61645865
 31
0.0
  0
LINE
  5
220
  8
0
 10
30.8752559
 20
6.61645865
 30
0.0
 11
31.0284348
 21
6.70391635
 31
0.0
  0
LINE
  5
221
  8
0
 10
31.0284348
 20
6.70391635
 30
0.0
 11
31.0930864
 21
6.79903155
 31
0.0
  0
LINE
  5
222
  8
0
 10
31.0930864
 20
6.79903155
 30
0.0
 11
31.1
 21
6.8539059
 31
0.0
  0
LINE
  5
223
  8
0
 10
31.1
 20
6.8539059
 30
0.0
 11
31.09601045
 21
6.906237600000001
 31
0.0
  0
LINE
  5
224
  8
0
 10
31.09601045
 20
6.906237600000001
 30
0.0
 11
31.0452233
 21
7.00479275
 31
0.0
  0
LINE
  5
225
  8
0
 10
31.0452233
 20
7.00479275
 30
0.0
 11
30.89542425
 21
7.1303529
 31
0.0
  0
LINE
  5
226
  8
0
 10
30.89542425
 20
7.1303529
 30
0.0
 11
30.59629175
 21
7.325097100000001
 31
0.0
  0
LINE
  5
227
  8
0
 10
30.59629175
 20
7.325097100000001
 30
0.0
 11
30.375
 21
7.461594150000001
 31
0.0
  0
LINE
  5
228
  8
0
 10
30.375
 20
7.461594150000001
 30
0.0
 11
29.94823375
 21
7.73137895
 31
0.0
  0
LINE
  5
229
  8
0
 10
29.94823375
 20
7.73137895
 30
0.0
 11
29.0641962
 21
8.33727105
 31
0.0
  0
LINE
  5
22A
  8
0
 10
29.0641962
 20
8.33727105
 30
0.0
 11
27.73644485
 21
9.3559259
 31
0.0
  0
LINE
  5
22B
  8
0
 10
27.73644485
 20
9.3559259
 30
0.0
 11
26.90814435
 21
10.0646931
 31
0.0
  0
LINE
  5
22C
  8
0
 10
26.90814435
 20
10.0646931
 30
0.0
 11
26.3412887
 21
10.5735023
 31
0.0
  0
LINE
  5
22D
  8
0
 10
26.3412887
 20
10.5735023
 30
0.0
 11
25.10814435
 21
10.60152055
 31
0.0
  0
LINE
  5
22E
  8
0
 10
25.10814435
 20
10.60152055
 30
0.0
 11
24.8304475
 21
10.60902755
 31
0.0
  0
LINE
  5
22F
  8
0
 10
24.8304475
 20
10.60902755
 30
0.0
 11
24.31656265
 21
10.62989665
 31
0.0
  0
LINE
  5
230
  8
0
 10
24.31656265
 20
10.62989665
 30
0.0
 11
23.8795964
 21
10.6572233
 31
0.0
  0
LINE
  5
231
  8
0
 10
23.8795964
 20
10.6572233
 30
0.0
 11
23.54543705
 21
10.6893886
 31
0.0
  0
LINE
  5
232
  8
0
 10
23.54543705
 20
10.6893886
 30
0.0
 11
23.425
 21
10.7067798
 31
0.0
  0
LINE
  5
233
  8
0
 10
23.425
 20
10.7067798
 30
0.0
 11
23.2277516
 21
10.73934705
 31
0.0
  0
LINE
  5
234
  8
0
 10
23.2277516
 20
10.73934705
 30
0.0
 11
22.83590775
 21
10.7978967
 31
0.0
  0
LINE
  5
235
  8
0
 10
22.83590775
 20
10.7978967
 30
0.0
 11
22.68957465
 21
10.8166677
 31
0.0
  0
LINE
  5
236
  8
0
 10
22.68957465
 20
10.8166677
 30
0.0
 11
22.59904375
 21
10.82649665
 31
0.0
  0
LINE
  5
237
  8
0
 10
22.59904375
 20
10.82649665
 30
0.0
 11
22.4760126
 21
10.83230945
 31
0.0
  0
LINE
  5
238
  8
0
 10
22.4760126
 20
10.83230945
 30
0.0
 11
22.3847766
 21
10.7920762
 31
0.0
  0
LINE
  5
239
  8
0
 10
22.3847766
 20
10.7920762
 30
0.0
 11
22.3458976
 21
10.72146605
 31
0.0
  0
LINE
  5
23A
  8
0
 10
22.3458976
 20
10.72146605
 30
0.0
 11
22.3304859
 21
10.6787876
 31
0.0
  0
LINE
  5
23B
  8
0
 10
22.3304859
 20
10.6787876
 30
0.0
 11
22.3328047
 21
10.57654725
 31
0.0
  0
LINE
  5
23C
  8
0
 10
22.3328047
 20
10.57654725
 30
0.0
 11
22.3959445
 21
10.4071844
 31
0.0
  0
LINE
  5
23D
  8
0
 10
22.3959445
 20
10.4071844
 30
0.0
 11
22.53986325
 21
10.1171651
 31
0.0
  0
LINE
  5
23E
  8
0
 10
22.53986325
 20
10.1171651
 30
0.0
 11
22.6483515
 21
9.91018
 31
0.0
  0
LINE
  5
23F
  8
0
 10
22.6483515
 20
9.91018
 30
0.0
 11
23.15246245
 21
9.0094314
 31
0.0
  0
LINE
  5
240
  8
0
 10
23.15246245
 20
9.0094314
 30
0.0
 11
24.3261319
 21
7.217678200000001
 31
0.0
  0
LINE
  5
241
  8
0
 10
24.3261319
 20
7.217678200000001
 30
0.0
 11
24.989907
 21
6.33550265
 31
0.0
  0
LINE
  5
242
  8
0
 10
24.989907
 20
6.33550265
 30
0.0
 11
25.14123615
 21
6.14584855
 31
0.0
  0
LINE
  5
243
  8
0
 10
25.14123615
 20
6.14584855
 30
0.0
 11
25.334977
 21
5.91267515
 31
0.0
  0
LINE
  5
244
  8
0
 10
25.334977
 20
5.91267515
 30
0.0
 11
25.42023485
 21
5.817326850000001
 31
0.0
  0
LINE
  5
245
  8
0
 10
25.42023485
 20
5.817326850000001
 30
0.0
 11
25.44410425
 21
5.7943417
 31
0.0
  0
LINE
  5
246
  8
0
 10
25.44410425
 20
5.7943417
 30
0.0
 11
25.49838975
 21
5.77173435
 31
0.0
  0
LINE
  5
247
  8
0
 10
25.49838975
 20
5.77173435
 30
0.0
 11
25.74055705
 21
5.750698100000001
 31
0.0
  0
LINE
  5
248
  8
0
 10
25.74055705
 20
5.750698100000001
 30
0.0
 11
26.16795455
 21
5.76208895
 31
0.0
  0
LINE
  5
249
  8
0
 10
26.16795455
 20
5.76208895
 30
0.0
 11
26.7891046
 21
5.80613415
 31
0.0
  0
LINE
  5
24A
  8
0
 10
26.7891046
 20
5.80613415
 30
0.0
 11
27.175
 21
5.840473100000001
 31
0.0
  0
LINE
  5
24B
  8
0
 10
24.1
 20
5.88550265
 30
0.0
 11
24.170625
 21
5.974563100000001
 31
0.0
  0
LINE
  5
24C
  8
0
 10
24.170625
 20
5.974563100000001
 30
0.0
 11
24.2
 21
6.048261650000001
 31
0.0
  0
LINE
  5
24D
  8
0
 10
24.2
 20
6.048261650000001
 30
0.0
 11
24.1912887
 21
6.07288855
 31
0.0
  0
LINE
  5
24E
  8
0
 10
24.1912887
 20
6.07288855
 30
0.0
 11
24.1268502
 21
6.184221050000001
 31
0.0
  0
LINE
  5
24F
  8
0
 10
24.1268502
 20
6.184221050000001
 30
0.0
 11
23.93891155
 21
6.466322750000001
 31
0.0
  0
LINE
  5
250
  8
0
 10
23.93891155
 20
6.466322750000001
 30
0.0
 11
23.77318875
 21
6.699941900000001
 31
0.0
  0
LINE
  5
251
  8
0
 10
23.77318875
 20
6.699941900000001
 30
0.0
 11
23.1748827
 21
7.564298750000001
 31
0.0
  0
LINE
  5
252
  8
0
 10
23.1748827
 20
7.564298750000001
 30
0.0
 11
22.33371935
 21
8.93787225
 31
0.0
  0
LINE
  5
253
  8
0
 10
22.33371935
 20
8.93787225
 30
0.0
 11
21.7812537
 21
9.953852000000001
 31
0.0
  0
LINE
  5
254
  8
0
 10
21.7812537
 20
9.953852000000001
 30
0.0
 11
21.5
 21
10.5044968
 31
0.0
  0
LINE
  5
255
  8
0
 10
21.5
 20
10.5044968
 30
0.0
 11
21.125
 21
11.25264905
 31
0.0
  0
LINE
  5
256
  8
0
 10
21.125
 20
11.25264905
 30
0.0
 11
20.5636039
 21
11.4639319
 31
0.0
  0
LINE
  5
257
  8
0
 10
20.5636039
 20
11.4639319
 30
0.0
 11
20.28784345
 21
11.57329865
 31
0.0
  0
LINE
  5
258
  8
0
 10
20.28784345
 20
11.57329865
 30
0.0
 11
19.6862813
 21
11.84163595
 31
0.0
  0
LINE
  5
259
  8
0
 10
19.6862813
 20
11.84163595
 30
0.0
 11
19.0668846
 21
12.1516436
 31
0.0
  0
LINE
  5
25A
  8
0
 10
19.0668846
 20
12.1516436
 30
0.0
 11
18.48831785
 21
12.47396005
 31
0.0
  0
LINE
  5
25B
  8
0
 10
18.48831785
 20
12.47396005
 30
0.0
 11
18.2326784
 21
12.6305586
 31
0.0
  0
LINE
  5
25C
  8
0
 10
18.2326784
 20
12.6305586
 30
0.0
 11
18.0486719
 21
12.74379545
 31
0.0
  0
LINE
  5
25D
  8
0
 10
18.0486719
 20
12.74379545
 30
0.0
 11
17.772069
 21
12.88448345
 31
0.0
  0
LINE
  5
25E
  8
0
 10
17.772069
 20
12.88448345
 30
0.0
 11
17.59686895
 21
12.9142723
 31
0.0
  0
LINE
  5
25F
  8
0
 10
17.59686895
 20
12.9142723
 30
0.0
 11
17.49849885
 21
12.83734015
 31
0.0
  0
LINE
  5
260
  8
0
 10
17.49849885
 20
12.83734015
 30
0.0
 11
17.470446
 21
12.7601593
 31
0.0
  0
LINE
  5
261
  8
0
 10
17.470446
 20
12.7601593
 30
0.0
 11
17.46161575
 21
12.68954705
 31
0.0
  0
LINE
  5
262
  8
0
 10
17.46161575
 20
12.68954705
 30
0.0
 11
17.465526
 21
12.43938425
 31
0.0
  0
LINE
  5
263
  8
0
 10
17.465526
 20
12.43938425
 30
0.0
 11
17.4948042
 21
12.0697738
 31
0.0
  0
LINE
  5
264
  8
0
 10
17.4948042
 20
12.0697738
 30
0.0
 11
17.5453789
 21
11.6116799
 31
0.0
  0
LINE
  5
265
  8
0
 10
17.5453789
 20
11.6116799
 30
0.0
 11
17.6522651
 21
10.82636685
 31
0.0
  0
LINE
  5
266
  8
0
 10
17.6522651
 20
10.82636685
 30
0.0
 11
17.8313162
 21
9.758589950000001
 31
0.0
  0
LINE
  5
267
  8
0
 10
17.8313162
 20
9.758589950000001
 30
0.0
 11
17.92733905
 21
9.28550265
 31
0.0
  0
LINE
  5
268
  8
0
 10
17.92733905
 20
9.28550265
 30
0.0
 11
17.98909405
 21
9.0193681
 31
0.0
  0
LINE
  5
269
  8
0
 10
17.98909405
 20
9.0193681
 30
0.0
 11
18.1526752
 21
8.3765438
 31
0.0
  0
LINE
  5
26A
  8
0
 10
18.1526752
 20
8.3765438
 30
0.0
 11
18.3285339
 21
7.736161450000001
 31
0.0
  0
LINE
  5
26B
  8
0
 10
18.3285339
 20
7.736161450000001
 30
0.0
 11
18.43877935
 21
7.365649449999999
 31
0.0
  0
LINE
  5
26C
  8
0
 10
18.43877935
 20
7.365649449999999
 30
0.0
 11
18.49039375
 21
7.2130602
 31
0.0
  0
LINE
  5
26D
  8
0
 10
18.49039375
 20
7.2130602
 30
0.0
 11
18.5073215
 21
7.173520150000001
 31
0.0
  0
LINE
  5
26E
  8
0
 10
18.5073215
 20
7.173520150000001
 30
0.0
 11
18.5375538
 21
7.128558150000001
 31
0.0
  0
LINE
  5
26F
  8
0
 10
18.5375538
 20
7.128558150000001
 30
0.0
 11
18.6522241
 21
7.041305800000001
 31
0.0
  0
LINE
  5
270
  8
0
 10
18.6522241
 20
7.041305800000001
 30
0.0
 11
18.8849826
 21
6.937106050000001
 31
0.0
  0
LINE
  5
271
  8
0
 10
18.8849826
 20
6.937106050000001
 30
0.0
 11
19.29080595
 21
6.79134725
 31
0.0
  0
LINE
  5
272
  8
0
 10
19.29080595
 20
6.79134725
 30
0.0
 11
19.57579715
 21
6.69519205
 31
0.0
  0
LINE
  5
273
  8
0
 10
19.57579715
 20
6.69519205
 30
0.0
 11
20.10108335
 21
6.529549100000001
 31
0.0
  0
LINE
  5
274
  8
0
 10
20.10108335
 20
6.529549100000001
 30
0.0
 11
21.2087435
 21
6.234587400000001
 31
0.0
  0
LINE
  5
275
  8
0
 10
21.2087435
 20
6.234587400000001
 30
0.0
 11
22.33560565
 21
5.9999111
 31
0.0
  0
LINE
  5
276
  8
0
 10
22.33560565
 20
5.9999111
 30
0.0
 11
23.41337145
 21
5.8397437
 31
0.0
  0
LINE
  5
277
  8
0
 10
23.41337145
 20
5.8397437
 30
0.0
 11
23.9125
 21
5.79204575
 31
0.0
  0
LINE
  5
278
  8
0
 10
23.9125
 20
5.79204575
 30
0.0
 11
24.00367185
 21
5.816799700000001
 31
0.0
  0
LINE
  5
279
  8
0
 10
24.00367185
 20
5.816799700000001
 30
0.0
 11
24.1
 21
5.88550265
 31
0.0
  0
LINE
  5
27A
  8
0
 10
11.94884685
 20
6.43334795
 30
0.0
 11
11.96075455
 21
6.4670469
 31
0.0
  0
LINE
  5
27B
  8
0
 10
11.96075455
 20
6.4670469
 30
0.0
 11
11.9716213
 21
6.5832321
 31
0.0
  0
LINE
  5
27C
  8
0
 10
11.9716213
 20
6.5832321
 30
0.0
 11
11.9649077
 21
6.773404200000001
 31
0.0
  0
LINE
  5
27D
  8
0
 10
11.9649077
 20
6.773404200000001
 30
0.0
 11
11.9402351
 21
7.04828785
 31
0.0
  0
LINE
  5
27E
  8
0
 10
11.9402351
 20
7.04828785
 30
0.0
 11
11.9210459
 21
7.22084795
 31
0.0
  0
LINE
  5
27F
  8
0
 10
11.9210459
 20
7.22084795
 30
0.0
 11
11.90365495
 21
7.39317035
 31
0.0
  0
LINE
  5
280
  8
0
 10
11.90365495
 20
7.39317035
 30
0.0
 11
11.87181865
 21
7.839001700000001
 31
0.0
  0
LINE
  5
281
  8
0
 10
11.87181865
 20
7.839001700000001
 30
0.0
 11
11.83541855
 21
8.6776797
 31
0.0
  0
LINE
  5
282
  8
0
 10
11.83541855
 20
8.6776797
 30
0.0
 11
11.82182505
 21
9.28550265
 31
0.0
  0
LINE
  5
283
  8
0
 10
11.82182505
 20
9.28550265
 30
0.0
 11
11.8179691
 21
9.56229165
 31
0.0
  0
LINE
  5
284
  8
0
 10
11.8179691
 20
9.56229165
 30
0.0
 11
11.8109531
 21
10.05777225
 31
0.0
  0
LINE
  5
285
  8
0
 10
11.8109531
 20
10.05777225
 30
0.0
 11
11.805424
 21
10.43741425
 31
0.0
  0
LINE
  5
286
  8
0
 10
11.805424
 20
10.43741425
 30
0.0
 11
11.80205235
 21
10.6551673
 31
0.0
  0
LINE
  5
287
  8
0
 10
11.80205235
 20
10.6551673
 30
0.0
 11
11.8013852
 21
10.68894465
 31
0.0
  0
LINE
  5
288
  8
0
 10
11.8013852
 20
10.68894465
 30
0.0
 11
11.79331205
 21
10.7032621
 31
0.0
  0
LINE
  5
289
  8
0
 10
11.79331205
 20
10.7032621
 30
0.0
 11
11.73515735
 21
10.7770677
 31
0.0
  0
LINE
  5
28A
  8
0
 10
11.73515735
 20
10.7770677
 30
0.0
 11
11.5664861
 21
10.9730173
 31
0.0
  0
LINE
  5
28B
  8
0
 10
11.5664861
 20
10.9730173
 30
0.0
 11
11.4180872
 21
11.13894465
 31
0.0
  0
LINE
  5
28C
  8
0
 10
11.4180872
 20
11.13894465
 30
0.0
 11
11.01834795
 21
11.5931032
 31
0.0
  0
LINE
  5
28D
  8
0
 10
11.01834795
 20
11.5931032
 30
0.0
 11
10.27475235
 21
12.52033495
 31
0.0
  0
LINE
  5
28E
  8
0
 10
10.27475235
 20
12.52033495
 30
0.0
 11
9.58441675
 21
13.50303665
 31
0.0
  0
LINE
  5
28F
  8
0
 10
9.58441675
 20
13.50303665
 30
0.0
 11
8.9218405
 21
14.5775088
 31
0.0
  0
LINE
  5
290
  8
0
 10
8.9218405
 20
14.5775088
 30
0.0
 11
8.5929932
 21
15.16050265
 31
0.0
  0
LINE
  5
291
  8
0
 10
8.5929932
 20
15.16050265
 30
0.0
 11
8.531563199999999
 21
15.2702314
 31
0.0
  0
LINE
  5
292
  8
0
 10
8.531563199999999
 20
15.2702314
 30
0.0
 11
8.432498200000001
 21
15.43004765
 31
0.0
  0
LINE
  5
293
  8
0
 10
8.432498200000001
 20
15.43004765
 30
0.0
 11
8.3180904
 21
15.55083495
 31
0.0
  0
LINE
  5
294
  8
0
 10
8.3180904
 20
15.55083495
 30
0.0
 11
8.244935250000001
 21
15.57553055
 31
0.0
  0
LINE
  5
295
  8
0
 10
8.244935250000001
 20
15.57553055
 30
0.0
 11
8.1869661
 21
15.578646
 31
0.0
  0
LINE
  5
296
  8
0
 10
8.1869661
 20
15.578646
 30
0.0
 11
8.09349795
 21
15.54390065
 31
0.0
  0
LINE
  5
297
  8
0
 10
8.09349795
 20
15.54390065
 30
0.0
 11
8.00613595
 21
15.4209487
 31
0.0
  0
LINE
  5
298
  8
0
 10
8.00613595
 20
15.4209487
 30
0.0
 11
7.8962555
 21
15.16950425
 31
0.0
  0
LINE
  5
299
  8
0
 10
7.8962555
 20
15.16950425
 30
0.0
 11
7.82392555
 21
14.9830079
 31
0.0
  0
LINE
  5
29A
  8
0
 10
7.82392555
 20
14.9830079
 30
0.0
 11
7.543308700000001
 21
14.1930245
 31
0.0
  0
LINE
  5
29B
  8
0
 10
7.543308700000001
 20
14.1930245
 30
0.0
 11
7.1652231
 21
12.93834685
 31
0.0
  0
LINE
  5
29C
  8
0
 10
7.1652231
 20
12.93834685
 30
0.0
 11
6.970250350000001
 21
12.1533565
 31
0.0
  0
LINE
  5
29D
  8
0
 10
6.970250350000001
 20
12.1533565
 30
0.0
 11
6.89722415
 21
11.8014817
 31
0.0
  0
LINE
  5
29E
  8
0
 10
6.89722415
 20
11.8014817
 30
0.0
 11
6.838358400000001
 21
11.49246075
 31
0.0
  0
LINE
  5
29F
  8
0
 10
6.838358400000001
 20
11.49246075
 30
0.0
 11
7.22728545
 21
10.9514817
 31
0.0
  0
LINE
  5
2A0
  8
0
 10
7.22728545
 20
10.9514817
 30
0.0
 11
7.6288766
 21
10.41561125
 31
0.0
  0
LINE
  5
2A1
  8
0
 10
7.6288766
 20
10.41561125
 30
0.0
 11
8.556198550000001
 21
9.297092600000001
 31
0.0
  0
LINE
  5
2A2
  8
0
 10
8.556198550000001
 20
9.297092600000001
 30
0.0
 11
9.57423265
 21
8.19703785
 31
0.0
  0
LINE
  5
2A3
  8
0
 10
9.57423265
 20
8.19703785
 30
0.0
 11
10.5932102
 21
7.21244825
 31
0.0
  0
LINE
  5
2A4
  8
0
 10
10.5932102
 20
7.21244825
 30
0.0
 11
11.075
 21
6.79376575
 31
0.0
  0
LINE
  5
2A5
  8
0
 10
11.075
 20
6.79376575
 30
0.0
 11
11.27477815
 21
6.631655650000001
 31
0.0
  0
LINE
  5
2A6
  8
0
 10
11.27477815
 20
6.631655650000001
 30
0.0
 11
11.57840615
 21
6.4153254
 31
0.0
  0
LINE
  5
2A7
  8
0
 10
11.57840615
 20
6.4153254
 30
0.0
 11
11.7785515
 21
6.332775550000001
 31
0.0
  0
LINE
  5
2A8
  8
0
 10
11.7785515
 20
6.332775550000001
 30
0.0
 11
11.90452035
 21
6.37191875
 31
0.0
  0
LINE
  5
2A9
  8
0
 10
11.90452035
 20
6.37191875
 30
0.0
 11
11.94884685
 21
6.43334795
 31
0.0
  0
LINE
  5
2AA
  8
0
 10
33.2751767
 20
7.5771952
 30
0.0
 11
33.75076585
 21
7.8177905
 31
0.0
  0
LINE
  5
2AB
  8
0
 10
33.75076585
 20
7.8177905
 30
0.0
 11
34.6828519
 21
8.340238600000001
 31
0.0
  0
LINE
  5
2AC
  8
0
 10
34.6828519
 20
8.340238600000001
 30
0.0
 11
35.58031075
 21
8.9118556
 31
0.0
  0
LINE
  5
2AD
  8
0
 10
35.58031075
 20
8.9118556
 30
0.0
 11
36.4321376
 21
9.52563225
 31
0.0
  0
LINE
  5
2AE
  8
0
 10
36.4321376
 20
9.52563225
 30
0.0
 11
36.8375
 21
9.84614
 31
0.0
  0
LINE
  5
2AF
  8
0
 10
36.8375
 20
9.84614
 30
0.0
 11
36.96398915
 21
9.9536086
 31
0.0
  0
LINE
  5
2B0
  8
0
 10
36.96398915
 20
9.9536086
 30
0.0
 11
37.1350919
 21
10.13089725
 31
0.0
  0
LINE
  5
2B1
  8
0
 10
37.1350919
 20
10.13089725
 30
0.0
 11
37.2035157
 21
10.2713017
 31
0.0
  0
LINE
  5
2B2
  8
0
 10
37.2035157
 20
10.2713017
 30
0.0
 11
37.17704655
 21
10.39079865
 31
0.0
  0
LINE
  5
2B3
  8
0
 10
37.17704655
 20
10.39079865
 30
0.0
 11
37.13066025
 21
10.44769955
 31
0.0
  0
LINE
  5
2B4
  8
0
 10
37.13066025
 20
10.44769955
 30
0.0
 11
37.10464195
 21
10.46348185
 31
0.0
  0
LINE
  5
2B5
  8
0
 10
37.10464195
 20
10.46348185
 30
0.0
 11
36.9907896
 21
10.5014592
 31
0.0
  0
LINE
  5
2B6
  8
0
 10
36.9907896
 20
10.5014592
 30
0.0
 11
36.7048766
 21
10.56511595
 31
0.0
  0
LINE
  5
2B7
  8
0
 10
36.7048766
 20
10.56511595
 30
0.0
 11
36.46816025
 21
10.60474885
 31
0.0
  0
LINE
  5
2B8
  8
0
 10
36.46816025
 20
10.60474885
 30
0.0
 11
35.95855545
 21
10.6883126
 31
0.0
  0
LINE
  5
2B9
  8
0
 10
35.95855545
 20
10.6883126
 30
0.0
 11
34.86250095
 21
10.91330555
 31
0.0
  0
LINE
  5
2BA
  8
0
 10
34.86250095
 20
10.91330555
 30
0.0
 11
33.72270270000001
 21
11.20065
 31
0.0
  0
LINE
  5
2BB
  8
0
 10
33.72270270000001
 20
11.20065
 30
0.0
 11
32.60962015
 21
11.5325831
 31
0.0
  0
LINE
  5
2BC
  8
0
 10
32.60962015
 20
11.5325831
 30
0.0
 11
32.0851158
 21
11.70971945
 31
0.0
  0
LINE
  5
2BD
  8
0
 10
32.0851158
 20
11.70971945
 30
0.0
 11
31.82903895
 21
11.79738685
 31
0.0
  0
LINE
  5
2BE
  8
0
 10
31.82903895
 20
11.79738685
 30
0.0
 11
31.51221505
 21
11.8968064
 31
0.0
  0
LINE
  5
2BF
  8
0
 10
31.51221505
 20
11.8968064
 30
0.0
 11
31.38110165
 21
11.9308944
 31
0.0
  0
LINE
  5
2C0
  8
0
 10
31.38110165
 20
11.9308944
 30
0.0
 11
31.34863785
 21
11.93550265
 31
0.0
  0
LINE
  5
2C1
  8
0
 10
31.34863785
 20
11.93550265
 30
0.0
 11
31.3188152
 21
11.9308831
 31
0.0
  0
LINE
  5
2C2
  8
0
 10
31.3188152
 20
11.9308831
 30
0.0
 11
31.20723855
 21
11.89671175
 31
0.0
  0
LINE
  5
2C3
  8
0
 10
31.20723855
 20
11.89671175
 30
0.0
 11
30.94739465
 21
11.797049
 31
0.0
  0
LINE
  5
2C4
  8
0
 10
30.94739465
 20
11.797049
 30
0.0
 11
30.74156225
 21
11.7091672
 31
0.0
  0
LINE
  5
2C5
  8
0
 10
30.74156225
 20
11.7091672
 30
0.0
 11
30.47511605
 21
11.5961307
 31
0.0
  0
LINE
  5
2C6
  8
0
 10
30.47511605
 20
11.5961307
 30
0.0
 11
29.87758495
 21
11.3696404
 31
0.0
  0
LINE
  5
2C7
  8
0
 10
29.87758495
 20
11.3696404
 30
0.0
 11
29.2408812
 21
11.15820535
 31
0.0
  0
LINE
  5
2C8
  8
0
 10
29.2408812
 20
11.15820535
 30
0.0
 11
28.62141965
 21
10.98055965
 31
0.0
  0
LINE
  5
2C9
  8
0
 10
28.62141965
 20
10.98055965
 30
0.0
 11
28.33578425
 21
10.9102622
 31
0.0
  0
LINE
  5
2CA
  8
0
 10
28.33578425
 20
10.9102622
 30
0.0
 11
28.1709829
 21
10.87136535
 31
0.0
  0
LINE
  5
2CB
  8
0
 10
28.1709829
 20
10.87136535
 30
0.0
 11
27.9054423
 21
10.79905545
 31
0.0
  0
LINE
  5
2CC
  8
0
 10
27.9054423
 20
10.79905545
 30
0.0
 11
27.72404925
 21
10.72718025
 31
0.0
  0
LINE
  5
2CD
  8
0
 10
27.72404925
 20
10.72718025
 30
0.0
 11
27.6252815
 21
10.64748745
 31
0.0
  0
LINE
  5
2CE
  8
0
 10
27.6252815
 20
10.64748745
 30
0.0
 11
27.6076169
 21
10.5517247
 31
0.0
  0
LINE
  5
2CF
  8
0
 10
27.6076169
 20
10.5517247
 30
0.0
 11
27.6695331
 21
10.4316397
 31
0.0
  0
LINE
  5
2D0
  8
0
 10
27.6695331
 20
10.4316397
 30
0.0
 11
27.80950785
 21
10.27898015
 31
0.0
  0
LINE
  5
2D1
  8
0
 10
27.80950785
 20
10.27898015
 30
0.0
 11
28.02601900000001
 21
10.08549365
 31
0.0
  0
LINE
  5
2D2
  8
0
 10
28.02601900000001
 20
10.08549365
 30
0.0
 11
28.1625
 21
9.9708615
 31
0.0
  0
LINE
  5
2D3
  8
0
 10
28.1625
 20
9.9708615
 30
0.0
 11
28.71279955
 21
9.5288636
 31
0.0
  0
LINE
  5
2D4
  8
0
 10
28.71279955
 20
9.5288636
 30
0.0
 11
29.87676255
 21
8.68051225
 31
0.0
  0
LINE
  5
2D5
  8
0
 10
29.87676255
 20
8.68051225
 30
0.0
 11
30.4738972
 21
8.28620585
 31
0.0
  0
LINE
  5
2D6
  8
0
 10
30.4738972
 20
8.28620585
 30
0.0
 11
31.04531155
 21
7.93662965
 31
0.0
  0
LINE
  5
2D7
  8
0
 10
31.04531155
 20
7.93662965
 30
0.0
 11
31.9444618
 21
7.422839100000001
 31
0.0
  0
LINE
  5
2D8
  8
0
 10
31.9444618
 20
7.422839100000001
 30
0.0
 11
32.2700372
 21
7.251275400000001
 31
0.0
  0
LINE
  5
2D9
  8
0
 10
32.2700372
 20
7.251275400000001
 30
0.0
 11
32.39637430000001
 21
7.193754800000001
 31
0.0
  0
LINE
  5
2DA
  8
0
 10
32.39637430000001
 20
7.193754800000001
 30
0.0
 11
32.425
 21
7.18618305
 31
0.0
  0
LINE
  5
2DB
  8
0
 10
32.425
 20
7.18618305
 30
0.0
 11
32.4513757
 21
7.1942658
 31
0.0
  0
LINE
  5
2DC
  8
0
 10
32.4513757
 20
7.1942658
 30
0.0
 11
32.59004495
 21
7.2534161
 31
0.0
  0
LINE
  5
2DD
  8
0
 10
32.59004495
 20
7.2534161
 30
0.0
 11
32.96053775
 21
7.425547550000001
 31
0.0
  0
LINE
  5
2DE
  8
0
 10
32.96053775
 20
7.425547550000001
 30
0.0
 11
33.2751767
 21
7.5771952
 31
0.0
  0
LINE
  5
2DF
  8
0
 10
17.35328705
 20
7.73726185
 30
0.0
 11
17.39592645
 21
7.76734305
 31
0.0
  0
LINE
  5
2E0
  8
0
 10
17.39592645
 20
7.76734305
 30
0.0
 11
17.44052345
 21
7.8707195
 31
0.0
  0
LINE
  5
2E1
  8
0
 10
17.44052345
 20
7.8707195
 30
0.0
 11
17.4281154
 21
8.0778317
 31
0.0
  0
LINE
  5
2E2
  8
0
 10
17.4281154
 20
8.0778317
 30
0.0
 11
17.3553868
 21
8.444020100000001
 31
0.0
  0
LINE
  5
2E3
  8
0
 10
17.3553868
 20
8.444020100000001
 30
0.0
 11
17.29536625
 21
8.7040618
 31
0.0
  0
LINE
  5
2E4
  8
0
 10
17.29536625
 20
8.7040618
 30
0.0
 11
17.0708414
 21
9.773799850000001
 31
0.0
  0
LINE
  5
2E5
  8
0
 10
17.0708414
 20
9.773799850000001
 30
0.0
 11
16.8158511
 21
11.44595565
 31
0.0
  0
LINE
  5
2E6
  8
0
 10
16.8158511
 20
11.44595565
 30
0.0
 11
16.70782635
 21
12.55322115
 31
0.0
  0
LINE
  5
2E7
  8
0
 10
16.70782635
 20
12.55322115
 30
0.0
 11
16.67431715
 21
13.09109275
 31
0.0
  0
LINE
  5
2E8
  8
0
 10
16.67431715
 20
13.09109275
 30
0.0
 11
16.6404958
 21
13.7716828
 31
0.0
  0
LINE
  5
2E9
  8
0
 10
16.6404958
 20
13.7716828
 30
0.0
 11
16.09026345
 21
14.31609275
 31
0.0
  0
LINE
  5
2EA
  8
0
 10
16.09026345
 20
14.31609275
 30
0.0
 11
15.6339197
 21
14.79053505
 31
0.0
  0
LINE
  5
2EB
  8
0
 10
15.6339197
 20
14.79053505
 30
0.0
 11
14.96072175
 21
15.567176
 31
0.0
  0
LINE
  5
2EC
  8
0
 10
14.96072175
 20
15.567176
 30
0.0
 11
14.56826215
 21
16.07082835
 31
0.0
  0
LINE
  5
2ED
  8
0
 10
14.56826215
 20
16.07082835
 30
0.0
 11
14.40148115
 21
16.3036552
 31
0.0
  0
LINE
  5
2EE
  8
0
 10
14.40148115
 20
16.3036552
 30
0.0
 11
14.2949435
 21
16.4511775
 31
0.0
  0
LINE
  5
2EF
  8
0
 10
14.2949435
 20
16.4511775
 30
0.0
 11
14.11538955
 21
16.66641375
 31
0.0
  0
LINE
  5
2F0
  8
0
 10
14.11538955
 20
16.66641375
 30
0.0
 11
14.06448835
 21
16.70761765
 31
0.0
  0
LINE
  5
2F1
  8
0
 10
14.06448835
 20
16.70761765
 30
0.0
 11
13.97640785
 21
16.70764895
 31
0.0
  0
LINE
  5
2F2
  8
0
 10
13.97640785
 20
16.70764895
 30
0.0
 11
13.78482115
 21
16.58766585
 31
0.0
  0
LINE
  5
2F3
  8
0
 10
13.78482115
 20
16.58766585
 30
0.0
 11
13.73190615
 21
16.4993347
 31
0.0
  0
LINE
  5
2F4
  8
0
 10
13.73190615
 20
16.4993347
 30
0.0
 11
13.72314255
 21
16.4697544
 31
0.0
  0
LINE
  5
2F5
  8
0
 10
13.72314255
 20
16.4697544
 30
0.0
 11
13.68730025
 21
16.3512097
 31
0.0
  0
LINE
  5
2F6
  8
0
 10
13.68730025
 20
16.3512097
 30
0.0
 11
13.6001965
 21
16.06577375
 31
0.0
  0
LINE
  5
2F7
  8
0
 10
13.6001965
 20
16.06577375
 30
0.0
 11
13.52958205
 21
15.83550265
 31
0.0
  0
LINE
  5
2F8
  8
0
 10
13.52958205
 20
15.83550265
 30
0.0
 11
13.44579065
 21
15.55152455
 31
0.0
  0
LINE
  5
2F9
  8
0
 10
13.44579065
 20
15.55152455
 30
0.0
 11
13.27232035
 21
14.9027097
 31
0.0
  0
LINE
  5
2FA
  8
0
 10
13.27232035
 20
14.9027097
 30
0.0
 11
13.10474565
 21
14.20344125
 31
0.0
  0
LINE
  5
2FB
  8
0
 10
13.10474565
 20
14.20344125
 30
0.0
 11
12.959561
 21
13.5225487
 31
0.0
  0
LINE
  5
2FC
  8
0
 10
12.959561
 20
13.5225487
 30
0.0
 11
12.90051945
 21
13.21050265
 31
0.0
  0
LINE
  5
2FD
  8
0
 10
12.90051945
 20
13.21050265
 30
0.0
 11
12.79520505
 21
12.53920135
 31
0.0
  0
LINE
  5
2FE
  8
0
 10
12.79520505
 20
12.53920135
 30
0.0
 11
12.66839455
 21
11.49429195
 31
0.0
  0
LINE
  5
2FF
  8
0
 10
12.66839455
 20
11.49429195
 30
0.0
 11
12.63822875
 21
11.12249645
 31
0.0
  0
LINE
  5
300
  8
0
 10
12.63822875
 20
11.12249645
 30
0.0
 11
12.6364515
 21
10.98300055
 31
0.0
  0
LINE
  5
301
  8
0
 10
12.6364515
 20
10.98300055
 30
0.0
 11
12.64204835
 21
10.95436495
 31
0.0
  0
LINE
  5
302
  8
0
 10
12.64204835
 20
10.95436495
 30
0.0
 11
12.66205815
 21
10.927839
 31
0.0
  0
LINE
  5
303
  8
0
 10
12.66205815
 20
10.927839
 30
0.0
 11
12.74914055
 21
10.83626995
 31
0.0
  0
LINE
  5
304
  8
0
 10
12.74914055
 20
10.83626995
 30
0.0
 11
12.9744965
 21
10.62307535
 31
0.0
  0
LINE
  5
305
  8
0
 10
12.9744965
 20
10.62307535
 30
0.0
 11
13.6149434
 21
10.05864185
 31
0.0
  0
LINE
  5
306
  8
0
 10
13.6149434
 20
10.05864185
 30
0.0
 11
14.05
 21
9.698264850000001
 31
0.0
  0
LINE
  5
307
  8
0
 10
14.05
 20
9.698264850000001
 30
0.0
 11
14.32511
 21
9.485225550000001
 31
0.0
  0
LINE
  5
308
  8
0
 10
14.32511
 20
9.485225550000001
 30
0.0
 11
14.9613433
 21
9.02722205
 31
0.0
  0
LINE
  5
309
  8
0
 10
14.9613433
 20
9.02722205
 30
0.0
 11
15.64650715
 21
8.570484200000001
 31
0.0
  0
LINE
  5
30A
  8
0
 10
15.64650715
 20
8.570484200000001
 30
0.0
 11
16.30169695
 21
8.1676108
 31
0.0
  0
LINE
  5
30B
  8
0
 10
16.30169695
 20
8.1676108
 30
0.0
 11
16.59339385
 21
8.0028103
 31
0.0
  0
LINE
  5
30C
  8
0
 10
16.59339385
 20
8.0028103
 30
0.0
 11
16.82243895
 21
7.8800647
 31
0.0
  0
LINE
  5
30D
  8
0
 10
16.82243895
 20
7.8800647
 30
0.0
 11
17.093344
 21
7.740684550000001
 31
0.0
  0
LINE
  5
30E
  8
0
 10
17.093344
 20
7.740684550000001
 30
0.0
 11
17.19572315
 21
7.69274215
 31
0.0
  0
LINE
  5
30F
  8
0
 10
17.19572315
 20
7.69274215
 30
0.0
 11
17.21578705
 21
7.68616055
 31
0.0
  0
LINE
  5
310
  8
0
 10
17.21578705
 20
7.68616055
 30
0.0
 11
17.27300235
 21
7.70090015
 31
0.0
  0
LINE
  5
311
  8
0
 10
17.27300235
 20
7.70090015
 30
0.0
 11
17.35328705
 21
7.73726185
 31
0.0
  0
LINE
  5
312
  8
0
 10
41.95
 20
11.21221295
 30
0.0
 11
42.49635335
 21
11.28336915
 31
0.0
  0
LINE
  5
313
  8
0
 10
42.49635335
 20
11.28336915
 30
0.0
 11
43.33999795
 21
11.41629125
 31
0.0
  0
LINE
  5
314
  8
0
 10
43.33999795
 20
11.41629125
 30
0.0
 11
43.65472725000001
 21
11.4753314
 31
0.0
  0
LINE
  5
315
  8
0
 10
43.65472725000001
 20
11.4753314
 30
0.0
 11
43.78792010000001
 21
11.5059242
 31
0.0
  0
LINE
  5
316
  8
0
 10
43.78792010000001
 20
11.5059242
 30
0.0
 11
43.82548005
 21
11.51760555
 31
0.0
  0
LINE
  5
317
  8
0
 10
43.82548005
 20
11.51760555
 30
0.0
 11
43.84774805000001
 21
11.5342044
 31
0.0
  0
LINE
  5
318
  8
0
 10
43.84774805000001
 20
11.5342044
 30
0.0
 11
43.9228803
 21
11.62437935
 31
0.0
  0
LINE
  5
319
  8
0
 10
43.9228803
 20
11.62437935
 30
0.0
 11
44.09948865
 21
11.88182465
 31
0.0
  0
LINE
  5
31A
  8
0
 10
44.09948865
 20
11.88182465
 30
0.0
 11
44.41903865
 21
12.39643115
 31
0.0
  0
LINE
  5
31B
  8
0
 10
44.41903865
 20
12.39643115
 30
0.0
 11
44.78546625000001
 21
13.02762155
 31
0.0
  0
LINE
  5
31C
  8
0
 10
44.78546625000001
 20
13.02762155
 30
0.0
 11
44.96948475
 21
13.35992205
 31
0.0
  0
LINE
  5
31D
  8
0
 10
44.96948475
 20
13.35992205
 30
0.0
 11
45.20467650000001
 21
13.80828235
 31
0.0
  0
LINE
  5
31E
  8
0
 10
45.20467650000001
 20
13.80828235
 30
0.0
 11
45.66514165
 21
14.779783
 31
0.0
  0
LINE
  5
31F
  8
0
 10
45.66514165
 20
14.779783
 30
0.0
 11
46.09589465000001
 21
15.8114998
 31
0.0
  0
LINE
  5
320
  8
0
 10
46.09589465000001
 20
15.8114998
 30
0.0
 11
46.47715030000001
 21
16.8560442
 31
0.0
  0
LINE
  5
321
  8
0
 10
46.47715030000001
 20
16.8560442
 30
0.0
 11
46.6430337
 21
17.36831785
 31
0.0
  0
LINE
  5
322
  8
0
 10
46.6430337
 20
17.36831785
 30
0.0
 11
46.70035325000001
 21
17.5572689
 31
0.0
  0
LINE
  5
323
  8
0
 10
46.70035325000001
 20
17.5572689
 30
0.0
 11
46.7730479
 21
17.829331
 31
0.0
  0
LINE
  5
324
  8
0
 10
46.7730479
 20
17.829331
 30
0.0
 11
46.7940868
 21
17.99361825
 31
0.0
  0
LINE
  5
325
  8
0
 10
46.7940868
 20
17.99361825
 30
0.0
 11
46.76859425000001
 21
18.090145
 31
0.0
  0
LINE
  5
326
  8
0
 10
46.76859425000001
 20
18.090145
 30
0.0
 11
46.74
 21
18.12550265
 31
0.0
  0
LINE
  5
327
  8
0
 10
46.74
 20
18.12550265
 30
0.0
 11
46.69704155
 21
18.1586908
 31
0.0
  0
LINE
  5
328
  8
0
 10
46.69704155
 20
18.1586908
 30
0.0
 11
46.58032845
 21
18.17495445
 31
0.0
  0
LINE
  5
329
  8
0
 10
46.58032845
 20
18.17495445
 30
0.0
 11
46.3850459
 21
18.11238325
 31
0.0
  0
LINE
  5
32A
  8
0
 10
46.3850459
 20
18.11238325
 30
0.0
 11
46.06618445
 21
17.95655555
 31
0.0
  0
LINE
  5
32B
  8
0
 10
46.06618445
 20
17.95655555
 30
0.0
 11
45.84634610000001
 21
17.8391637
 31
0.0
  0
LINE
  5
32C
  8
0
 10
45.84634610000001
 20
17.8391637
 30
0.0
 11
45.56064925
 21
17.68870435
 31
0.0
  0
LINE
  5
32D
  8
0
 10
45.56064925
 20
17.68870435
 30
0.0
 11
44.91604475
 21
17.3714352
 31
0.0
  0
LINE
  5
32E
  8
0
 10
44.91604475
 20
17.3714352
 30
0.0
 11
44.22809585
 21
17.0571579
 31
0.0
  0
LINE
  5
32F
  8
0
 10
44.22809585
 20
17.0571579
 30
0.0
 11
43.5619264
 21
16.775623
 31
0.0
  0
LINE
  5
330
  8
0
 10
43.5619264
 20
16.775623
 30
0.0
 11
43.25736025
 21
16.6564311
 31
0.0
  0
LINE
  5
331
  8
0
 10
43.25736025
 20
16.6564311
 30
0.0
 11
42.7397205
 21
16.46050265
 31
0.0
  0
LINE
  5
332
  8
0
 10
42.7397205
 20
16.46050265
 30
0.0
 11
42.34529745
 21
15.6583964
 31
0.0
  0
LINE
  5
333
  8
0
 10
42.34529745
 20
15.6583964
 30
0.0
 11
42.08675605000001
 21
15.15053495
 31
0.0
  0
LINE
  5
334
  8
0
 10
42.08675605000001
 20
15.15053495
 30
0.0
 11
41.53130865
 21
14.1632857
 31
0.0
  0
LINE
  5
335
  8
0
 10
41.53130865
 20
14.1632857
 30
0.0
 11
40.929385
 21
13.22132005
 31
0.0
  0
LINE
  5
336
  8
0
 10
40.929385
 20
13.22132005
 30
0.0
 11
40.28659725
 21
12.3334205
 31
0.0
  0
LINE
  5
337
  8
0
 10
40.28659725
 20
12.3334205
 30
0.0
 11
39.95163315
 21
11.9124901
 31
0.0
  0
LINE
  5
338
  8
0
 10
39.95163315
 20
11.9124901
 30
0.0
 11
39.7956865
 21
11.71658365
 31
0.0
  0
LINE
  5
339
  8
0
 10
39.7956865
 20
11.71658365
 30
0.0
 11
39.61883460000001
 21
11.47317055
 31
0.0
  0
LINE
  5
33A
  8
0
 10
39.61883460000001
 20
11.47317055
 30
0.0
 11
39.5581974
 21
11.37163115
 31
0.0
  0
LINE
  5
33B
  8
0
 10
39.5581974
 20
11.37163115
 30
0.0
 11
39.55
 21
11.3460521
 31
0.0
  0
LINE
  5
33C
  8
0
 10
39.55
 20
11.3460521
 30
0.0
 11
39.5757031
 21
11.26237655
 31
0.0
  0
LINE
  5
33D
  8
0
 10
39.5757031
 20
11.26237655
 30
0.0
 11
39.6375
 21
11.1702753
 31
0.0
  0
LINE
  5
33E
  8
0
 10
39.6375
 20
11.1702753
 30
0.0
 11
39.66829355
 21
11.1397152
 31
0.0
  0
LINE
  5
33F
  8
0
 10
39.66829355
 20
11.1397152
 30
0.0
 11
39.7544144
 21
11.10085955
 31
0.0
  0
LINE
  5
340
  8
0
 10
39.7544144
 20
11.10085955
 30
0.0
 11
39.92855695
 21
11.08742195
 31
0.0
  0
LINE
  5
341
  8
0
 10
39.92855695
 20
11.08742195
 30
0.0
 11
40.25709305
 21
11.09428095
 31
0.0
  0
LINE
  5
342
  8
0
 10
40.25709305
 20
11.09428095
 30
0.0
 11
40.5
 21
11.10372115
 31
0.0
  0
LINE
  5
343
  8
0
 10
40.5
 20
11.10372115
 30
0.0
 11
41.245625
 21
11.1486039
 31
0.0
  0
LINE
  5
344
  8
0
 10
41.245625
 20
11.1486039
 30
0.0
 11
41.95
 21
11.21221295
 31
0.0
  0
LINE
  5
345
  8
0
 10
38.5977146
 20
11.49800265
 30
0.0
 11
38.97141595
 21
11.90922745
 31
0.0
  0
LINE
  5
346
  8
0
 10
38.97141595
 20
11.90922745
 30
0.0
 11
39.70502425000001
 21
12.8037357
 31
0.0
  0
LINE
  5
347
  8
0
 10
39.70502425000001
 20
12.8037357
 30
0.0
 11
40.3936108
 21
13.7574405
 31
0.0
  0
LINE
  5
348
  8
0
 10
40.3936108
 20
13.7574405
 30
0.0
 11
41.0052207
 21
14.7260836
 31
0.0
  0
LINE
  5
349
  8
0
 10
41.0052207
 20
14.7260836
 30
0.0
 11
41.27217345
 21
15.20217635
 31
0.0
  0
LINE
  5
34A
  8
0
 10
41.27217345
 20
15.20217635
 30
0.0
 11
41.35687555000001
 21
15.36195525
 31
0.0
  0
LINE
  5
34B
  8
0
 10
41.35687555000001
 20
15.36195525
 30
0.0
 11
41.4703705
 21
15.5916139
 31
0.0
  0
LINE
  5
34C
  8
0
 10
41.4703705
 20
15.5916139
 30
0.0
 11
41.52630515000001
 21
15.78313795
 31
0.0
  0
LINE
  5
34D
  8
0
 10
41.52630515000001
 20
15.78313795
 30
0.0
 11
41.507196
 21
15.86467635
 31
0.0
  0
LINE
  5
34E
  8
0
 10
41.507196
 20
15.86467635
 30
0.0
 11
41.47779405
 21
15.91636475
 31
0.0
  0
LINE
  5
34F
  8
0
 10
41.47779405
 20
15.91636475
 30
0.0
 11
41.38208085
 21
15.97365595
 31
0.0
  0
LINE
  5
350
  8
0
 10
41.38208085
 20
15.97365595
 30
0.0
 11
41.18714105000001
 21
15.9680653
 31
0.0
  0
LINE
  5
351
  8
0
 10
41.18714105000001
 20
15.9680653
 30
0.0
 11
40.8329577
 21
15.89787165
 31
0.0
  0
LINE
  5
352
  8
0
 10
40.8329577
 20
15.89787165
 30
0.0
 11
40.57739435
 21
15.83801075
 31
0.0
  0
LINE
  5
353
  8
0
 10
40.57739435
 20
15.83801075
 30
0.0
 11
40.06179215
 21
15.7223713
 31
0.0
  0
LINE
  5
354
  8
0
 10
40.06179215
 20
15.7223713
 30
0.0
 11
38.96041525
 21
15.51764065
 31
0.0
  0
LINE
  5
355
  8
0
 10
38.96041525
 20
15.51764065
 30
0.0
 11
37.8150145
 21
15.3553278
 31
0.0
  0
LINE
  5
356
  8
0
 10
37.8150145
 20
15.3553278
 30
0.0
 11
36.68503735
 21
15.2438569
 31
0.0
  0
LINE
  5
357
  8
0
 10
36.68503735
 20
15.2438569
 30
0.0
 11
36.1444099
 21
15.2098198
 31
0.0
  0
LINE
  5
358
  8
0
 10
36.1444099
 20
15.2098198
 30
0.0
 11
35.46381985
 21
15.17599845
 31
0.0
  0
LINE
  5
359
  8
0
 10
35.46381985
 20
15.17599845
 30
0.0
 11
34.9194099
 21
14.6257661
 31
0.0
  0
LINE
  5
35A
  8
0
 10
34.9194099
 20
14.6257661
 30
0.0
 11
34.44496760000001
 21
14.16942235
 31
0.0
  0
LINE
  5
35B
  8
0
 10
34.44496760000001
 20
14.16942235
 30
0.0
 11
33.66832665
 21
13.4962244
 31
0.0
  0
LINE
  5
35C
  8
0
 10
33.66832665
 20
13.4962244
 30
0.0
 11
33.1646743
 21
13.1037648
 31
0.0
  0
LINE
  5
35D
  8
0
 10
33.1646743
 20
13.1037648
 30
0.0
 11
32.93184745
 21
12.9369838
 31
0.0
  0
LINE
  5
35E
  8
0
 10
32.93184745
 20
12.9369838
 30
0.0
 11
32.78432515
 21
12.83044615
 31
0.0
  0
LINE
  5
35F
  8
0
 10
32.78432515
 20
12.83044615
 30
0.0
 11
32.5690889
 21
12.6508922
 31
0.0
  0
LINE
  5
360
  8
0
 10
32.5690889
 20
12.6508922
 30
0.0
 11
32.527885
 21
12.599991
 31
0.0
  0
LINE
  5
361
  8
0
 10
32.527885
 20
12.599991
 30
0.0
 11
32.5278537
 21
12.5119105
 31
0.0
  0
LINE
  5
362
  8
0
 10
32.5278537
 20
12.5119105
 30
0.0
 11
32.6478368
 21
12.3203238
 31
0.0
  0
LINE
  5
363
  8
0
 10
32.6478368
 20
12.3203238
 30
0.0
 11
32.73616795
 21
12.2674088
 31
0.0
  0
LINE
  5
364
  8
0
 10
32.73616795
 20
12.2674088
 30
0.0
 11
32.76574825
 21
12.2586452
 31
0.0
  0
LINE
  5
365
  8
0
 10
32.76574825
 20
12.2586452
 30
0.0
 11
32.88429295
 21
12.2228029
 31
0.0
  0
LINE
  5
366
  8
0
 10
32.88429295
 20
12.2228029
 30
0.0
 11
33.1697289
 21
12.13569915
 31
0.0
  0
LINE
  5
367
  8
0
 10
33.1697289
 20
12.13569915
 30
0.0
 11
33.4
 21
12.0650847
 31
0.0
  0
LINE
  5
368
  8
0
 10
33.4
 20
12.0650847
 30
0.0
 11
33.93843575
 21
11.9107595
 31
0.0
  0
LINE
  5
369
  8
0
 10
33.93843575
 20
11.9107595
 30
0.0
 11
35.1638075
 21
11.61624065
 31
0.0
  0
LINE
  5
36A
  8
0
 10
35.1638075
 20
11.61624065
 30
0.0
 11
36.4545911
 21
11.3662436
 31
0.0
  0
LINE
  5
36B
  8
0
 10
36.4545911
 20
11.3662436
 30
0.0
 11
37.36989305
 21
11.22650065
 31
0.0
  0
LINE
  5
36C
  8
0
 10
37.36989305
 20
11.22650065
 30
0.0
 11
37.9176678
 21
11.16330145
 31
0.0
  0
LINE
  5
36D
  8
0
 10
37.9176678
 20
11.16330145
 30
0.0
 11
38.16536905
 21
11.14213515
 31
0.0
  0
LINE
  5
36E
  8
0
 10
38.16536905
 20
11.14213515
 30
0.0
 11
38.1908982
 21
11.1476441
 31
0.0
  0
LINE
  5
36F
  8
0
 10
38.1908982
 20
11.1476441
 30
0.0
 11
38.272738
 21
11.19728805
 31
0.0
  0
LINE
  5
370
  8
0
 10
38.272738
 20
11.19728805
 30
0.0
 11
38.4534288
 21
11.35266095
 31
0.0
  0
LINE
  5
371
  8
0
 10
38.4534288
 20
11.35266095
 30
0.0
 11
38.5977146
 21
11.49800265
 31
0.0
  0
LINE
  5
372
  8
0
 10
25.19
 20
11.39550265
 30
0.0
 11
25.2308415
 21
11.44875965
 31
0.0
  0
LINE
  5
373
  8
0
 10
25.2308415
 20
11.44875965
 30
0.0
 11
25.239811
 21
11.5805704
 31
0.0
  0
LINE
  5
374
  8
0
 10
25.239811
 20
11.5805704
 30
0.0
 11
25.13369295
 21
11.78023425
 31
0.0
  0
LINE
  5
375
  8
0
 10
25.13369295
 20
11.78023425
 30
0.0
 11
24.8907237
 21
12.0887
 31
0.0
  0
LINE
  5
376
  8
0
 10
24.8907237
 20
12.0887
 30
0.0
 11
24.71111875
 21
12.2965301
 31
0.0
  0
LINE
  5
377
  8
0
 10
24.71111875
 20
12.2965301
 30
0.0
 11
24.11278895
 21
13.00145675
 31
0.0
  0
LINE
  5
378
  8
0
 10
24.11278895
 20
13.00145675
 30
0.0
 11
22.97524065
 21
14.48146635
 31
0.0
  0
LINE
  5
379
  8
0
 10
22.97524065
 20
14.48146635
 30
0.0
 11
21.9281967
 21
16.03764445
 31
0.0
  0
LINE
  5
37A
  8
0
 10
21.9281967
 20
16.03764445
 30
0.0
 11
20.9856844
 21
17.6491429
 31
0.0
  0
LINE
  5
37B
  8
0
 10
20.9856844
 20
17.6491429
 30
0.0
 11
20.5580111
 21
18.46912225
 31
0.0
  0
LINE
  5
37C
  8
0
 10
20.5580111
 20
18.46912225
 30
0.0
 11
20.4330383
 21
18.71435225
 31
0.0
  0
LINE
  5
37D
  8
0
 10
20.4330383
 20
18.71435225
 30
0.0
 11
20.24309965
 21
19.04612715
 31
0.0
  0
LINE
  5
37E
  8
0
 10
20.24309965
 20
19.04612715
 30
0.0
 11
20.10225525
 21
19.2001236
 31
0.0
  0
LINE
  5
37F
  8
0
 10
20.10225525
 20
19.2001236
 30
0.0
 11
19.97340715
 21
19.2169038
 31
0.0
  0
LINE
  5
380
  8
0
 10
19.97340715
 20
19.2169038
 30
0.0
 11
19.90188865
 21
19.1865134
 31
0.0
  0
LINE
  5
381
  8
0
 10
19.90188865
 20
19.1865134
 30
0.0
 11
19.8593466
 21
19.1590662
 31
0.0
  0
LINE
  5
382
  8
0
 10
19.8593466
 20
19.1590662
 30
0.0
 11
19.81203635
 21
19.06522315
 31
0.0
  0
LINE
  5
383
  8
0
 10
19.81203635
 20
19.06522315
 30
0.0
 11
19.8165228
 21
18.8511303
 31
0.0
  0
LINE
  5
384
  8
0
 10
19.8165228
 20
18.8511303
 30
0.0
 11
19.8549127
 21
18.5623294
 31
0.0
  0
LINE
  5
385
  8
0
 10
19.8549127
 20
18.5623294
 30
0.0
 11
19.89758725
 21
18.28951845
 31
0.0
  0
LINE
  5
386
  8
0
 10
19.89758725
 20
18.28951845
 30
0.0
 11
19.9241294
 21
18.12518695
 31
0.0
  0
LINE
  5
387
  8
0
 10
19.9241294
 20
18.12518695
 30
0.0
 11
20.12838365
 21
17.01076885
 31
0.0
  0
LINE
  5
388
  8
0
 10
20.12838365
 20
17.01076885
 30
0.0
 11
20.66613965
 21
14.82640425
 31
0.0
  0
LINE
  5
389
  8
0
 10
20.66613965
 20
14.82640425
 30
0.0
 11
20.99249105
 21
13.78550265
 31
0.0
  0
LINE
  5
38A
  8
0
 10
20.99249105
 20
13.78550265
 30
0.0
 11
21.1066375
 21
13.45307535
 31
0.0
  0
LINE
  5
38B
  8
0
 10
21.1066375
 20
13.45307535
 30
0.0
 11
21.3331918
 21
12.82052615
 31
0.0
  0
LINE
  5
38C
  8
0
 10
21.3331918
 20
12.82052615
 30
0.0
 11
21.5318565
 21
12.29827355
 31
0.0
  0
LINE
  5
38D
  8
0
 10
21.5318565
 20
12.29827355
 30
0.0
 11
21.644093
 21
12.02749265
 31
0.0
  0
LINE
  5
38E
  8
0
 10
21.644093
 20
12.02749265
 30
0.0
 11
21.69421965
 21
11.92345395
 31
0.0
  0
LINE
  5
38F
  8
0
 10
21.69421965
 20
11.92345395
 30
0.0
 11
21.71043525
 21
11.89816045
 31
0.0
  0
LINE
  5
390
  8
0
 10
21.71043525
 20
11.89816045
 30
0.0
 11
21.7849783
 21
11.8444397
 31
0.0
  0
LINE
  5
391
  8
0
 10
21.7849783
 20
11.8444397
 30
0.0
 11
22.09845335
 21
11.7304315
 31
0.0
  0
LINE
  5
392
  8
0
 10
22.09845335
 20
11.7304315
 30
0.0
 11
22.57613055
 21
11.61561055
 31
0.0
  0
LINE
  5
393
  8
0
 10
22.57613055
 20
11.61561055
 30
0.0
 11
23.15203015
 21
11.5095082
 31
0.0
  0
LINE
  5
394
  8
0
 10
23.15203015
 20
11.5095082
 30
0.0
 11
23.7601725
 21
11.421656
 31
0.0
  0
LINE
  5
395
  8
0
 10
23.7601725
 20
11.421656
 30
0.0
 11
24.33457785
 21
11.3615853
 31
0.0
  0
LINE
  5
396
  8
0
 10
24.33457785
 20
11.3615853
 30
0.0
 11
24.80926645
 21
11.33882755
 31
0.0
  0
LINE
  5
397
  8
0
 10
24.80926645
 20
11.33882755
 30
0.0
 11
25.1182587
 21
11.36291415
 31
0.0
  0
LINE
  5
398
  8
0
 10
25.1182587
 20
11.36291415
 30
0.0
 11
25.19
 21
11.39550265
 31
0.0
  0
LINE
  5
399
  8
0
 10
27.2628291
 20
11.46160945
 30
0.0
 11
27.66122535
 21
11.53082115
 31
0.0
  0
LINE
  5
39A
  8
0
 10
27.66122535
 20
11.53082115
 30
0.0
 11
28.52875795
 21
11.7294452
 31
0.0
  0
LINE
  5
39B
  8
0
 10
28.52875795
 20
11.7294452
 30
0.0
 11
29.14493055
 21
11.90314475
 31
0.0
  0
LINE
  5
39C
  8
0
 10
29.14493055
 20
11.90314475
 30
0.0
 11
29.49340205
 21
12.01741475
 31
0.0
  0
LINE
  5
39D
  8
0
 10
29.49340205
 20
12.01741475
 30
0.0
 11
29.76346995
 21
12.1221812
 31
0.0
  0
LINE
  5
39E
  8
0
 10
29.76346995
 20
12.1221812
 30
0.0
 11
29.9306582
 21
12.21034725
 31
0.0
  0
LINE
  5
39F
  8
0
 10
29.9306582
 20
12.21034725
 30
0.0
 11
29.9680237
 21
12.2459873
 31
0.0
  0
LINE
  5
3A0
  8
0
 10
29.9680237
 20
12.2459873
 30
0.0
 11
29.9921022
 21
12.33359655
 31
0.0
  0
LINE
  5
3A1
  8
0
 10
29.9921022
 20
12.33359655
 30
0.0
 11
29.9844118
 21
12.4402638
 31
0.0
  0
LINE
  5
3A2
  8
0
 10
29.9844118
 20
12.4402638
 30
0.0
 11
29.9676553
 21
12.4773214
 31
0.0
  0
LINE
  5
3A3
  8
0
 10
29.9676553
 20
12.4773214
 30
0.0
 11
29.87590295
 21
12.56463375
 31
0.0
  0
LINE
  5
3A4
  8
0
 10
29.87590295
 20
12.56463375
 30
0.0
 11
29.6790348
 21
12.68654975
 31
0.0
  0
LINE
  5
3A5
  8
0
 10
29.6790348
 20
12.68654975
 30
0.0
 11
29.3440948
 21
12.8634784
 31
0.0
  0
LINE
  5
3A6
  8
0
 10
29.3440948
 20
12.8634784
 30
0.0
 11
29.1145491
 21
12.97895025
 31
0.0
  0
LINE
  5
3A7
  8
0
 10
29.1145491
 20
12.97895025
 30
0.0
 11
28.2905598
 21
13.4048137
 31
0.0
  0
LINE
  5
3A8
  8
0
 10
28.2905598
 20
13.4048137
 30
0.0
 11
26.7113289
 21
14.3147798
 31
0.0
  0
LINE
  5
3A9
  8
0
 10
26.7113289
 20
14.3147798
 30
0.0
 11
25.2039239
 21
15.31556865
 31
0.0
  0
LINE
  5
3AA
  8
0
 10
25.2039239
 20
15.31556865
 30
0.0
 11
23.7445395
 21
16.42298495
 31
0.0
  0
LINE
  5
3AB
  8
0
 10
23.7445395
 20
16.42298495
 30
0.0
 11
23.02541595
 21
17.0216173
 31
0.0
  0
LINE
  5
3AC
  8
0
 10
23.02541595
 20
17.0216173
 30
0.0
 11
22.8085418
 21
17.2037248
 31
0.0
  0
LINE
  5
3AD
  8
0
 10
22.8085418
 20
17.2037248
 30
0.0
 11
22.4840437
 21
17.44617155
 31
0.0
  0
LINE
  5
3AE
  8
0
 10
22.4840437
 20
17.44617155
 30
0.0
 11
22.275234
 21
17.53968645
 31
0.0
  0
LINE
  5
3AF
  8
0
 10
22.275234
 20
17.53968645
 30
0.0
 11
22.1461385
 21
17.5003804
 31
0.0
  0
LINE
  5
3B0
  8
0
 10
22.1461385
 20
17.5003804
 30
0.0
 11
22.10024165
 21
17.4359542
 31
0.0
  0
LINE
  5
3B1
  8
0
 10
22.10024165
 20
17.4359542
 30
0.0
 11
22.0814663
 21
17.3929156
 31
0.0
  0
LINE
  5
3B2
  8
0
 10
22.0814663
 20
17.3929156
 30
0.0
 11
22.08594225
 21
17.2875518
 31
0.0
  0
LINE
  5
3B3
  8
0
 10
22.08594225
 20
17.2875518
 30
0.0
 11
22.1740345
 21
17.0967281
 31
0.0
  0
LINE
  5
3B4
  8
0
 10
22.1740345
 20
17.0967281
 30
0.0
 11
22.3148866
 21
16.8543992
 31
0.0
  0
LINE
  5
3B5
  8
0
 10
22.3148866
 20
16.8543992
 30
0.0
 11
22.4521559
 21
16.6288001
 31
0.0
  0
LINE
  5
3B6
  8
0
 10
22.4521559
 20
16.6288001
 30
0.0
 11
22.5353523
 21
16.493426
 31
0.0
  0
LINE
  5
3B7
  8
0
 10
22.5353523
 20
16.493426
 30
0.0
 11
23.09877095
 21
15.6197618
 31
0.0
  0
LINE
  5
3B8
  8
0
 10
23.09877095
 20
15.6197618
 30
0.0
 11
24.0341165
 21
14.3078529
 31
0.0
  0
LINE
  5
3B9
  8
0
 10
24.0341165
 20
14.3078529
 30
0.0
 11
24.67676555
 21
13.48881745
 31
0.0
  0
LINE
  5
3BA
  8
0
 10
24.67676555
 20
13.48881745
 30
0.0
 11
24.9932575
 21
13.11050265
 31
0.0
  0
LINE
  5
3BB
  8
0
 10
24.9932575
 20
13.11050265
 30
0.0
 11
25.27642795
 21
12.784832
 31
0.0
  0
LINE
  5
3BC
  8
0
 10
25.27642795
 20
12.784832
 30
0.0
 11
25.8250372
 21
12.17967705
 31
0.0
  0
LINE
  5
3BD
  8
0
 10
25.8250372
 20
12.17967705
 30
0.0
 11
26.1843674
 21
11.80413295
 31
0.0
  0
LINE
  5
3BE
  8
0
 10
26.1843674
 20
11.80413295
 30
0.0
 11
26.38166465
 21
11.6091184
 31
0.0
  0
LINE
  5
3BF
  8
0
 10
26.38166465
 20
11.6091184
 30
0.0
 11
26.534309
 21
11.4696147
 31
0.0
  0
LINE
  5
3C0
  8
0
 10
26.534309
 20
11.4696147
 30
0.0
 11
26.63300235
 21
11.3952496
 31
0.0
  0
LINE
  5
3C1
  8
0
 10
26.63300235
 20
11.3952496
 30
0.0
 11
26.65921175
 21
11.38550265
 31
0.0
  0
LINE
  5
3C2
  8
0
 10
26.65921175
 20
11.38550265
 30
0.0
 11
26.68803490000001
 21
11.387056
 31
0.0
  0
LINE
  5
3C3
  8
0
 10
26.68803490000001
 20
11.387056
 30
0.0
 11
26.79802785
 21
11.39854635
 31
0.0
  0
LINE
  5
3C4
  8
0
 10
26.79802785
 20
11.39854635
 30
0.0
 11
27.0567471
 21
11.4320586
 31
0.0
  0
LINE
  5
3C5
  8
0
 10
27.0567471
 20
11.4320586
 30
0.0
 11
27.2628291
 21
11.46160945
 31
0.0
  0
LINE
  5
3C6
  8
0
 10
11.9492122
 20
12.14800265
 30
0.0
 11
11.96080615
 21
12.1843784
 31
0.0
  0
LINE
  5
3C7
  8
0
 10
11.96080615
 20
12.1843784
 30
0.0
 11
11.9934421
 21
12.32647555
 31
0.0
  0
LINE
  5
3C8
  8
0
 10
11.9934421
 20
12.32647555
 30
0.0
 11
12.0566728
 21
12.66453585
 31
0.0
  0
LINE
  5
3C9
  8
0
 10
12.0566728
 20
12.66453585
 30
0.0
 11
12.1010775
 21
12.93550265
 31
0.0
  0
LINE
  5
3CA
  8
0
 10
12.1010775
 20
12.93550265
 30
0.0
 11
12.28471575
 21
13.95352925
 31
0.0
  0
LINE
  5
3CB
  8
0
 10
12.28471575
 20
13.95352925
 30
0.0
 11
12.8102788
 21
16.01883925
 31
0.0
  0
LINE
  5
3CC
  8
0
 10
12.8102788
 20
16.01883925
 30
0.0
 11
13.15260615
 21
17.06770485
 31
0.0
  0
LINE
  5
3CD
  8
0
 10
13.15260615
 20
17.06770485
 30
0.0
 11
13.24866455
 21
17.3505262
 31
0.0
  0
LINE
  5
3CE
  8
0
 10
13.24866455
 20
17.3505262
 30
0.0
 11
13.3576
 21
17.69978085
 31
0.0
  0
LINE
  5
3CF
  8
0
 10
13.3576
 20
17.69978085
 30
0.0
 11
13.39495065
 21
17.84380185
 31
0.0
  0
LINE
  5
3D0
  8
0
 10
13.39495065
 20
17.84380185
 30
0.0
 11
13.4
 21
17.87918275
 31
0.0
  0
LINE
  5
3D1
  8
0
 10
13.4
 20
17.87918275
 30
0.0
 11
13.39538045
 21
17.9105486
 31
0.0
  0
LINE
  5
3D2
  8
0
 10
13.39538045
 20
17.9105486
 30
0.0
 11
13.3612091
 21
18.02486945
 31
0.0
  0
LINE
  5
3D3
  8
0
 10
13.3612091
 20
18.02486945
 30
0.0
 11
13.26154635
 21
18.28750185
 31
0.0
  0
LINE
  5
3D4
  8
0
 10
13.26154635
 20
18.28750185
 30
0.0
 11
13.17366455
 21
18.4939404
 31
0.0
  0
LINE
  5
3D5
  8
0
 10
13.17366455
 20
18.4939404
 30
0.0
 11
13.06062805
 21
18.7603866
 31
0.0
  0
LINE
  5
3D6
  8
0
 10
13.06062805
 20
18.7603866
 30
0.0
 11
12.83413775
 21
19.3579177
 31
0.0
  0
LINE
  5
3D7
  8
0
 10
12.83413775
 20
19.3579177
 30
0.0
 11
12.6227027
 21
19.99462145
 31
0.0
  0
LINE
  5
3D8
  8
0
 10
12.6227027
 20
19.99462145
 30
0.0
 11
12.445057
 21
20.614083
 31
0.0
  0
LINE
  5
3D9
  8
0
 10
12.445057
 20
20.614083
 30
0.0
 11
12.37475955
 21
20.8997184
 31
0.0
  0
LINE
  5
3DA
  8
0
 10
12.37475955
 20
20.8997184
 30
0.0
 11
12.33591465
 21
21.064349
 31
0.0
  0
LINE
  5
3DB
  8
0
 10
12.33591465
 20
21.064349
 30
0.0
 11
12.2637639
 21
21.3296055
 31
0.0
  0
LINE
  5
3DC
  8
0
 10
12.2637639
 20
21.3296055
 30
0.0
 11
12.19210265
 21
21.51079655
 31
0.0
  0
LINE
  5
3DD
  8
0
 10
12.19210265
 20
21.51079655
 30
0.0
 11
12.1126561
 21
21.60945105
 31
0.0
  0
LINE
  5
3DE
  8
0
 10
12.1126561
 20
21.60945105
 30
0.0
 11
12.0171492
 21
21.62709805
 31
0.0
  0
LINE
  5
3DF
  8
0
 10
12.0171492
 20
21.62709805
 30
0.0
 11
11.897307
 21
21.56526645
 31
0.0
  0
LINE
  5
3E0
  8
0
 10
11.897307
 20
21.56526645
 30
0.0
 11
11.74485465
 21
21.42548525
 31
0.0
  0
LINE
  5
3E1
  8
0
 10
11.74485465
 20
21.42548525
 30
0.0
 11
11.5515172
 21
21.20928345
 31
0.0
  0
LINE
  5
3E2
  8
0
 10
11.5515172
 20
21.20928345
 30
0.0
 11
11.4369306
 21
21.07300265
 31
0.0
  0
LINE
  5
3E3
  8
0
 10
11.4369306
 20
21.07300265
 30
0.0
 11
10.76755535
 21
20.2261103
 31
0.0
  0
LINE
  5
3E4
  8
0
 10
10.76755535
 20
20.2261103
 30
0.0
 11
9.53540455
 21
18.4160787
 31
0.0
  0
LINE
  5
3E5
  8
0
 10
9.53540455
 20
18.4160787
 30
0.0
 11
8.99242125
 21
17.48201425
 31
0.0
  0
LINE
  5
3E6
  8
0
 10
8.99242125
 20
17.48201425
 30
0.0
 11
8.6377363
 21
16.8353848
 31
0.0
  0
LINE
  5
3E7
  8
0
 10
8.6377363
 20
16.8353848
 30
0.0
 11
8.7495549
 21
16.57294375
 31
0.0
  0
LINE
  5
3E8
  8
0
 10
8.7495549
 20
16.57294375
 30
0.0
 11
8.9692185
 21
16.0883682
 31
0.0
  0
LINE
  5
3E9
  8
0
 10
8.9692185
 20
16.0883682
 30
0.0
 11
9.50820745
 21
15.0607545
 31
0.0
  0
LINE
  5
3EA
  8
0
 10
9.50820745
 20
15.0607545
 30
0.0
 11
10.1470163
 21
14.00959475
 31
0.0
  0
LINE
  5
3EB
  8
0
 10
10.1470163
 20
14.00959475
 30
0.0
 11
10.84597025
 21
13.0001738
 31
0.0
  0
LINE
  5
3EC
  8
0
 10
10.84597025
 20
13.0001738
 30
0.0
 11
11.2056032
 21
12.53151695
 31
0.0
  0
LINE
  5
3ED
  8
0
 10
11.2056032
 20
12.53151695
 30
0.0
 11
11.322246
 21
12.38649155
 31
0.0
  0
LINE
  5
3EE
  8
0
 10
11.322246
 20
12.38649155
 30
0.0
 11
11.49465055
 21
12.1852194
 31
0.0
  0
LINE
  5
3EF
  8
0
 10
11.49465055
 20
12.1852194
 30
0.0
 11
11.65921085
 21
12.0524111
 31
0.0
  0
LINE
  5
3F0
  8
0
 10
11.65921085
 20
12.0524111
 30
0.0
 11
11.7514527
 21
12.03550265
 31
0.0
  0
LINE
  5
3F1
  8
0
 10
11.7514527
 20
12.03550265
 30
0.0
 11
11.82354655
 21
12.04163815
 31
0.0
  0
LINE
  5
3F2
  8
0
 10
11.82354655
 20
12.04163815
 30
0.0
 11
11.91927715
 21
12.0960967
 31
0.0
  0
LINE
  5
3F3
  8
0
 10
11.91927715
 20
12.0960967
 30
0.0
 11
11.9492122
 21
12.14800265
 31
0.0
  0
LINE
  5
3F4
  8
0
 10
20.52511535
 20
12.5036615
 30
0.0
 11
20.56224985
 21
12.5845539
 31
0.0
  0
LINE
  5
3F5
  8
0
 10
20.56224985
 20
12.5845539
 30
0.0
 11
20.53523895
 21
12.78821745
 31
0.0
  0
LINE
  5
3F6
  8
0
 10
20.53523895
 20
12.78821745
 30
0.0
 11
20.44538985
 21
13.06328245
 31
0.0
  0
LINE
  5
3F7
  8
0
 10
20.44538985
 20
13.06328245
 30
0.0
 11
20.3746184
 21
13.26430615
 31
0.0
  0
LINE
  5
3F8
  8
0
 10
20.3746184
 20
13.26430615
 30
0.0
 11
20.09617305
 21
14.1021273
 31
0.0
  0
LINE
  5
3F9
  8
0
 10
20.09617305
 20
14.1021273
 30
0.0
 11
19.6068612
 21
15.8951175
 31
0.0
  0
LINE
  5
3FA
  8
0
 10
19.6068612
 20
15.8951175
 30
0.0
 11
19.21794085
 21
17.79434015
 31
0.0
  0
LINE
  5
3FB
  8
0
 10
19.21794085
 20
17.79434015
 30
0.0
 11
18.9417556
 21
19.73951765
 31
0.0
  0
LINE
  5
3FC
  8
0
 10
18.9417556
 20
19.73951765
 30
0.0
 11
18.84979605
 21
20.71050265
 31
0.0
  0
LINE
  5
3FD
  8
0
 10
18.84979605
 20
20.71050265
 30
0.0
 11
18.82644645
 21
20.98919465
 31
0.0
  0
LINE
  5
3FE
  8
0
 10
18.82644645
 20
20.98919465
 30
0.0
 11
18.79291515
 21
21.32914635
 31
0.0
  0
LINE
  5
3FF
  8
0
 10
18.79291515
 20
21.32914635
 30
0.0
 11
18.77541695
 21
21.4660458
 31
0.0
  0
LINE
  5
400
  8
0
 10
18.77541695
 20
21.4660458
 30
0.0
 11
18.76911735
 21
21.49788645
 31
0.0
  0
LINE
  5
401
  8
0
 10
18.76911735
 20
21.49788645
 30
0.0
 11
18.71181595
 21
21.575104
 31
0.0
  0
LINE
  5
402
  8
0
 10
18.71181595
 20
21.575104
 30
0.0
 11
18.5052405
 21
21.61781095
 31
0.0
  0
LINE
  5
403
  8
0
 10
18.5052405
 20
21.61781095
 30
0.0
 11
18.4143078
 21
21.571239
 31
0.0
  0
LINE
  5
404
  8
0
 10
18.4143078
 20
21.571239
 30
0.0
 11
18.3835143
 21
21.52095395
 31
0.0
  0
LINE
  5
405
  8
0
 10
18.3835143
 20
21.52095395
 30
0.0
 11
18.302732
 21
21.2941646
 31
0.0
  0
LINE
  5
406
  8
0
 10
18.302732
 20
21.2941646
 30
0.0
 11
18.2024095
 21
20.9271931
 31
0.0
  0
LINE
  5
407
  8
0
 10
18.2024095
 20
20.9271931
 30
0.0
 11
18.0898109
 21
20.4537717
 31
0.0
  0
LINE
  5
408
  8
0
 10
18.0898109
 20
20.4537717
 30
0.0
 11
17.9137859
 21
19.61783525
 31
0.0
  0
LINE
  5
409
  8
0
 10
17.9137859
 20
19.61783525
 30
0.0
 11
17.7039188
 21
18.44551255
 31
0.0
  0
LINE
  5
40A
  8
0
 10
17.7039188
 20
18.44551255
 30
0.0
 11
17.6259724
 21
17.91050265
 31
0.0
  0
LINE
  5
40B
  8
0
 10
17.6259724
 20
17.91050265
 30
0.0
 11
17.5353038
 21
17.1187002
 31
0.0
  0
LINE
  5
40C
  8
0
 10
17.5353038
 20
17.1187002
 30
0.0
 11
17.43750535
 21
15.9087448
 31
0.0
  0
LINE
  5
40D
  8
0
 10
17.43750535
 20
15.9087448
 30
0.0
 11
17.40510785
 21
15.1860329
 31
0.0
  0
LINE
  5
40E
  8
0
 10
17.40510785
 20
15.1860329
 30
0.0
 11
17.40063485
 21
14.8752497
 31
0.0
  0
LINE
  5
40F
  8
0
 10
17.40063485
 20
14.8752497
 30
0.0
 11
17.4
 21
14.1399967
 31
0.0
  0
LINE
  5
410
  8
0
 10
17.4
 20
14.1399967
 30
0.0
 11
17.7875
 21
13.84523785
 31
0.0
  0
LINE
  5
411
  8
0
 10
17.7875
 20
13.84523785
 30
0.0
 11
18.17132815
 21
13.5662062
 31
0.0
  0
LINE
  5
412
  8
0
 10
18.17132815
 20
13.5662062
 30
0.0
 11
18.55
 21
13.30925945
 31
0.0
  0
LINE
  5
413
  8
0
 10
18.55
 20
13.30925945
 30
0.0
 11
18.7737011
 21
13.17164135
 31
0.0
  0
LINE
  5
414
  8
0
 10
18.7737011
 20
13.17164135
 30
0.0
 11
19.31352445
 21
12.8675724
 31
0.0
  0
LINE
  5
415
  8
0
 10
19.31352445
 20
12.8675724
 30
0.0
 11
19.85288185
 21
12.58895645
 31
0.0
  0
LINE
  5
416
  8
0
 10
19.85288185
 20
12.58895645
 30
0.0
 11
20.16780245
 21
12.44282345
 31
0.0
  0
LINE
  5
417
  8
0
 10
20.16780245
 20
12.44282345
 30
0.0
 11
20.3002951
 21
12.3932909
 31
0.0
  0
LINE
  5
418
  8
0
 10
20.3002951
 20
12.3932909
 30
0.0
 11
20.33634735
 21
12.3864857
 31
0.0
  0
LINE
  5
419
  8
0
 10
20.33634735
 20
12.3864857
 30
0.0
 11
20.43788985
 21
12.41993485
 31
0.0
  0
LINE
  5
41A
  8
0
 10
20.43788985
 20
12.41993485
 30
0.0
 11
20.52511535
 21
12.5036615
 31
0.0
  0
LINE
  5
41B
  8
0
 10
6.2928968
 20
12.88005455
 30
0.0
 11
6.31093275
 21
12.90336555
 31
0.0
  0
LINE
  5
41C
  8
0
 10
6.31093275
 20
12.90336555
 30
0.0
 11
6.3677118
 21
13.0272426
 31
0.0
  0
LINE
  5
41D
  8
0
 10
6.3677118
 20
13.0272426
 30
0.0
 11
6.4872171
 21
13.35933125
 31
0.0
  0
LINE
  5
41E
  8
0
 10
6.4872171
 20
13.35933125
 30
0.0
 11
6.576221
 21
13.6417889
 31
0.0
  0
LINE
  5
41F
  8
0
 10
6.576221
 20
13.6417889
 30
0.0
 11
6.78567855
 21
14.30683395
 31
0.0
  0
LINE
  5
420
  8
0
 10
6.78567855
 20
14.30683395
 30
0.0
 11
7.2453803
 21
15.55714715
 31
0.0
  0
LINE
  5
421
  8
0
 10
7.2453803
 20
15.55714715
 30
0.0
 11
7.51005095
 21
16.1816528
 31
0.0
  0
LINE
  5
422
  8
0
 10
7.51005095
 20
16.1816528
 30
0.0
 11
7.806289200000001
 21
16.8528029
 31
0.0
  0
LINE
  5
423
  8
0
 10
7.806289200000001
 20
16.8528029
 30
0.0
 11
7.555722
 21
17.5816528
 31
0.0
  0
LINE
  5
424
  8
0
 10
7.555722
 20
17.5816528
 30
0.0
 11
7.3632526
 21
18.1606418
 31
0.0
  0
LINE
  5
425
  8
0
 10
7.3632526
 20
18.1606418
 30
0.0
 11
7.048803100000001
 21
19.2377699
 31
0.0
  0
LINE
  5
426
  8
0
 10
7.048803100000001
 20
19.2377699
 30
0.0
 11
6.814323550000001
 21
20.26872245
 31
0.0
  0
LINE
  5
427
  8
0
 10
6.814323550000001
 20
20.26872245
 30
0.0
 11
6.6429949
 21
21.3274488
 31
0.0
  0
LINE
  5
428
  8
0
 10
6.6429949
 20
21.3274488
 30
0.0
 11
6.575756250000001
 21
21.8903362
 31
0.0
  0
LINE
  5
429
  8
0
 10
6.575756250000001
 20
21.8903362
 30
0.0
 11
6.560538900000001
 21
22.03086715
 31
0.0
  0
LINE
  5
42A
  8
0
 10
6.560538900000001
 20
22.03086715
 30
0.0
 11
6.533951200000001
 21
22.26325235
 31
0.0
  0
LINE
  5
42B
  8
0
 10
6.533951200000001
 20
22.26325235
 30
0.0
 11
6.49875115
 21
22.50674535
 31
0.0
  0
LINE
  5
42C
  8
0
 10
6.49875115
 20
22.50674535
 30
0.0
 11
6.446735200000001
 21
22.6817438
 31
0.0
  0
LINE
  5
42D
  8
0
 10
6.446735200000001
 20
22.6817438
 30
0.0
 11
6.369604600000001
 21
22.75065495
 31
0.0
  0
LINE
  5
42E
  8
0
 10
6.369604600000001
 20
22.75065495
 30
0.0
 11
6.315039800000001
 21
22.7674703
 31
0.0
  0
LINE
  5
42F
  8
0
 10
6.315039800000001
 20
22.7674703
 30
0.0
 11
6.2403819
 21
22.7717633
 31
0.0
  0
LINE
  5
430
  8
0
 10
6.2403819
 20
22.7717633
 30
0.0
 11
6.1077738
 21
22.7022041
 31
0.0
  0
LINE
  5
431
  8
0
 10
6.1077738
 20
22.7022041
 30
0.0
 11
5.9766782
 21
22.58722425
 31
0.0
  0
LINE
  5
432
  8
0
 10
5.9766782
 20
22.58722425
 30
0.0
 11
5.89088095
 21
22.5045387
 31
0.0
  0
LINE
  5
433
  8
0
 10
5.89088095
 20
22.5045387
 30
0.0
 11
5.6446864
 21
22.253602
 31
0.0
  0
LINE
  5
434
  8
0
 10
5.6446864
 20
22.253602
 30
0.0
 11
5.1007252
 21
21.64759705
 31
0.0
  0
LINE
  5
435
  8
0
 10
5.1007252
 20
21.64759705
 30
0.0
 11
4.537840200000001
 21
20.96333595
 31
0.0
  0
LINE
  5
436
  8
0
 10
4.537840200000001
 20
20.96333595
 30
0.0
 11
4.015838
 21
20.2735215
 31
0.0
  0
LINE
  5
437
  8
0
 10
4.015838
 20
20.2735215
 30
0.0
 11
3.78885755
 21
19.9492514
 31
0.0
  0
LINE
  5
438
  8
0
 10
3.78885755
 20
19.9492514
 30
0.0
 11
3.5103026
 21
19.53800015
 31
0.0
  0
LINE
  5
439
  8
0
 10
3.5103026
 20
19.53800015
 30
0.0
 11
3.606280050000001
 21
19.0992514
 31
0.0
  0
LINE
  5
43A
  8
0
 10
3.606280050000001
 20
19.0992514
 30
0.0
 11
3.76027135
 21
18.44370855
 31
0.0
  0
LINE
  5
43B
  8
0
 10
3.76027135
 20
18.44370855
 30
0.0
 11
4.12788355
 21
17.15186235
 31
0.0
  0
LINE
  5
43C
  8
0
 10
4.12788355
 20
17.15186235
 30
0.0
 11
4.5767593
 21
15.8806921
 31
0.0
  0
LINE
  5
43D
  8
0
 10
4.5767593
 20
15.8806921
 30
0.0
 11
5.1090074
 21
14.62422585
 31
0.0
  0
LINE
  5
43E
  8
0
 10
5.1090074
 20
14.62422585
 30
0.0
 11
5.407055150000001
 21
13.9996405
 31
0.0
  0
LINE
  5
43F
  8
0
 10
5.407055150000001
 20
13.9996405
 30
0.0
 11
5.509185250000001
 21
13.79420945
 31
0.0
  0
LINE
  5
440
  8
0
 10
5.509185250000001
 20
13.79420945
 30
0.0
 11
5.68257185
 21
13.4529083
 31
0.0
  0
LINE
  5
441
  8
0
 10
5.68257185
 20
13.4529083
 30
0.0
 11
5.821033450000001
 21
13.1964689
 31
0.0
  0
LINE
  5
442
  8
0
 10
5.821033450000001
 20
13.1964689
 30
0.0
 11
5.9320578
 21
13.01542775
 31
0.0
  0
LINE
  5
443
  8
0
 10
5.9320578
 20
13.01542775
 30
0.0
 11
6.06352895
 21
12.8645362
 31
0.0
  0
LINE
  5
444
  8
0
 10
6.06352895
 20
12.8645362
 30
0.0
 11
6.2126791
 21
12.8389149
 31
0.0
  0
LINE
  5
445
  8
0
 10
6.2126791
 20
12.8389149
 30
0.0
 11
6.2928968
 21
12.88005455
 31
0.0
  0
LINE
  5
446
  8
0
 10
31.81745595
 20
13.10497055
 30
0.0
 11
32.15029215000001
 21
13.31426245
 31
0.0
  0
LINE
  5
447
  8
0
 10
32.15029215000001
 20
13.31426245
 30
0.0
 11
32.8989908
 21
13.8460971
 31
0.0
  0
LINE
  5
448
  8
0
 10
32.8989908
 20
13.8460971
 30
0.0
 11
33.43570485
 21
14.26663245
 31
0.0
  0
LINE
  5
449
  8
0
 10
33.43570485
 20
14.26663245
 30
0.0
 11
33.73529135
 21
14.5204294
 31
0.0
  0
LINE
  5
44A
  8
0
 10
33.73529135
 20
14.5204294
 30
0.0
 11
33.9594232
 21
14.7300347
 31
0.0
  0
LINE
  5
44B
  8
0
 10
33.9594232
 20
14.7300347
 30
0.0
 11
34.08334905
 21
14.87578225
 31
0.0
  0
LINE
  5
44C
  8
0
 10
34.08334905
 20
14.87578225
 30
0.0
 11
34.1
 21
14.9185637
 31
0.0
  0
LINE
  5
44D
  8
0
 10
34.1
 20
14.9185637
 30
0.0
 11
34.0742969
 21
14.98843855
 31
0.0
  0
LINE
  5
44E
  8
0
 10
34.0742969
 20
14.98843855
 30
0.0
 11
34.0125
 21
15.077993
 31
0.0
  0
LINE
  5
44F
  8
0
 10
34.0125
 20
15.077993
 30
0.0
 11
33.981196
 21
15.10920255
 31
0.0
  0
LINE
  5
450
  8
0
 10
33.981196
 20
15.10920255
 30
0.0
 11
33.88489355
 21
15.1555614
 31
0.0
  0
LINE
  5
451
  8
0
 10
33.88489355
 20
15.1555614
 30
0.0
 11
33.6975814
 21
15.1886463
 31
0.0
  0
LINE
  5
452
  8
0
 10
33.6975814
 20
15.1886463
 30
0.0
 11
33.36395895
 21
15.21822505
 31
0.0
  0
LINE
  5
453
  8
0
 10
33.36395895
 20
15.21822505
 30
0.0
 11
33.125
 21
15.234752
 31
0.0
  0
LINE
  5
454
  8
0
 10
33.125
 20
15.234752
 30
0.0
 11
32.1920652
 21
15.3127015
 31
0.0
  0
LINE
  5
455
  8
0
 10
32.1920652
 20
15.3127015
 30
0.0
 11
30.3018136
 21
15.56330545
 31
0.0
  0
LINE
  5
456
  8
0
 10
30.3018136
 20
15.56330545
 30
0.0
 11
28.420925
 21
15.9319754
 31
0.0
  0
LINE
  5
457
  8
0
 10
28.420925
 20
15.9319754
 30
0.0
 11
26.5996461
 21
16.4088625
 31
0.0
  0
LINE
  5
458
  8
0
 10
26.5996461
 20
16.4088625
 30
0.0
 11
25.72706235
 21
16.6848098
 31
0.0
  0
LINE
  5
459
  8
0
 10
25.72706235
 20
16.6848098
 30
0.0
 11
25.48618855
 21
16.76273505
 31
0.0
  0
LINE
  5
45A
  8
0
 10
25.48618855
 20
16.76273505
 30
0.0
 11
25.18209595
 21
16.85110655
 31
0.0
  0
LINE
  5
45B
  8
0
 10
25.18209595
 20
16.85110655
 30
0.0
 11
25.0515096
 21
16.8814065
 31
0.0
  0
LINE
  5
45C
  8
0
 10
25.0515096
 20
16.8814065
 30
0.0
 11
25.0166011
 21
16.88550265
 31
0.0
  0
LINE
  5
45D
  8
0
 10
25.0166011
 20
16.88550265
 30
0.0
 11
24.92572305
 21
16.85829245
 31
0.0
  0
LINE
  5
45E
  8
0
 10
24.92572305
 20
16.85829245
 30
0.0
 11
24.817218
 21
16.69377475
 31
0.0
  0
LINE
  5
45F
  8
0
 10
24.817218
 20
16.69377475
 30
0.0
 11
24.82296645
 21
16.59190975
 31
0.0
  0
LINE
  5
460
  8
0
 10
24.82296645
 20
16.59190975
 30
0.0
 11
24.8527273
 21
16.5474419
 31
0.0
  0
LINE
  5
461
  8
0
 10
24.8527273
 20
16.5474419
 30
0.0
 11
25.01901995
 21
16.3948685
 31
0.0
  0
LINE
  5
462
  8
0
 10
25.01901995
 20
16.3948685
 30
0.0
 11
25.3069049
 21
16.1716945
 31
0.0
  0
LINE
  5
463
  8
0
 10
25.3069049
 20
16.1716945
 30
0.0
 11
25.69145945
 21
15.89501985
 31
0.0
  0
LINE
  5
464
  8
0
 10
25.69145945
 20
15.89501985
 30
0.0
 11
26.9122197
 21
15.0814858
 31
0.0
  0
LINE
  5
465
  8
0
 10
26.9122197
 20
15.0814858
 30
0.0
 11
27.95
 21
14.4464037
 31
0.0
  0
LINE
  5
466
  8
0
 10
27.95
 20
14.4464037
 30
0.0
 11
28.3989279
 21
14.19347855
 31
0.0
  0
LINE
  5
467
  8
0
 10
28.3989279
 20
14.19347855
 30
0.0
 11
29.42153715
 21
13.65736585
 31
0.0
  0
LINE
  5
468
  8
0
 10
29.42153715
 20
13.65736585
 30
0.0
 11
30.176294
 21
13.287643
 31
0.0
  0
LINE
  5
469
  8
0
 10
30.176294
 20
13.287643
 30
0.0
 11
30.61586555
 21
13.084591
 31
0.0
  0
LINE
  5
46A
  8
0
 10
30.61586555
 20
13.084591
 30
0.0
 11
30.968599
 21
12.9337174
 31
0.0
  0
LINE
  5
46B
  8
0
 10
30.968599
 20
12.9337174
 30
0.0
 11
31.20367295
 21
12.84996595
 31
0.0
  0
LINE
  5
46C
  8
0
 10
31.20367295
 20
12.84996595
 30
0.0
 11
31.26745595
 21
12.837931
 31
0.0
  0
LINE
  5
46D
  8
0
 10
31.26745595
 20
12.837931
 30
0.0
 11
31.29536695
 21
12.8429431
 31
0.0
  0
LINE
  5
46E
  8
0
 10
31.29536695
 20
12.8429431
 30
0.0
 11
31.3974731
 21
12.88275895
 31
0.0
  0
LINE
  5
46F
  8
0
 10
31.3974731
 20
12.88275895
 30
0.0
 11
31.6325048
 21
13.00053285
 31
0.0
  0
LINE
  5
470
  8
0
 10
31.6325048
 20
13.00053285
 30
0.0
 11
31.81745595
 21
13.10497055
 31
0.0
  0
LINE
  5
471
  8
0
 10
16.54116295
 20
15.22300265
 30
0.0
 11
16.5717984
 21
15.25436
 31
0.0
  0
LINE
  5
472
  8
0
 10
16.5717984
 20
15.25436
 30
0.0
 11
16.61770195
 21
15.35180595
 31
0.0
  0
LINE
  5
473
  8
0
 10
16.61770195
 20
15.35180595
 30
0.0
 11
16.65100735
 21
15.5402006
 31
0.0
  0
LINE
  5
474
  8
0
 10
16.65100735
 20
15.5402006
 30
0.0
 11
16.68118485
 21
15.87311255
 31
0.0
  0
LINE
  5
475
  8
0
 10
16.68118485
 20
15.87311255
 30
0.0
 11
16.69806005
 21
16.11050265
 31
0.0
  0
LINE
  5
476
  8
0
 10
16.69806005
 20
16.11050265
 30
0.0
 11
16.777877
 21
17.0497892
 31
0.0
  0
LINE
  5
477
  8
0
 10
16.777877
 20
17.0497892
 30
0.0
 11
17.03028625
 21
18.944948
 31
0.0
  0
LINE
  5
478
  8
0
 10
17.03028625
 20
18.944948
 30
0.0
 11
17.39879715
 21
20.82348465
 31
0.0
  0
LINE
  5
479
  8
0
 10
17.39879715
 20
20.82348465
 30
0.0
 11
17.8742911
 21
22.6389156
 31
0.0
  0
LINE
  5
47A
  8
0
 10
17.8742911
 20
22.6389156
 30
0.0
 11
18.14930715
 21
23.5084403
 31
0.0
  0
LINE
  5
47B
  8
0
 10
18.14930715
 20
23.5084403
 30
0.0
 11
18.2272324
 21
23.7493141
 31
0.0
  0
LINE
  5
47C
  8
0
 10
18.2272324
 20
23.7493141
 30
0.0
 11
18.3156039
 21
24.0534067
 31
0.0
  0
LINE
  5
47D
  8
0
 10
18.3156039
 20
24.0534067
 30
0.0
 11
18.34590385
 21
24.18399305
 31
0.0
  0
LINE
  5
47E
  8
0
 10
18.34590385
 20
24.18399305
 30
0.0
 11
18.35
 21
24.21890155
 31
0.0
  0
LINE
  5
47F
  8
0
 10
18.35
 20
24.21890155
 30
0.0
 11
18.3227898
 21
24.3097796
 31
0.0
  0
LINE
  5
480
  8
0
 10
18.3227898
 20
24.3097796
 30
0.0
 11
18.1582721
 21
24.41828465
 31
0.0
  0
LINE
  5
481
  8
0
 10
18.1582721
 20
24.41828465
 30
0.0
 11
18.0564071
 21
24.4125362
 31
0.0
  0
LINE
  5
482
  8
0
 10
18.0564071
 20
24.4125362
 30
0.0
 11
18.01194505
 21
24.38277945
 31
0.0
  0
LINE
  5
483
  8
0
 10
18.01194505
 20
24.38277945
 30
0.0
 11
17.85938975
 21
24.21650815
 31
0.0
  0
LINE
  5
484
  8
0
 10
17.85938975
 20
24.21650815
 30
0.0
 11
17.63623765
 21
23.9286544
 31
0.0
  0
LINE
  5
485
  8
0
 10
17.63623765
 20
23.9286544
 30
0.0
 11
17.35958265
 21
23.5441319
 31
0.0
  0
LINE
  5
486
  8
0
 10
17.35958265
 20
23.5441319
 30
0.0
 11
16.5460491
 21
22.32339585
 31
0.0
  0
LINE
  5
487
  8
0
 10
16.5460491
 20
22.32339585
 30
0.0
 11
15.9108681
 21
21.28550265
 31
0.0
  0
LINE
  5
488
  8
0
 10
15.9108681
 20
21.28550265
 30
0.0
 11
15.65812315
 21
20.83651985
 31
0.0
  0
LINE
  5
489
  8
0
 10
15.65812315
 20
20.83651985
 30
0.0
 11
15.1202692
 21
19.80842495
 31
0.0
  0
LINE
  5
48A
  8
0
 10
15.1202692
 20
19.80842495
 30
0.0
 11
14.74873275
 21
19.04793565
 31
0.0
  0
LINE
  5
48B
  8
0
 10
14.74873275
 20
19.04793565
 30
0.0
 11
14.54486395
 21
18.6052413
 31
0.0
  0
LINE
  5
48C
  8
0
 10
14.54486395
 20
18.6052413
 30
0.0
 11
14.39388175
 21
18.25085845
 31
0.0
  0
LINE
  5
48D
  8
0
 10
14.39388175
 20
18.25085845
 30
0.0
 11
14.31106805
 21
18.01639215
 31
0.0
  0
LINE
  5
48E
  8
0
 10
14.31106805
 20
18.01639215
 30
0.0
 11
14.3
 21
17.9540043
 31
0.0
  0
LINE
  5
48F
  8
0
 10
14.3
 20
17.9540043
 30
0.0
 11
14.32075755
 21
17.86884685
 31
0.0
  0
LINE
  5
490
  8
0
 10
14.32075755
 20
17.86884685
 30
0.0
 11
14.4716731
 21
17.5733353
 31
0.0
  0
LINE
  5
491
  8
0
 10
14.4716731
 20
17.5733353
 30
0.0
 11
14.73480115
 21
17.15643185
 31
0.0
  0
LINE
  5
492
  8
0
 10
14.73480115
 20
17.15643185
 30
0.0
 11
15.06975585
 21
16.67278085
 31
0.0
  0
LINE
  5
493
  8
0
 10
15.06975585
 20
16.67278085
 30
0.0
 11
15.4361513
 21
16.17702665
 31
0.0
  0
LINE
  5
494
  8
0
 10
15.4361513
 20
16.17702665
 30
0.0
 11
15.79360175
 21
15.72381365
 31
0.0
  0
LINE
  5
495
  8
0
 10
15.79360175
 20
15.72381365
 30
0.0
 11
16.10172125
 21
15.36778625
 31
0.0
  0
LINE
  5
496
  8
0
 10
16.10172125
 20
15.36778625
 30
0.0
 11
16.2761429
 21
15.19741575
 31
0.0
  0
LINE
  5
497
  8
0
 10
16.2761429
 20
15.19741575
 30
0.0
 11
16.3559738
 21
15.1426665
 31
0.0
  0
LINE
  5
498
  8
0
 10
16.3559738
 20
15.1426665
 30
0.0
 11
16.38306105
 21
15.13550265
 31
0.0
  0
LINE
  5
499
  8
0
 10
16.38306105
 20
15.13550265
 30
0.0
 11
16.45254595
 21
15.16120575
 31
0.0
  0
LINE
  5
49A
  8
0
 10
16.45254595
 20
15.16120575
 30
0.0
 11
16.54116295
 21
15.22300265
 31
0.0
  0
LINE
  5
49B
  8
0
 10
35.4443996
 20
16.39800265
 30
0.0
 11
35.6813582
 21
16.73096665
 31
0.0
  0
LINE
  5
49C
  8
0
 10
35.6813582
 20
16.73096665
 30
0.0
 11
36.16359305
 21
17.4899917
 31
0.0
  0
LINE
  5
49D
  8
0
 10
36.16359305
 20
17.4899917
 30
0.0
 11
36.4838334
 21
18.05351265
 31
0.0
  0
LINE
  5
49E
  8
0
 10
36.4838334
 20
18.05351265
 30
0.0
 11
36.6543986
 21
18.38492875
 31
0.0
  0
LINE
  5
49F
  8
0
 10
36.6543986
 20
18.38492875
 30
0.0
 11
36.77618745
 21
18.6550939
 31
0.0
  0
LINE
  5
4A0
  8
0
 10
36.77618745
 20
18.6550939
 30
0.0
 11
36.83682820000001
 21
18.84186005
 31
0.0
  0
LINE
  5
4A1
  8
0
 10
36.83682820000001
 20
18.84186005
 30
0.0
 11
36.84035185
 21
18.8970473
 31
0.0
  0
LINE
  5
4A2
  8
0
 10
36.84035185
 20
18.8970473
 30
0.0
 11
36.79988645
 21
18.98864235
 31
0.0
  0
LINE
  5
4A3
  8
0
 10
36.79988645
 20
18.98864235
 30
0.0
 11
36.72415525
 21
19.0656325
 31
0.0
  0
LINE
  5
4A4
  8
0
 10
36.72415525
 20
19.0656325
 30
0.0
 11
36.68989375
 21
19.08359885
 31
0.0
  0
LINE
  5
4A5
  8
0
 10
36.68989375
 20
19.08359885
 30
0.0
 11
36.59773175
 21
19.09287625
 31
0.0
  0
LINE
  5
4A6
  8
0
 10
36.59773175
 20
19.09287625
 30
0.0
 11
36.43758295
 21
19.05886965
 31
0.0
  0
LINE
  5
4A7
  8
0
 10
36.43758295
 20
19.05886965
 30
0.0
 11
36.1656854
 21
18.9722864
 31
0.0
  0
LINE
  5
4A8
  8
0
 10
36.1656854
 20
18.9722864
 30
0.0
 11
35.97415525
 21
18.9063746
 31
0.0
  0
LINE
  5
4A9
  8
0
 10
35.97415525
 20
18.9063746
 30
0.0
 11
35.1091187
 21
18.62341675
 31
0.0
  0
LINE
  5
4AA
  8
0
 10
35.1091187
 20
18.62341675
 30
0.0
 11
33.28431945
 21
18.1292468
 31
0.0
  0
LINE
  5
4AB
  8
0
 10
33.28431945
 20
18.1292468
 30
0.0
 11
31.38396835
 21
17.7411034
 31
0.0
  0
LINE
  5
4AC
  8
0
 10
31.38396835
 20
17.7411034
 30
0.0
 11
29.46896505
 21
17.47142515
 31
0.0
  0
LINE
  5
4AD
  8
0
 10
29.46896505
 20
17.47142515
 30
0.0
 11
28.525
 21
17.38489755
 31
0.0
  0
LINE
  5
4AE
  8
0
 10
28.525
 20
17.38489755
 30
0.0
 11
28.246308
 21
17.36253725
 31
0.0
  0
LINE
  5
4AF
  8
0
 10
28.246308
 20
17.36253725
 30
0.0
 11
27.9063563
 21
17.3298011
 31
0.0
  0
LINE
  5
4B0
  8
0
 10
27.9063563
 20
17.3298011
 30
0.0
 11
27.76945685
 21
17.31229745
 31
0.0
  0
LINE
  5
4B1
  8
0
 10
27.76945685
 20
17.31229745
 30
0.0
 11
27.73761620000001
 21
17.3058148
 31
0.0
  0
LINE
  5
4B2
  8
0
 10
27.73761620000001
 20
17.3058148
 30
0.0
 11
27.66035805
 21
17.24758005
 31
0.0
  0
LINE
  5
4B3
  8
0
 10
27.66035805
 20
17.24758005
 30
0.0
 11
27.61771925
 21
17.0406399
 31
0.0
  0
LINE
  5
4B4
  8
0
 10
27.61771925
 20
17.0406399
 30
0.0
 11
27.66426365
 21
16.94981045
 31
0.0
  0
LINE
  5
4B5
  8
0
 10
27.66426365
 20
16.94981045
 30
0.0
 11
27.7141311
 21
16.91891215
 31
0.0
  0
LINE
  5
4B6
  8
0
 10
27.7141311
 20
16.91891215
 30
0.0
 11
27.9368569
 21
16.8386894
 31
0.0
  0
LINE
  5
4B7
  8
0
 10
27.9368569
 20
16.8386894
 30
0.0
 11
28.2973714
 21
16.73954115
 31
0.0
  0
LINE
  5
4B8
  8
0
 10
28.2973714
 20
16.73954115
 30
0.0
 11
28.7642356
 21
16.6282385
 31
0.0
  0
LINE
  5
4B9
  8
0
 10
28.7642356
 20
16.6282385
 30
0.0
 11
30.19035785
 21
16.3412429
 31
0.0
  0
LINE
  5
4BA
  8
0
 10
30.19035785
 20
16.3412429
 30
0.0
 11
31.3382447
 21
16.15852035
 31
0.0
  0
LINE
  5
4BB
  8
0
 10
31.3382447
 20
16.15852035
 30
0.0
 11
32.08939235
 21
16.0693195
 31
0.0
  0
LINE
  5
4BC
  8
0
 10
32.08939235
 20
16.0693195
 30
0.0
 11
33.56805695
 21
15.95967
 31
0.0
  0
LINE
  5
4BD
  8
0
 10
33.56805695
 20
15.95967
 30
0.0
 11
34.26155965
 21
15.9417436
 31
0.0
  0
LINE
  5
4BE
  8
0
 10
34.26155965
 20
15.9417436
 30
0.0
 11
35.09811935
 21
15.93550265
 31
0.0
  0
LINE
  5
4BF
  8
0
 10
35.09811935
 20
15.93550265
 30
0.0
 11
35.4443996
 21
16.39800265
 31
0.0
  0
LINE
  5
4C0
  8
0
 10
37.425
 20
16.057405
 30
0.0
 11
38.4349384
 21
16.18770855
 31
0.0
  0
LINE
  5
4C1
  8
0
 10
38.4349384
 20
16.18770855
 30
0.0
 11
40.40949425
 21
16.57036565
 31
0.0
  0
LINE
  5
4C2
  8
0
 10
40.40949425
 20
16.57036565
 30
0.0
 11
41.35
 21
16.81804645
 31
0.0
  0
LINE
  5
4C3
  8
0
 10
41.35
 20
16.81804645
 30
0.0
 11
41.5970609
 21
16.88993915
 31
0.0
  0
LINE
  5
4C4
  8
0
 10
41.5970609
 20
16.88993915
 30
0.0
 11
41.92782135
 21
16.99473445
 31
0.0
  0
LINE
  5
4C5
  8
0
 10
41.92782135
 20
16.99473445
 30
0.0
 11
42.1497545
 21
17.1171964
 31
0.0
  0
LINE
  5
4C6
  8
0
 10
42.1497545
 20
17.1171964
 30
0.0
 11
42.2192795
 21
17.22448485
 31
0.0
  0
LINE
  5
4C7
  8
0
 10
42.2192795
 20
17.22448485
 30
0.0
 11
42.2465785
 21
17.2832645
 31
0.0
  0
LINE
  5
4C8
  8
0
 10
42.2465785
 20
17.2832645
 30
0.0
 11
42.31978145
 21
17.46953305
 31
0.0
  0
LINE
  5
4C9
  8
0
 10
42.31978145
 20
17.46953305
 30
0.0
 11
42.46301215
 21
17.87983445
 31
0.0
  0
LINE
  5
4CA
  8
0
 10
42.46301215
 20
17.87983445
 30
0.0
 11
42.67974150000001
 21
18.55679805
 31
0.0
  0
LINE
  5
4CB
  8
0
 10
42.67974150000001
 20
18.55679805
 30
0.0
 11
42.87472455
 21
19.2223479
 31
0.0
  0
LINE
  5
4CC
  8
0
 10
42.87472455
 20
19.2223479
 30
0.0
 11
42.94661325000001
 21
19.49634325
 31
0.0
  0
LINE
  5
4CD
  8
0
 10
42.94661325000001
 20
19.49634325
 30
0.0
 11
43.15969430000001
 21
20.47825845
 31
0.0
  0
LINE
  5
4CE
  8
0
 10
43.15969430000001
 20
20.47825845
 30
0.0
 11
43.3534046
 21
21.6572261
 31
0.0
  0
LINE
  5
4CF
  8
0
 10
43.3534046
 20
21.6572261
 30
0.0
 11
43.39781170000001
 21
22.04186605
 31
0.0
  0
LINE
  5
4D0
  8
0
 10
43.39781170000001
 20
22.04186605
 30
0.0
 11
43.41841905
 21
22.34321515
 31
0.0
  0
LINE
  5
4D1
  8
0
 10
43.41841905
 20
22.34321515
 30
0.0
 11
43.4119609
 21
22.5388689
 31
0.0
  0
LINE
  5
4D2
  8
0
 10
43.4119609
 20
22.5388689
 30
0.0
 11
43.39756175
 21
22.5900586
 31
0.0
  0
LINE
  5
4D3
  8
0
 10
43.39756175
 20
22.5900586
 30
0.0
 11
43.35386685
 21
22.65705705
 31
0.0
  0
LINE
  5
4D4
  8
0
 10
43.35386685
 20
22.65705705
 30
0.0
 11
43.23633615
 21
22.7082943
 31
0.0
  0
LINE
  5
4D5
  8
0
 10
43.23633615
 20
22.7082943
 30
0.0
 11
43.02789705000001
 21
22.63017655
 31
0.0
  0
LINE
  5
4D6
  8
0
 10
43.02789705000001
 20
22.63017655
 30
0.0
 11
42.7752951
 21
22.47297705
 31
0.0
  0
LINE
  5
4D7
  8
0
 10
42.7752951
 20
22.47297705
 30
0.0
 11
42.5467846
 21
22.3158734
 31
0.0
  0
LINE
  5
4D8
  8
0
 10
42.5467846
 20
22.3158734
 30
0.0
 11
42.41164355000001
 21
22.2205612
 31
0.0
  0
LINE
  5
4D9
  8
0
 10
42.41164355000001
 20
22.2205612
 30
0.0
 11
41.96292690000001
 21
21.90756175
 31
0.0
  0
LINE
  5
4DA
  8
0
 10
41.96292690000001
 20
21.90756175
 30
0.0
 11
41.1124772
 21
21.3494386
 31
0.0
  0
LINE
  5
4DB
  8
0
 10
41.1124772
 20
21.3494386
 30
0.0
 11
40.24896425
 21
20.83687785
 31
0.0
  0
LINE
  5
4DC
  8
0
 10
40.24896425
 20
20.83687785
 30
0.0
 11
39.2815384
 21
20.3159533
 31
0.0
  0
LINE
  5
4DD
  8
0
 10
39.2815384
 20
20.3159533
 30
0.0
 11
38.7304676
 21
20.03550265
 31
0.0
  0
LINE
  5
4DE
  8
0
 10
38.7304676
 20
20.03550265
 30
0.0
 11
37.9827476
 21
19.66050265
 31
0.0
  0
LINE
  5
4DF
  8
0
 10
37.9827476
 20
19.66050265
 30
0.0
 11
37.77151775
 21
19.09910655
 31
0.0
  0
LINE
  5
4E0
  8
0
 10
37.77151775
 20
19.09910655
 30
0.0
 11
37.66248145
 21
18.82413945
 31
0.0
  0
LINE
  5
4E1
  8
0
 10
37.66248145
 20
18.82413945
 30
0.0
 11
37.39462865
 21
18.22346315
 31
0.0
  0
LINE
  5
4E2
  8
0
 10
37.39462865
 20
18.22346315
 30
0.0
 11
37.0853369
 21
17.6049907
 31
0.0
  0
LINE
  5
4E3
  8
0
 10
37.0853369
 20
17.6049907
 30
0.0
 11
36.7645276
 21
17.0285542
 31
0.0
  0
LINE
  5
4E4
  8
0
 10
36.7645276
 20
17.0285542
 30
0.0
 11
36.6091543
 21
16.77479695
 31
0.0
  0
LINE
  5
4E5
  8
0
 10
36.6091543
 20
16.77479695
 30
0.0
 11
36.4891155
 21
16.5804288
 31
0.0
  0
LINE
  5
4E6
  8
0
 10
36.4891155
 20
16.5804288
 30
0.0
 11
36.35298495
 21
16.33997795
 31
0.0
  0
LINE
  5
4E7
  8
0
 10
36.35298495
 20
16.33997795
 30
0.0
 11
36.3063099
 21
16.24049065
 31
0.0
  0
LINE
  5
4E8
  8
0
 10
36.3063099
 20
16.24049065
 30
0.0
 11
36.3
 21
16.2158684
 31
0.0
  0
LINE
  5
4E9
  8
0
 10
36.3
 20
16.2158684
 30
0.0
 11
36.32580165
 21
16.12809345
 31
0.0
  0
LINE
  5
4EA
  8
0
 10
36.32580165
 20
16.12809345
 30
0.0
 11
36.49593165
 21
16.00463075
 31
0.0
  0
LINE
  5
4EB
  8
0
 10
36.49593165
 20
16.00463075
 30
0.0
 11
36.61607145
 21
15.9864966
 31
0.0
  0
LINE
  5
4EC
  8
0
 10
36.61607145
 20
15.9864966
 30
0.0
 11
36.66126345
 21
15.9881232
 31
0.0
  0
LINE
  5
4ED
  8
0
 10
36.66126345
 20
15.9881232
 30
0.0
 11
36.81617170000001
 21
15.9990337
 31
0.0
  0
LINE
  5
4EE
  8
0
 10
36.81617170000001
 20
15.9990337
 30
0.0
 11
37.16007675
 21
16.0301801
 31
0.0
  0
LINE
  5
4EF
  8
0
 10
37.16007675
 20
16.0301801
 30
0.0
 11
37.425
 21
16.057405
 31
0.0
  0
LINE
  5
4F0
  8
0
 10
44.0964656
 20
17.8113412
 30
0.0
 11
44.77137175
 21
18.1250033
 31
0.0
  0
LINE
  5
4F1
  8
0
 10
44.77137175
 20
18.1250033
 30
0.0
 11
45.7238633
 21
18.62984665
 31
0.0
  0
LINE
  5
4F2
  8
0
 10
45.7238633
 20
18.62984665
 30
0.0
 11
46.3819804
 21
19.02360455
 31
0.0
  0
LINE
  5
4F3
  8
0
 10
46.3819804
 20
19.02360455
 30
0.0
 11
46.73418465
 21
19.24646105
 31
0.0
  0
LINE
  5
4F4
  8
0
 10
46.73418465
 20
19.24646105
 30
0.0
 11
46.8551812
 21
19.32555595
 31
0.0
  0
LINE
  5
4F5
  8
0
 10
46.8551812
 20
19.32555595
 30
0.0
 11
47.03709145000001
 21
19.45449075
 31
0.0
  0
LINE
  5
4F6
  8
0
 10
47.03709145000001
 20
19.45449075
 30
0.0
 11
47.1851552
 21
19.59719835
 31
0.0
  0
LINE
  5
4F7
  8
0
 10
47.1851552
 20
19.59719835
 30
0.0
 11
47.2204233
 21
19.6759959
 31
0.0
  0
LINE
  5
4F8
  8
0
 10
47.2204233
 20
19.6759959
 30
0.0
 11
47.3730422
 21
20.54540465
 31
0.0
  0
LINE
  5
4F9
  8
0
 10
47.3730422
 20
20.54540465
 30
0.0
 11
47.51912905
 21
21.90336965
 31
0.0
  0
LINE
  5
4FA
  8
0
 10
47.51912905
 20
21.90336965
 30
0.0
 11
47.5697816
 21
22.93429065
 31
0.0
  0
LINE
  5
4FB
  8
0
 10
47.5697816
 20
22.93429065
 30
0.0
 11
47.58326915000001
 21
23.51050265
 31
0.0
  0
LINE
  5
4FC
  8
0
 10
47.58326915000001
 20
23.51050265
 30
0.0
 11
47.58763745
 21
23.8501085
 31
0.0
  0
LINE
  5
4FD
  8
0
 10
47.58763745
 20
23.8501085
 30
0.0
 11
47.58830385
 21
24.4803221
 31
0.0
  0
LINE
  5
4FE
  8
0
 10
47.58830385
 20
24.4803221
 30
0.0
 11
47.5784805
 21
25.0414884
 31
0.0
  0
LINE
  5
4FF
  8
0
 10
47.5784805
 20
25.0414884
 30
0.0
 11
47.55849215000001
 21
25.5291473
 31
0.0
  0
LINE
  5
500
  8
0
 10
47.55849215000001
 20
25.5291473
 30
0.0
 11
47.5286635
 21
25.9388389
 31
0.0
  0
LINE
  5
501
  8
0
 10
47.5286635
 20
25.9388389
 30
0.0
 11
47.48931930000001
 21
26.2661031
 31
0.0
  0
LINE
  5
502
  8
0
 10
47.48931930000001
 20
26.2661031
 30
0.0
 11
47.4407842
 21
26.50648
 31
0.0
  0
LINE
  5
503
  8
0
 10
47.4407842
 20
26.50648
 30
0.0
 11
47.383383
 21
26.65550955
 31
0.0
  0
LINE
  5
504
  8
0
 10
47.383383
 20
26.65550955
 30
0.0
 11
47.3514591
 21
26.6943753
 31
0.0
  0
LINE
  5
505
  8
0
 10
47.3514591
 20
26.6943753
 30
0.0
 11
47.2490938
 21
26.7479951
 31
0.0
  0
LINE
  5
506
  8
0
 10
47.2490938
 20
26.7479951
 30
0.0
 11
47.1535821
 21
26.74549015
 31
0.0
  0
LINE
  5
507
  8
0
 10
47.1535821
 20
26.74549015
 30
0.0
 11
47.12601045
 21
26.7272109
 31
0.0
  0
LINE
  5
508
  8
0
 10
47.12601045
 20
26.7272109
 30
0.0
 11
47.02538635000001
 21
26.6314871
 31
0.0
  0
LINE
  5
509
  8
0
 10
47.02538635000001
 20
26.6314871
 30
0.0
 11
46.7940587
 21
26.3760555
 31
0.0
  0
LINE
  5
50A
  8
0
 10
46.7940587
 20
26.3760555
 30
0.0
 11
46.61215415
 21
26.15925605
 31
0.0
  0
LINE
  5
50B
  8
0
 10
46.61215415
 20
26.15925605
 30
0.0
 11
46.15286655
 21
25.6145512
 31
0.0
  0
LINE
  5
50C
  8
0
 10
46.15286655
 20
25.6145512
 30
0.0
 11
45.20130930000001
 21
24.5859864
 31
0.0
  0
LINE
  5
50D
  8
0
 10
45.20130930000001
 20
24.5859864
 30
0.0
 11
44.74198250000001
 21
24.1377354
 31
0.0
  0
LINE
  5
50E
  8
0
 10
44.74198250000001
 20
24.1377354
 30
0.0
 11
44.258965
 21
23.6853599
 31
0.0
  0
LINE
  5
50F
  8
0
 10
44.258965
 20
23.6853599
 30
0.0
 11
44.23019575000001
 21
23.2479313
 31
0.0
  0
LINE
  5
510
  8
0
 10
44.23019575000001
 20
23.2479313
 30
0.0
 11
44.17498865
 21
22.5099657
 31
0.0
  0
LINE
  5
511
  8
0
 10
44.17498865
 20
22.5099657
 30
0.0
 11
44.0317392
 21
21.1921618
 31
0.0
  0
LINE
  5
512
  8
0
 10
44.0317392
 20
21.1921618
 30
0.0
 11
43.83304955
 21
20.0161834
 31
0.0
  0
LINE
  5
513
  8
0
 10
43.83304955
 20
20.0161834
 30
0.0
 11
43.5649279
 21
18.8992177
 31
0.0
  0
LINE
  5
514
  8
0
 10
43.5649279
 20
18.8992177
 30
0.0
 11
43.4004576
 21
18.33698555
 31
0.0
  0
LINE
  5
515
  8
0
 10
43.4004576
 20
18.33698555
 30
0.0
 11
43.34295460000001
 21
18.1496958
 31
0.0
  0
LINE
  5
516
  8
0
 10
43.34295460000001
 20
18.1496958
 30
0.0
 11
43.27368495
 21
17.90240105
 31
0.0
  0
LINE
  5
517
  8
0
 10
43.27368495
 20
17.90240105
 30
0.0
 11
43.27167085
 21
17.7331258
 31
0.0
  0
LINE
  5
518
  8
0
 10
43.27167085
 20
17.7331258
 30
0.0
 11
43.32857145
 21
17.6640741
 31
0.0
  0
LINE
  5
519
  8
0
 10
43.32857145
 20
17.6640741
 30
0.0
 11
43.37247805000001
 21
17.62652685
 31
0.0
  0
LINE
  5
51A
  8
0
 10
43.37247805000001
 20
17.62652685
 30
0.0
 11
43.4763788
 21
17.59391855
 31
0.0
  0
LINE
  5
51B
  8
0
 10
43.4763788
 20
17.59391855
 30
0.0
 11
43.63979975
 21
17.62525945
 31
0.0
  0
LINE
  5
51C
  8
0
 10
43.63979975
 20
17.62525945
 30
0.0
 11
43.908425
 21
17.72931105
 31
0.0
  0
LINE
  5
51D
  8
0
 10
43.908425
 20
17.72931105
 30
0.0
 11
44.0964656
 21
17.8113412
 31
0.0
  0
LINE
  5
51E
  8
0
 10
8.51095645
 20
18.22300265
 30
0.0
 11
8.5332734
 21
18.25180515
 31
0.0
  0
LINE
  5
51F
  8
0
 10
8.5332734
 20
18.25180515
 30
0.0
 11
8.61205985
 21
18.36609955
 31
0.0
  0
LINE
  5
520
  8
0
 10
8.61205985
 20
18.36609955
 30
0.0
 11
8.78994095
 21
18.64004365
 31
0.0
  0
LINE
  5
521
  8
0
 10
8.78994095
 20
18.64004365
 30
0.0
 11
8.9283561
 21
18.86050265
 31
0.0
  0
LINE
  5
522
  8
0
 10
8.9283561
 20
18.86050265
 30
0.0
 11
9.515134399999999
 21
19.7587128
 31
0.0
  0
LINE
  5
523
  8
0
 10
9.515134399999999
 20
19.7587128
 30
0.0
 11
10.83389735
 21
21.5145569
 31
0.0
  0
LINE
  5
524
  8
0
 10
10.83389735
 20
21.5145569
 30
0.0
 11
11.52956795
 21
22.3238412
 31
0.0
  0
LINE
  5
525
  8
0
 10
11.52956795
 20
22.3238412
 30
0.0
 11
12.0378841
 21
22.8871797
 31
0.0
  0
LINE
  5
526
  8
0
 10
12.0378841
 20
22.8871797
 30
0.0
 11
12.06596015
 21
24.1238412
 31
0.0
  0
LINE
  5
527
  8
0
 10
12.06596015
 20
24.1238412
 30
0.0
 11
12.0734832
 21
24.4025429
 31
0.0
  0
LINE
  5
528
  8
0
 10
12.0734832
 20
24.4025429
 30
0.0
 11
12.0943644
 21
24.91777915
 31
0.0
  0
LINE
  5
529
  8
0
 10
12.0943644
 20
24.91777915
 30
0.0
 11
12.1216931
 21
25.3554508
 31
0.0
  0
LINE
  5
52A
  8
0
 10
12.1216931
 20
25.3554508
 30
0.0
 11
12.1538702
 21
25.6899478
 31
0.0
  0
LINE
  5
52B
  8
0
 10
12.1538702
 20
25.6899478
 30
0.0
 11
12.17127715
 21
25.81050265
 31
0.0
  0
LINE
  5
52C
  8
0
 10
12.17127715
 20
25.81050265
 30
0.0
 11
12.2038444
 21
26.00775105
 31
0.0
  0
LINE
  5
52D
  8
0
 10
12.2038444
 20
26.00775105
 30
0.0
 11
12.26239405
 21
26.3995949
 31
0.0
  0
LINE
  5
52E
  8
0
 10
12.26239405
 20
26.3995949
 30
0.0
 11
12.28116505
 21
26.545928
 31
0.0
  0
LINE
  5
52F
  8
0
 10
12.28116505
 20
26.545928
 30
0.0
 11
12.290994
 21
26.6364589
 31
0.0
  0
LINE
  5
530
  8
0
 10
12.290994
 20
26.6364589
 30
0.0
 11
12.2968068
 21
26.75949005
 31
0.0
  0
LINE
  5
531
  8
0
 10
12.2968068
 20
26.75949005
 30
0.0
 11
12.25657355
 21
26.85072605
 31
0.0
  0
LINE
  5
532
  8
0
 10
12.25657355
 20
26.85072605
 30
0.0
 11
12.1859634
 21
26.88960505
 31
0.0
  0
LINE
  5
533
  8
0
 10
12.1859634
 20
26.88960505
 30
0.0
 11
12.1433212
 21
26.9050277
 31
0.0
  0
LINE
  5
534
  8
0
 10
12.1433212
 20
26.9050277
 30
0.0
 11
12.0414662
 21
26.9029079
 31
0.0
  0
LINE
  5
535
  8
0
 10
12.0414662
 20
26.9029079
 30
0.0
 11
11.8732623
 21
26.8403848
 31
0.0
  0
LINE
  5
536
  8
0
 10
11.8732623
 20
26.8403848
 30
0.0
 11
11.58560375
 21
26.6977184
 31
0.0
  0
LINE
  5
537
  8
0
 10
11.58560375
 20
26.6977184
 30
0.0
 11
11.38038345
 21
26.5901627
 31
0.0
  0
LINE
  5
538
  8
0
 10
11.38038345
 20
26.5901627
 30
0.0
 11
10.77340855
 21
26.25600875
 31
0.0
  0
LINE
  5
539
  8
0
 10
10.77340855
 20
26.25600875
 30
0.0
 11
9.54090325
 21
25.5025556
 31
0.0
  0
LINE
  5
53A
  8
0
 10
9.54090325
 20
25.5025556
 30
0.0
 11
8.975
 21
25.11970755
 31
0.0
  0
LINE
  5
53B
  8
0
 10
8.975
 20
25.11970755
 30
0.0
 11
8.47059065
 21
24.75271025
 31
0.0
  0
LINE
  5
53C
  8
0
 10
8.47059065
 20
24.75271025
 30
0.0
 11
7.6872699
 21
24.15203765
 31
0.0
  0
LINE
  5
53D
  8
0
 10
7.6872699
 20
24.15203765
 30
0.0
 11
7.401578100000001
 21
23.92048585
 31
0.0
  0
LINE
  5
53E
  8
0
 10
7.401578100000001
 20
23.92048585
 30
0.0
 11
7.28734035
 21
23.8202263
 31
0.0
  0
LINE
  5
53F
  8
0
 10
7.28734035
 20
23.8202263
 30
0.0
 11
7.25913915
 21
23.7910144
 31
0.0
  0
LINE
  5
540
  8
0
 10
7.25913915
 20
23.7910144
 30
0.0
 11
7.235839350000001
 21
23.73337525
 31
0.0
  0
LINE
  5
541
  8
0
 10
7.235839350000001
 20
23.73337525
 30
0.0
 11
7.213627900000001
 21
23.48810625
 31
0.0
  0
LINE
  5
542
  8
0
 10
7.213627900000001
 20
23.48810625
 30
0.0
 11
7.2209786
 21
23.09953345
 31
0.0
  0
LINE
  5
543
  8
0
 10
7.2209786
 20
23.09953345
 30
0.0
 11
7.254345000000001
 21
22.60367755
 31
0.0
  0
LINE
  5
544
  8
0
 10
7.254345000000001
 20
22.60367755
 30
0.0
 11
7.3454163
 21
21.73753315
 31
0.0
  0
LINE
  5
545
  8
0
 10
7.3454163
 20
21.73753315
 30
0.0
 11
7.52479975
 21
20.54337635
 31
0.0
  0
LINE
  5
546
  8
0
 10
7.52479975
 20
20.54337635
 30
0.0
 11
7.631349950000001
 21
20.01050265
 31
0.0
  0
LINE
  5
547
  8
0
 10
7.631349950000001
 20
20.01050265
 30
0.0
 11
7.7710898
 21
19.42518055
 31
0.0
  0
LINE
  5
548
  8
0
 10
7.7710898
 20
19.42518055
 30
0.0
 11
7.9818563
 21
18.6584465
 31
0.0
  0
LINE
  5
549
  8
0
 10
7.9818563
 20
18.6584465
 30
0.0
 11
8.092444200000001
 21
18.32975785
 31
0.0
  0
LINE
  5
54A
  8
0
 10
8.092444200000001
 20
18.32975785
 30
0.0
 11
8.13086845
 21
18.24800265
 31
0.0
  0
LINE
  5
54B
  8
0
 10
8.13086845
 20
18.24800265
 30
0.0
 11
8.211371900000001
 21
18.1700067
 31
0.0
  0
LINE
  5
54C
  8
0
 10
8.211371900000001
 20
18.1700067
 30
0.0
 11
8.4185581
 21
18.15637915
 31
0.0
  0
LINE
  5
54D
  8
0
 10
8.4185581
 20
18.15637915
 30
0.0
 11
8.51095645
 21
18.22300265
 31
0.0
  0
LINE
  5
54E
  8
0
 10
26.325
 20
18.31145545
 30
0.0
 11
26.8305658
 21
18.42978475
 31
0.0
  0
LINE
  5
54F
  8
0
 10
26.8305658
 20
18.42978475
 30
0.0
 11
27.7773347
 21
18.7834885
 31
0.0
  0
LINE
  5
550
  8
0
 10
27.7773347
 20
18.7834885
 30
0.0
 11
28.62752305
 21
19.2804186
 31
0.0
  0
LINE
  5
551
  8
0
 10
28.62752305
 20
19.2804186
 30
0.0
 11
29.3682146
 21
19.90517475
 31
0.0
  0
LINE
  5
552
  8
0
 10
29.3682146
 20
19.90517475
 30
0.0
 11
29.9864929
 21
20.64235655
 31
0.0
  0
LINE
  5
553
  8
0
 10
29.9864929
 20
20.64235655
 30
0.0
 11
30.4694416
 21
21.4765637
 31
0.0
  0
LINE
  5
554
  8
0
 10
30.4694416
 20
21.4765637
 30
0.0
 11
30.8041444
 21
22.39239585
 31
0.0
  0
LINE
  5
555
  8
0
 10
30.8041444
 20
22.39239585
 30
0.0
 11
30.97768485
 21
23.37445265
 31
0.0
  0
LINE
  5
556
  8
0
 10
30.97768485
 20
23.37445265
 30
0.0
 11
30.99998285
 21
23.88550265
 31
0.0
  0
LINE
  5
557
  8
0
 10
30.99998285
 20
23.88550265
 30
0.0
 11
30.9811265
 21
24.3507113
 31
0.0
  0
LINE
  5
558
  8
0
 10
30.9811265
 20
24.3507113
 30
0.0
 11
30.83171825
 21
25.25910485
 31
0.0
  0
LINE
  5
559
  8
0
 10
30.83171825
 20
25.25910485
 30
0.0
 11
30.53658805
 21
26.12868845
 31
0.0
  0
LINE
  5
55A
  8
0
 10
30.53658805
 20
26.12868845
 30
0.0
 11
30.09958255
 21
26.9481284
 31
0.0
  0
LINE
  5
55B
  8
0
 10
30.09958255
 20
26.9481284
 30
0.0
 11
29.82907865
 21
27.33550265
 31
0.0
  0
LINE
  5
55C
  8
0
 10
29.82907865
 20
27.33550265
 30
0.0
 11
29.69666025
 21
27.50687705
 31
0.0
  0
LINE
  5
55D
  8
0
 10
29.69666025
 20
27.50687705
 30
0.0
 11
29.459711
 21
27.7875882
 31
0.0
  0
LINE
  5
55E
  8
0
 10
29.459711
 20
27.7875882
 30
0.0
 11
29.21994295
 21
28.0252299
 31
0.0
  0
LINE
  5
55F
  8
0
 10
29.21994295
 20
28.0252299
 30
0.0
 11
28.9293535
 21
28.26737895
 31
0.0
  0
LINE
  5
560
  8
0
 10
28.9293535
 20
28.26737895
 30
0.0
 11
28.75
 21
28.4050115
 31
0.0
  0
LINE
  5
561
  8
0
 10
28.75
 20
28.4050115
 30
0.0
 11
28.45919475
 21
28.61006070000001
 31
0.0
  0
LINE
  5
562
  8
0
 10
28.45919475
 20
28.61006070000001
 30
0.0
 11
27.84630395
 21
28.95973985
 31
0.0
  0
LINE
  5
563
  8
0
 10
27.84630395
 20
28.95973985
 30
0.0
 11
27.1987548
 21
29.2278286
 31
0.0
  0
LINE
  5
564
  8
0
 10
27.1987548
 20
29.2278286
 30
0.0
 11
26.5250055
 21
29.41308905
 31
0.0
  0
LINE
  5
565
  8
0
 10
26.5250055
 20
29.41308905
 30
0.0
 11
25.83351435
 21
29.51428345
 31
0.0
  0
LINE
  5
566
  8
0
 10
25.83351435
 20
29.51428345
 30
0.0
 11
25.13273965
 21
29.530174
 31
0.0
  0
LINE
  5
567
  8
0
 10
25.13273965
 20
29.530174
 30
0.0
 11
24.4311397
 21
29.4595229
 31
0.0
  0
LINE
  5
568
  8
0
 10
24.4311397
 20
29.4595229
 30
0.0
 11
23.73717275
 21
29.30109225
 31
0.0
  0
LINE
  5
569
  8
0
 10
23.73717275
 20
29.30109225
 30
0.0
 11
23.39569485
 21
29.18857285
 31
0.0
  0
LINE
  5
56A
  8
0
 10
23.39569485
 20
29.18857285
 30
0.0
 11
23.09339865
 21
29.06904535
 31
0.0
  0
LINE
  5
56B
  8
0
 10
23.09339865
 20
29.06904535
 30
0.0
 11
22.5308752
 21
28.78750705
 31
0.0
  0
LINE
  5
56C
  8
0
 10
22.5308752
 20
28.78750705
 30
0.0
 11
22.00777615
 21
28.43819425
 31
0.0
  0
LINE
  5
56D
  8
0
 10
22.00777615
 20
28.43819425
 30
0.0
 11
21.50410045
 21
28.00775075
 31
0.0
  0
LINE
  5
56E
  8
0
 10
21.50410045
 20
28.00775075
 30
0.0
 11
21.2532961
 21
27.75793115
 31
0.0
  0
LINE
  5
56F
  8
0
 10
21.2532961
 20
27.75793115
 30
0.0
 11
20.9977533
 21
27.47332495
 31
0.0
  0
LINE
  5
570
  8
0
 10
20.9977533
 20
27.47332495
 30
0.0
 11
20.55320035
 21
26.8652103
 31
0.0
  0
LINE
  5
571
  8
0
 10
20.55320035
 20
26.8652103
 30
0.0
 11
20.1989748
 21
26.2121481
 31
0.0
  0
LINE
  5
572
  8
0
 10
20.1989748
 20
26.2121481
 30
0.0
 11
19.9370172
 21
25.522445
 31
0.0
  0
LINE
  5
573
  8
0
 10
19.9370172
 20
25.522445
 30
0.0
 11
19.7692682
 21
24.8044076
 31
0.0
  0
LINE
  5
574
  8
0
 10
19.7692682
 20
24.8044076
 30
0.0
 11
19.6976684
 21
24.0663424
 31
0.0
  0
LINE
  5
575
  8
0
 10
19.6976684
 20
24.0663424
 30
0.0
 11
19.7241584
 21
23.31655605
 31
0.0
  0
LINE
  5
576
  8
0
 10
19.7241584
 20
23.31655605
 30
0.0
 11
19.8506787
 21
22.5633551
 31
0.0
  0
LINE
  5
577
  8
0
 10
19.8506787
 20
22.5633551
 30
0.0
 11
19.9520567
 21
22.18807
 31
0.0
  0
LINE
  5
578
  8
0
 10
19.9520567
 20
22.18807
 30
0.0
 11
20.0635692
 21
21.8751626
 31
0.0
  0
LINE
  5
579
  8
0
 10
20.0635692
 20
21.8751626
 30
0.0
 11
20.3867397
 21
21.20326645
 31
0.0
  0
LINE
  5
57A
  8
0
 10
20.3867397
 20
21.20326645
 30
0.0
 11
20.79904165
 21
20.54121685
 31
0.0
  0
LINE
  5
57B
  8
0
 10
20.79904165
 20
20.54121685
 30
0.0
 11
21.2471999
 21
19.97455965
 31
0.0
  0
LINE
  5
57C
  8
0
 10
21.2471999
 20
19.97455965
 30
0.0
 11
21.4680767
 21
19.75373635
 31
0.0
  0
LINE
  5
57D
  8
0
 10
21.4680767
 20
19.75373635
 30
0.0
 11
21.779821
 21
19.4918493
 31
0.0
  0
LINE
  5
57E
  8
0
 10
21.779821
 20
19.4918493
 30
0.0
 11
22.45007005
 21
19.0346158
 31
0.0
  0
LINE
  5
57F
  8
0
 10
22.45007005
 20
19.0346158
 30
0.0
 11
23.1721735
 21
18.6713813
 31
0.0
  0
LINE
  5
580
  8
0
 10
23.1721735
 20
18.6713813
 30
0.0
 11
23.9335398
 21
18.4084797
 31
0.0
  0
LINE
  5
581
  8
0
 10
23.9335398
 20
18.4084797
 30
0.0
 11
24.3250116
 21
18.316633
 31
0.0
  0
LINE
  5
582
  8
0
 10
24.3250116
 20
18.316633
 30
0.0
 11
24.5295698
 21
18.2850313
 31
0.0
  0
LINE
  5
583
  8
0
 10
24.5295698
 20
18.2850313
 30
0.0
 11
25.0405217
 21
18.24819755
 31
0.0
  0
LINE
  5
584
  8
0
 10
25.0405217
 20
18.24819755
 30
0.0
 11
25.60340545
 21
18.24674035
 31
0.0
  0
LINE
  5
585
  8
0
 10
25.60340545
 20
18.24674035
 30
0.0
 11
26.1176024
 21
18.2809202
 31
0.0
  0
LINE
  5
586
  8
0
 10
26.1176024
 20
18.2809202
 30
0.0
 11
26.325
 21
18.31145545
 31
0.0
  0
LINE
  5
587
  8
0
 10
30.9883271
 20
18.43628705
 30
0.0
 11
32.03751925
 21
18.6240443
 31
0.0
  0
LINE
  5
588
  8
0
 10
32.03751925
 20
18.6240443
 30
0.0
 11
34.1336584
 21
19.122599
 31
0.0
  0
LINE
  5
589
  8
0
 10
34.1336584
 20
19.122599
 30
0.0
 11
35.125
 21
19.420171
 31
0.0
  0
LINE
  5
58A
  8
0
 10
35.125
 20
19.420171
 30
0.0
 11
35.80606270000001
 21
19.65140985
 31
0.0
  0
LINE
  5
58B
  8
0
 10
35.80606270000001
 20
19.65140985
 30
0.0
 11
36.8155615
 21
20.02237335
 31
0.0
  0
LINE
  5
58C
  8
0
 10
36.8155615
 20
20.02237335
 30
0.0
 11
37.1706519
 21
20.16488925
 31
0.0
  0
LINE
  5
58D
  8
0
 10
37.1706519
 20
20.16488925
 30
0.0
 11
37.30675365
 21
20.227122
 31
0.0
  0
LINE
  5
58E
  8
0
 10
37.30675365
 20
20.227122
 30
0.0
 11
37.33722125
 21
20.24564535
 31
0.0
  0
LINE
  5
58F
  8
0
 10
37.33722125
 20
20.24564535
 30
0.0
 11
37.3751413
 21
20.29637405
 31
0.0
  0
LINE
  5
590
  8
0
 10
37.3751413
 20
20.29637405
 30
0.0
 11
37.4603622
 21
20.5101112
 31
0.0
  0
LINE
  5
591
  8
0
 10
37.4603622
 20
20.5101112
 30
0.0
 11
37.55271685
 21
20.84453325
 31
0.0
  0
LINE
  5
592
  8
0
 10
37.55271685
 20
20.84453325
 30
0.0
 11
37.64575635
 21
21.26481455
 31
0.0
  0
LINE
  5
593
  8
0
 10
37.64575635
 20
21.26481455
 30
0.0
 11
37.77249295
 21
21.98004125
 31
0.0
  0
LINE
  5
594
  8
0
 10
37.77249295
 20
21.98004125
 30
0.0
 11
37.86449575
 21
22.69255655
 31
0.0
  0
LINE
  5
595
  8
0
 10
37.86449575
 20
22.69255655
 30
0.0
 11
37.8957864
 21
23.10801755
 31
0.0
  0
LINE
  5
596
  8
0
 10
37.8957864
 20
23.10801755
 30
0.0
 11
37.9
 21
23.28482365
 31
0.0
  0
LINE
  5
597
  8
0
 10
37.9
 20
23.28482365
 30
0.0
 11
37.89815995
 21
23.4047431
 31
0.0
  0
LINE
  5
598
  8
0
 10
37.89815995
 20
23.4047431
 30
0.0
 11
37.8811428
 21
23.5960616
 31
0.0
  0
LINE
  5
599
  8
0
 10
37.8811428
 20
23.5960616
 30
0.0
 11
37.84123905000001
 21
23.7224856
 31
0.0
  0
LINE
  5
59A
  8
0
 10
37.84123905000001
 20
23.7224856
 30
0.0
 11
37.77232395
 21
23.78377465
 31
0.0
  0
LINE
  5
59B
  8
0
 10
37.77232395
 20
23.78377465
 30
0.0
 11
37.66827285
 21
23.77968815
 31
0.0
  0
LINE
  5
59C
  8
0
 10
37.66827285
 20
23.77968815
 30
0.0
 11
37.522961
 21
23.7099856
 31
0.0
  0
LINE
  5
59D
  8
0
 10
37.522961
 20
23.7099856
 30
0.0
 11
37.33026375
 21
23.57442645
 31
0.0
  0
LINE
  5
59E
  8
0
 10
37.33026375
 20
23.57442645
 30
0.0
 11
37.08405645000001
 21
23.3727702
 31
0.0
  0
LINE
  5
59F
  8
0
 10
37.08405645000001
 20
23.3727702
 30
0.0
 11
36.93897255
 21
23.24708045
 31
0.0
  0
LINE
  5
5A0
  8
0
 10
36.93897255
 20
23.24708045
 30
0.0
 11
36.22992455
 21
22.6453781
 31
0.0
  0
LINE
  5
5A1
  8
0
 10
36.22992455
 20
22.6453781
 30
0.0
 11
34.7494817
 21
21.5068032
 31
0.0
  0
LINE
  5
5A2
  8
0
 10
34.7494817
 20
21.5068032
 30
0.0
 11
33.19758045
 21
20.46252145
 31
0.0
  0
LINE
  5
5A3
  8
0
 10
33.19758045
 20
20.46252145
 30
0.0
 11
31.588226
 21
19.52195695
 31
0.0
  0
LINE
  5
5A4
  8
0
 10
31.588226
 20
19.52195695
 30
0.0
 11
30.7663804
 21
19.09351375
 31
0.0
  0
LINE
  5
5A5
  8
0
 10
30.7663804
 20
19.09351375
 30
0.0
 11
30.5211504
 21
18.96854095
 31
0.0
  0
LINE
  5
5A6
  8
0
 10
30.5211504
 20
18.96854095
 30
0.0
 11
30.1893755
 21
18.7786023
 31
0.0
  0
LINE
  5
5A7
  8
0
 10
30.1893755
 20
18.7786023
 30
0.0
 11
30.03537905
 21
18.6377579
 31
0.0
  0
LINE
  5
5A8
  8
0
 10
30.03537905
 20
18.6377579
 30
0.0
 11
30.01859885
 21
18.5089098
 31
0.0
  0
LINE
  5
5A9
  8
0
 10
30.01859885
 20
18.5089098
 30
0.0
 11
30.04898925
 21
18.4373913
 31
0.0
  0
LINE
  5
5AA
  8
0
 10
30.04898925
 20
18.4373913
 30
0.0
 11
30.0762016
 21
18.3956465
 31
0.0
  0
LINE
  5
5AB
  8
0
 10
30.0762016
 20
18.3956465
 30
0.0
 11
30.1659327
 21
18.34786925
 31
0.0
  0
LINE
  5
5AC
  8
0
 10
30.1659327
 20
18.34786925
 30
0.0
 11
30.358755
 21
18.34764255
 31
0.0
  0
LINE
  5
5AD
  8
0
 10
30.358755
 20
18.34764255
 30
0.0
 11
30.6114621
 21
18.3786301
 31
0.0
  0
LINE
  5
5AE
  8
0
 10
30.6114621
 20
18.3786301
 30
0.0
 11
30.8471596
 21
18.41410685
 31
0.0
  0
LINE
  5
5AF
  8
0
 10
30.8471596
 20
18.41410685
 30
0.0
 11
30.9883271
 21
18.43628705
 31
0.0
  0
LINE
  5
5B0
  8
0
 10
13.98140335
 20
19.2737683
 30
0.0
 11
14.001102
 21
19.2978782
 31
0.0
  0
LINE
  5
5B1
  8
0
 10
14.001102
 20
19.2978782
 30
0.0
 11
14.0831527
 21
19.4347604
 31
0.0
  0
LINE
  5
5B2
  8
0
 10
14.0831527
 20
19.4347604
 30
0.0
 11
14.28416715
 21
19.80904695
 31
0.0
  0
LINE
  5
5B3
  8
0
 10
14.28416715
 20
19.80904695
 30
0.0
 11
14.44781705
 21
20.13023045
 31
0.0
  0
LINE
  5
5B4
  8
0
 10
14.44781705
 20
20.13023045
 30
0.0
 11
14.8685298
 21
20.94129725
 31
0.0
  0
LINE
  5
5B5
  8
0
 10
14.8685298
 20
20.94129725
 30
0.0
 11
15.77282805
 21
22.50809185
 31
0.0
  0
LINE
  5
5B6
  8
0
 10
15.77282805
 20
22.50809185
 30
0.0
 11
16.764099
 21
24.0058489
 31
0.0
  0
LINE
  5
5B7
  8
0
 10
16.764099
 20
24.0058489
 30
0.0
 11
17.84611355
 21
25.44026605
 31
0.0
  0
LINE
  5
5B8
  8
0
 10
17.84611355
 20
25.44026605
 30
0.0
 11
18.422328
 21
26.13550265
 31
0.0
  0
LINE
  5
5B9
  8
0
 10
18.422328
 20
26.13550265
 30
0.0
 11
18.5883095
 21
26.33083275
 31
0.0
  0
LINE
  5
5BA
  8
0
 10
18.5883095
 20
26.33083275
 30
0.0
 11
18.8055426
 21
26.59011715
 31
0.0
  0
LINE
  5
5BB
  8
0
 10
18.8055426
 20
26.59011715
 30
0.0
 11
18.9047069
 21
26.711162
 31
0.0
  0
LINE
  5
5BC
  8
0
 10
18.9047069
 20
26.711162
 30
0.0
 11
18.93429215
 21
26.74859705
 31
0.0
  0
LINE
  5
5BD
  8
0
 10
18.93429215
 20
26.74859705
 30
0.0
 11
18.99858715
 21
26.86438645
 31
0.0
  0
LINE
  5
5BE
  8
0
 10
18.99858715
 20
26.86438645
 30
0.0
 11
18.9777433
 21
27.06718015
 31
0.0
  0
LINE
  5
5BF
  8
0
 10
18.9777433
 20
27.06718015
 30
0.0
 11
18.89420595
 21
27.13860355
 31
0.0
  0
LINE
  5
5C0
  8
0
 10
18.89420595
 20
27.13860355
 30
0.0
 11
18.85312775
 21
27.15584015
 31
0.0
  0
LINE
  5
5C1
  8
0
 10
18.85312775
 20
27.15584015
 30
0.0
 11
18.7482858
 21
27.14842715
 31
0.0
  0
LINE
  5
5C2
  8
0
 10
18.7482858
 20
27.14842715
 30
0.0
 11
18.5566356
 21
27.058679
 31
0.0
  0
LINE
  5
5C3
  8
0
 10
18.5566356
 20
27.058679
 30
0.0
 11
18.3151004
 21
26.91821525
 31
0.0
  0
LINE
  5
5C4
  8
0
 10
18.3151004
 20
26.91821525
 30
0.0
 11
18.091599
 21
26.7822887
 31
0.0
  0
LINE
  5
5C5
  8
0
 10
18.091599
 20
26.7822887
 30
0.0
 11
17.95792335
 21
26.70015035
 31
0.0
  0
LINE
  5
5C6
  8
0
 10
17.95792335
 20
26.70015035
 30
0.0
 11
17.36204505
 21
26.32191735
 31
0.0
  0
LINE
  5
5C7
  8
0
 10
17.36204505
 20
26.32191735
 30
0.0
 11
16.18483965
 21
25.5055956
 31
0.0
  0
LINE
  5
5C8
  8
0
 10
16.18483965
 20
25.5055956
 30
0.0
 11
15.02367665
 21
24.6068661
 31
0.0
  0
LINE
  5
5C9
  8
0
 10
15.02367665
 20
24.6068661
 30
0.0
 11
13.8745251
 21
23.62260895
 31
0.0
  0
LINE
  5
5CA
  8
0
 10
13.8745251
 20
23.62260895
 30
0.0
 11
13.3031939
 21
23.09743245
 31
0.0
  0
LINE
  5
5CB
  8
0
 10
13.3031939
 20
23.09743245
 30
0.0
 11
12.8313878
 21
22.65383885
 31
0.0
  0
LINE
  5
5CC
  8
0
 10
12.8313878
 20
22.65383885
 30
0.0
 11
12.9160874
 21
22.0552716
 31
0.0
  0
LINE
  5
5CD
  8
0
 10
12.9160874
 20
22.0552716
 30
0.0
 11
12.97791655
 21
21.68358005
 31
0.0
  0
LINE
  5
5CE
  8
0
 10
12.97791655
 20
21.68358005
 30
0.0
 11
13.16135155
 21
20.8430733
 31
0.0
  0
LINE
  5
5CF
  8
0
 10
13.16135155
 20
20.8430733
 30
0.0
 11
13.38097845
 21
20.0334614
 31
0.0
  0
LINE
  5
5D0
  8
0
 10
13.38097845
 20
20.0334614
 30
0.0
 11
13.53804045
 21
19.5623108
 31
0.0
  0
LINE
  5
5D1
  8
0
 10
13.53804045
 20
19.5623108
 30
0.0
 11
13.6268644
 21
19.3581106
 31
0.0
  0
LINE
  5
5D2
  8
0
 10
13.6268644
 20
19.3581106
 30
0.0
 11
13.66406365
 21
19.29800265
 31
0.0
  0
LINE
  5
5D3
  8
0
 10
13.66406365
 20
19.29800265
 30
0.0
 11
13.7234851
 21
19.25713375
 31
0.0
  0
LINE
  5
5D4
  8
0
 10
13.7234851
 20
19.25713375
 30
0.0
 11
13.90181175
 21
19.24351545
 31
0.0
  0
LINE
  5
5D5
  8
0
 10
13.90181175
 20
19.24351545
 30
0.0
 11
13.98140335
 21
19.2737683
 31
0.0
  0
LINE
  5
5D6
  8
0
 10
32.59453575
 20
20.9821965
 30
0.0
 11
33.212633
 21
21.3682479
 31
0.0
  0
LINE
  5
5D7
  8
0
 10
33.212633
 20
21.3682479
 30
0.0
 11
34.4287228
 21
22.20106545
 31
0.0
  0
LINE
  5
5D8
  8
0
 10
34.4287228
 20
22.20106545
 30
0.0
 11
35.6244665
 21
23.1197997
 31
0.0
  0
LINE
  5
5D9
  8
0
 10
35.6244665
 20
23.1197997
 30
0.0
 11
36.80761665
 21
24.13040715
 31
0.0
  0
LINE
  5
5DA
  8
0
 10
36.80761665
 20
24.13040715
 30
0.0
 11
37.3968917
 21
24.67202465
 31
0.0
  0
LINE
  5
5DB
  8
0
 10
37.3968917
 20
24.67202465
 30
0.0
 11
37.86878345
 21
25.11595625
 31
0.0
  0
LINE
  5
5DC
  8
0
 10
37.86878345
 20
25.11595625
 30
0.0
 11
37.78399820000001
 21
25.7151286
 31
0.0
  0
LINE
  5
5DD
  8
0
 10
37.78399820000001
 20
25.7151286
 30
0.0
 11
37.7149995
 21
26.1293959
 31
0.0
  0
LINE
  5
5DE
  8
0
 10
37.7149995
 20
26.1293959
 30
0.0
 11
37.51586075
 21
27.0250022
 31
0.0
  0
LINE
  5
5DF
  8
0
 10
37.51586075
 20
27.0250022
 30
0.0
 11
37.34069640000001
 21
27.65821625
 31
0.0
  0
LINE
  5
5E0
  8
0
 10
37.34069640000001
 20
27.65821625
 30
0.0
 11
37.22481455
 21
28.01575475
 31
0.0
  0
LINE
  5
5E1
  8
0
 10
37.22481455
 20
28.01575475
 30
0.0
 11
37.11785225
 21
28.2928163
 31
0.0
  0
LINE
  5
5E2
  8
0
 10
37.11785225
 20
28.2928163
 30
0.0
 11
37.02684145
 21
28.46472065
 31
0.0
  0
LINE
  5
5E3
  8
0
 10
37.02684145
 20
28.46472065
 30
0.0
 11
36.98951535
 21
28.50352635
 31
0.0
  0
LINE
  5
5E4
  8
0
 10
36.98951535
 20
28.50352635
 30
0.0
 11
36.90190610000001
 21
28.52760485
 31
0.0
  0
LINE
  5
5E5
  8
0
 10
36.90190610000001
 20
28.52760485
 30
0.0
 11
36.79523885
 21
28.51991445
 31
0.0
  0
LINE
  5
5E6
  8
0
 10
36.79523885
 20
28.51991445
 30
0.0
 11
36.75818125
 21
28.50315795
 31
0.0
  0
LINE
  5
5E7
  8
0
 10
36.75818125
 20
28.50315795
 30
0.0
 11
36.6708689
 21
28.4114056
 31
0.0
  0
LINE
  5
5E8
  8
0
 10
36.6708689
 20
28.4114056
 30
0.0
 11
36.5489529
 21
28.21453745
 31
0.0
  0
LINE
  5
5E9
  8
0
 10
36.5489529
 20
28.21453745
 30
0.0
 11
36.37202425
 21
27.87959745
 31
0.0
  0
LINE
  5
5EA
  8
0
 10
36.37202425
 20
27.87959745
 30
0.0
 11
36.2565524
 21
27.65005175
 31
0.0
  0
LINE
  5
5EB
  8
0
 10
36.2565524
 20
27.65005175
 30
0.0
 11
35.82888490000001
 21
26.8231169
 31
0.0
  0
LINE
  5
5EC
  8
0
 10
35.82888490000001
 20
26.8231169
 30
0.0
 11
34.9115
 21
25.23276995
 31
0.0
  0
LINE
  5
5ED
  8
0
 10
34.9115
 20
25.23276995
 30
0.0
 11
33.9054332
 21
23.71816425
 31
0.0
  0
LINE
  5
5EE
  8
0
 10
33.9054332
 20
23.71816425
 30
0.0
 11
32.80354595
 21
22.26855295
 31
0.0
  0
LINE
  5
5EF
  8
0
 10
32.80354595
 20
22.26855295
 30
0.0
 11
32.21443885
 21
21.56476175
 31
0.0
  0
LINE
  5
5F0
  8
0
 10
32.21443885
 20
21.56476175
 30
0.0
 11
32.0812572
 21
21.4088436
 31
0.0
  0
LINE
  5
5F1
  8
0
 10
32.0812572
 20
21.4088436
 30
0.0
 11
31.8816516
 21
21.1629305
 31
0.0
  0
LINE
  5
5F2
  8
0
 10
31.8816516
 20
21.1629305
 30
0.0
 11
31.7607623
 21
20.99020735
 31
0.0
  0
LINE
  5
5F3
  8
0
 10
31.7607623
 20
20.99020735
 30
0.0
 11
31.70623665
 21
20.873025
 31
0.0
  0
LINE
  5
5F4
  8
0
 10
31.70623665
 20
20.873025
 30
0.0
 11
31.7
 21
20.8297463
 31
0.0
  0
LINE
  5
5F5
  8
0
 10
31.7
 20
20.8297463
 30
0.0
 11
31.71719915
 21
20.7414413
 31
0.0
  0
LINE
  5
5F6
  8
0
 10
31.71719915
 20
20.7414413
 30
0.0
 11
31.82920470000001
 21
20.6100762
 31
0.0
  0
LINE
  5
5F7
  8
0
 10
31.82920470000001
 20
20.6100762
 30
0.0
 11
31.90695255
 21
20.5870231
 31
0.0
  0
LINE
  5
5F8
  8
0
 10
31.90695255
 20
20.5870231
 30
0.0
 11
31.92675265
 21
20.59481425
 31
0.0
  0
LINE
  5
5F9
  8
0
 10
31.92675265
 20
20.59481425
 30
0.0
 11
32.03715185
 21
20.65416255
 31
0.0
  0
LINE
  5
5FA
  8
0
 10
32.03715185
 20
20.65416255
 30
0.0
 11
32.3374454
 21
20.82828765
 31
0.0
  0
LINE
  5
5FB
  8
0
 10
32.3374454
 20
20.82828765
 30
0.0
 11
32.59453575
 21
20.9821965
 31
0.0
  0
LINE
  5
5FC
  8
0
 10
39.29563365000001
 20
21.1673309
 30
0.0
 11
39.90097235
 21
21.49883845
 31
0.0
  0
LINE
  5
5FD
  8
0
 10
39.90097235
 20
21.49883845
 30
0.0
 11
41.0970826
 21
22.226692
 31
0.0
  0
LINE
  5
5FE
  8
0
 10
41.0970826
 20
22.226692
 30
0.0
 11
41.675
 21
22.61521605
 31
0.0
  0
LINE
  5
5FF
  8
0
 10
41.675
 20
22.61521605
 30
0.0
 11
42.2413749
 21
23.02399275
 31
0.0
  0
LINE
  5
600
  8
0
 10
42.2413749
 20
23.02399275
 30
0.0
 11
43.05742655
 21
23.65392185
 31
0.0
  0
LINE
  5
601
  8
0
 10
43.05742655
 20
23.65392185
 30
0.0
 11
43.33869265000001
 21
23.8890455
 31
0.0
  0
LINE
  5
602
  8
0
 10
43.33869265000001
 20
23.8890455
 30
0.0
 11
43.44425595000001
 21
23.98883835
 31
0.0
  0
LINE
  5
603
  8
0
 10
43.44425595000001
 20
23.98883835
 30
0.0
 11
43.46672625
 21
24.0171666
 31
0.0
  0
LINE
  5
604
  8
0
 10
43.46672625
 20
24.0171666
 30
0.0
 11
43.47575355000001
 21
24.05297215
 31
0.0
  0
LINE
  5
605
  8
0
 10
43.47575355000001
 20
24.05297215
 30
0.0
 11
43.48317685000001
 21
24.2131369
 31
0.0
  0
LINE
  5
606
  8
0
 10
43.48317685000001
 20
24.2131369
 30
0.0
 11
43.4778438
 21
24.47058215
 31
0.0
  0
LINE
  5
607
  8
0
 10
43.4778438
 20
24.47058215
 30
0.0
 11
43.461457
 21
24.8003587
 31
0.0
  0
LINE
  5
608
  8
0
 10
43.461457
 20
24.8003587
 30
0.0
 11
43.41987535000001
 21
25.37606835
 31
0.0
  0
LINE
  5
609
  8
0
 10
43.41987535000001
 20
25.37606835
 30
0.0
 11
43.3416357
 21
26.1639816
 31
0.0
  0
LINE
  5
60A
  8
0
 10
43.3416357
 20
26.1639816
 30
0.0
 11
43.2965764
 21
26.51050265
 31
0.0
  0
LINE
  5
60B
  8
0
 10
43.2965764
 20
26.51050265
 30
0.0
 11
43.2278053
 21
26.9344363
 31
0.0
  0
LINE
  5
60C
  8
0
 10
43.2278053
 20
26.9344363
 30
0.0
 11
43.04218255000001
 21
27.8621537
 31
0.0
  0
LINE
  5
60D
  8
0
 10
43.04218255000001
 20
27.8621537
 30
0.0
 11
42.8838008
 21
28.53295305
 31
0.0
  0
LINE
  5
60E
  8
0
 10
42.8838008
 20
28.53295305
 30
0.0
 11
42.7799944
 21
28.9230831
 31
0.0
  0
LINE
  5
60F
  8
0
 10
42.7799944
 20
28.9230831
 30
0.0
 11
42.68440005
 21
29.23945155
 31
0.0
  0
LINE
  5
610
  8
0
 10
42.68440005
 20
29.23945155
 30
0.0
 11
42.6028351
 21
29.4579676
 31
0.0
  0
LINE
  5
611
  8
0
 10
42.6028351
 20
29.4579676
 30
0.0
 11
42.56913155
 21
29.52300265
 31
0.0
  0
LINE
  5
612
  8
0
 10
42.56913155
 20
29.52300265
 30
0.0
 11
42.48865435
 21
29.6009974
 31
0.0
  0
LINE
  5
613
  8
0
 10
42.48865435
 20
29.6009974
 30
0.0
 11
42.28121535
 21
29.61461175
 31
0.0
  0
LINE
  5
614
  8
0
 10
42.28121535
 20
29.61461175
 30
0.0
 11
42.18821130000001
 21
29.54800265
 31
0.0
  0
LINE
  5
615
  8
0
 10
42.18821130000001
 20
29.54800265
 30
0.0
 11
42.16580735
 21
29.51920015
 31
0.0
  0
LINE
  5
616
  8
0
 10
42.16580735
 20
29.51920015
 30
0.0
 11
42.0873168
 21
29.40490575
 31
0.0
  0
LINE
  5
617
  8
0
 10
42.0873168
 20
29.40490575
 30
0.0
 11
41.9108637
 21
29.13096165
 31
0.0
  0
LINE
  5
618
  8
0
 10
41.9108637
 20
29.13096165
 30
0.0
 11
41.7739085
 21
28.91050265
 31
0.0
  0
LINE
  5
619
  8
0
 10
41.7739085
 20
28.91050265
 30
0.0
 11
41.5017458
 21
28.4795192
 31
0.0
  0
LINE
  5
61A
  8
0
 10
41.5017458
 20
28.4795192
 30
0.0
 11
40.89847325
 21
27.59770535
 31
0.0
  0
LINE
  5
61B
  8
0
 10
40.89847325
 20
27.59770535
 30
0.0
 11
39.89153930000001
 21
26.2857657
 31
0.0
  0
LINE
  5
61C
  8
0
 10
39.89153930000001
 20
26.2857657
 30
0.0
 11
39.1875
 21
25.46530325
 31
0.0
  0
LINE
  5
61D
  8
0
 10
39.1875
 20
25.46530325
 30
0.0
 11
38.65000000000001
 21
24.86827165
 31
0.0
  0
LINE
  5
61E
  8
0
 10
38.65000000000001
 20
24.86827165
 30
0.0
 11
38.64837370000001
 21
23.88938715
 31
0.0
  0
LINE
  5
61F
  8
0
 10
38.64837370000001
 20
23.88938715
 30
0.0
 11
38.645945
 21
23.565925
 31
0.0
  0
LINE
  5
620
  8
0
 10
38.645945
 20
23.565925
 30
0.0
 11
38.62670850000001
 21
22.9966178
 31
0.0
  0
LINE
  5
621
  8
0
 10
38.62670850000001
 20
22.9966178
 30
0.0
 11
38.58113355
 21
22.44388565
 31
0.0
  0
LINE
  5
622
  8
0
 10
38.58113355
 20
22.44388565
 30
0.0
 11
38.5006204
 21
21.80343115
 31
0.0
  0
LINE
  5
623
  8
0
 10
38.5006204
 20
21.80343115
 30
0.0
 11
38.4445746
 21
21.4177151
 31
0.0
  0
LINE
  5
624
  8
0
 10
38.4445746
 20
21.4177151
 30
0.0
 11
38.4241279
 21
21.2779224
 31
0.0
  0
LINE
  5
625
  8
0
 10
38.4241279
 20
21.2779224
 30
0.0
 11
38.40244635000001
 21
21.0885673
 31
0.0
  0
LINE
  5
626
  8
0
 10
38.40244635000001
 20
21.0885673
 30
0.0
 11
38.4222813
 21
20.95415425
 31
0.0
  0
LINE
  5
627
  8
0
 10
38.4222813
 20
20.95415425
 30
0.0
 11
38.4737755
 21
20.9052151
 31
0.0
  0
LINE
  5
628
  8
0
 10
38.4737755
 20
20.9052151
 30
0.0
 11
38.5553771
 21
20.8559807
 31
0.0
  0
LINE
  5
629
  8
0
 10
38.5553771
 20
20.8559807
 30
0.0
 11
38.61769015
 21
20.83550265
 31
0.0
  0
LINE
  5
62A
  8
0
 10
38.61769015
 20
20.83550265
 30
0.0
 11
38.64029375
 21
20.8422753
 31
0.0
  0
LINE
  5
62B
  8
0
 10
38.64029375
 20
20.8422753
 30
0.0
 11
38.75266635
 21
20.8923736
 31
0.0
  0
LINE
  5
62C
  8
0
 10
38.75266635
 20
20.8923736
 30
0.0
 11
39.04742945
 21
21.0384882
 31
0.0
  0
LINE
  5
62D
  8
0
 10
39.04742945
 20
21.0384882
 30
0.0
 11
39.29563365000001
 21
21.1673309
 31
0.0
  0
LINE
  5
62E
  8
0
 10
4.08884645
 20
21.61064545
 30
0.0
 11
4.53648485
 21
22.1429597
 31
0.0
  0
LINE
  5
62F
  8
0
 10
4.53648485
 20
22.1429597
 30
0.0
 11
5.4885956
 21
23.1726504
 31
0.0
  0
LINE
  5
630
  8
0
 10
5.4885956
 20
23.1726504
 30
0.0
 11
5.95806975
 21
23.6321769
 31
0.0
  0
LINE
  5
631
  8
0
 10
5.95806975
 20
23.6321769
 30
0.0
 11
6.4411395
 21
24.08690025
 31
0.0
  0
LINE
  5
632
  8
0
 10
6.4411395
 20
24.08690025
 30
0.0
 11
6.469856500000001
 21
24.52370145
 31
0.0
  0
LINE
  5
633
  8
0
 10
6.469856500000001
 20
24.52370145
 30
0.0
 11
6.524819050000001
 21
25.25524285
 31
0.0
  0
LINE
  5
634
  8
0
 10
6.524819050000001
 20
25.25524285
 30
0.0
 11
6.669268150000001
 21
26.5729634
 31
0.0
  0
LINE
  5
635
  8
0
 10
6.669268150000001
 20
26.5729634
 30
0.0
 11
6.87017575
 21
27.75838715
 31
0.0
  0
LINE
  5
636
  8
0
 10
6.87017575
 20
27.75838715
 30
0.0
 11
7.140053600000001
 21
28.8853376
 31
0.0
  0
LINE
  5
637
  8
0
 10
7.140053600000001
 20
28.8853376
 30
0.0
 11
7.304766300000001
 21
29.4499552
 31
0.0
  0
LINE
  5
638
  8
0
 10
7.304766300000001
 20
29.4499552
 30
0.0
 11
7.347734300000001
 21
29.59489085
 31
0.0
  0
LINE
  5
639
  8
0
 10
7.347734300000001
 20
29.59489085
 30
0.0
 11
7.4053303
 21
29.833164
 31
0.0
  0
LINE
  5
63A
  8
0
 10
7.4053303
 20
29.833164
 30
0.0
 11
7.42051175
 21
30.00528545
 31
0.0
  0
LINE
  5
63B
  8
0
 10
7.42051175
 20
30.00528545
 30
0.0
 11
7.3877253
 21
30.11443015
 31
0.0
  0
LINE
  5
63C
  8
0
 10
7.3877253
 20
30.11443015
 30
0.0
 11
7.3014174
 21
30.163773
 31
0.0
  0
LINE
  5
63D
  8
0
 10
7.3014174
 20
30.163773
 30
0.0
 11
7.15603465
 21
30.156489
 31
0.0
  0
LINE
  5
63E
  8
0
 10
7.15603465
 20
30.156489
 30
0.0
 11
6.9460236
 21
30.0957531
 31
0.0
  0
LINE
  5
63F
  8
0
 10
6.9460236
 20
30.0957531
 30
0.0
 11
6.665830800000001
 21
29.9847402
 31
0.0
  0
LINE
  5
640
  8
0
 10
6.665830800000001
 20
29.9847402
 30
0.0
 11
6.497680850000001
 21
29.91137205
 31
0.0
  0
LINE
  5
641
  8
0
 10
6.497680850000001
 20
29.91137205
 30
0.0
 11
5.926291350000001
 21
29.64187825
 31
0.0
  0
LINE
  5
642
  8
0
 10
5.926291350000001
 20
29.64187825
 30
0.0
 11
4.7156439
 21
28.983184
 31
0.0
  0
LINE
  5
643
  8
0
 10
4.7156439
 20
28.983184
 30
0.0
 11
4.09120165
 21
28.60204455
 31
0.0
  0
LINE
  5
644
  8
0
 10
4.09120165
 20
28.60204455
 30
0.0
 11
3.93220245
 21
28.50032225
 31
0.0
  0
LINE
  5
645
  8
0
 10
3.93220245
 20
28.50032225
 30
0.0
 11
3.699031
 21
28.34153065
 31
0.0
  0
LINE
  5
646
  8
0
 10
3.699031
 20
28.34153065
 30
0.0
 11
3.5602531
 21
28.22681085
 31
0.0
  0
LINE
  5
647
  8
0
 10
3.5602531
 20
28.22681085
 30
0.0
 11
3.4934179
 21
28.1376039
 31
0.0
  0
LINE
  5
648
  8
0
 10
3.4934179
 20
28.1376039
 30
0.0
 11
3.47996295
 21
28.09676815
 31
0.0
  0
LINE
  5
649
  8
0
 10
3.47996295
 20
28.09676815
 30
0.0
 11
3.32721825
 21
27.22744135
 31
0.0
  0
LINE
  5
64A
  8
0
 10
3.32721825
 20
27.22744135
 30
0.0
 11
3.1809565
 21
25.8686721
 31
0.0
  0
LINE
  5
64B
  8
0
 10
3.1809565
 20
25.8686721
 30
0.0
 11
3.1302319
 21
24.8370248
 31
0.0
  0
LINE
  5
64C
  8
0
 10
3.1302319
 20
24.8370248
 30
0.0
 11
3.11673085
 21
24.26050265
 31
0.0
  0
LINE
  5
64D
  8
0
 10
3.11673085
 20
24.26050265
 30
0.0
 11
3.11236255
 21
23.9208968
 31
0.0
  0
LINE
  5
64E
  8
0
 10
3.11236255
 20
23.9208968
 30
0.0
 11
3.11169615
 21
23.2906832
 31
0.0
  0
LINE
  5
64F
  8
0
 10
3.11169615
 20
23.2906832
 30
0.0
 11
3.1215195
 21
22.7295169
 31
0.0
  0
LINE
  5
650
  8
0
 10
3.1215195
 20
22.7295169
 30
0.0
 11
3.14150785
 21
22.241858
 31
0.0
  0
LINE
  5
651
  8
0
 10
3.14150785
 20
22.241858
 30
0.0
 11
3.1713365
 21
21.8321664
 31
0.0
  0
LINE
  5
652
  8
0
 10
3.1713365
 20
21.8321664
 30
0.0
 11
3.210680700000001
 21
21.5049022
 31
0.0
  0
LINE
  5
653
  8
0
 10
3.210680700000001
 20
21.5049022
 30
0.0
 11
3.2592158
 21
21.2645253
 31
0.0
  0
LINE
  5
654
  8
0
 10
3.2592158
 20
21.2645253
 30
0.0
 11
3.316617
 21
21.11549575
 31
0.0
  0
LINE
  5
655
  8
0
 10
3.316617
 20
21.11549575
 30
0.0
 11
3.3485409
 21
21.07663
 31
0.0
  0
LINE
  5
656
  8
0
 10
3.3485409
 20
21.07663
 30
0.0
 11
3.451469850000001
 21
21.02279065
 31
0.0
  0
LINE
  5
657
  8
0
 10
3.451469850000001
 20
21.02279065
 30
0.0
 11
3.5484327
 21
21.02551515
 31
0.0
  0
LINE
  5
658
  8
0
 10
3.5484327
 20
21.02551515
 30
0.0
 11
3.57634725
 21
21.0437719
 31
0.0
  0
LINE
  5
659
  8
0
 10
3.57634725
 20
21.0437719
 30
0.0
 11
3.6772338
 21
21.13932905
 31
0.0
  0
LINE
  5
65A
  8
0
 10
3.6772338
 20
21.13932905
 30
0.0
 11
3.907959050000001
 21
21.39427455
 31
0.0
  0
LINE
  5
65B
  8
0
 10
3.907959050000001
 20
21.39427455
 30
0.0
 11
4.08884645
 21
21.61064545
 31
0.0
  0
LINE
  5
65C
  8
0
 10
32.70926600000001
 20
23.39800265
 30
0.0
 11
32.76434355
 21
23.451605
 31
0.0
  0
LINE
  5
65D
  8
0
 10
32.76434355
 20
23.451605
 30
0.0
 11
32.9352851
 21
23.6606426
 31
0.0
  0
LINE
  5
65E
  8
0
 10
32.9352851
 20
23.6606426
 30
0.0
 11
33.1720435
 21
23.982785
 31
0.0
  0
LINE
  5
65F
  8
0
 10
33.1720435
 20
23.982785
 30
0.0
 11
33.45634055
 21
24.39082515
 31
0.0
  0
LINE
  5
660
  8
0
 10
33.45634055
 20
24.39082515
 30
0.0
 11
33.93193775
 21
25.1044284
 31
0.0
  0
LINE
  5
661
  8
0
 10
33.93193775
 20
25.1044284
 30
0.0
 11
34.56185695
 21
26.10260935
 31
0.0
  0
LINE
  5
662
  8
0
 10
34.56185695
 20
26.10260935
 30
0.0
 11
34.8338863
 21
26.56050265
 31
0.0
  0
LINE
  5
663
  8
0
 10
34.8338863
 20
26.56050265
 30
0.0
 11
35.08017315
 21
27.00157775
 31
0.0
  0
LINE
  5
664
  8
0
 10
35.08017315
 20
27.00157775
 30
0.0
 11
35.6033832
 21
28.00832425
 31
0.0
  0
LINE
  5
665
  8
0
 10
35.6033832
 20
28.00832425
 30
0.0
 11
35.96436865
 21
28.75132765
 31
0.0
  0
LINE
  5
666
  8
0
 10
35.96436865
 20
28.75132765
 30
0.0
 11
36.16233465000001
 21
29.1832658
 31
0.0
  0
LINE
  5
667
  8
0
 10
36.16233465000001
 20
29.1832658
 30
0.0
 11
36.30889485
 21
29.5286109
 31
0.0
  0
LINE
  5
668
  8
0
 10
36.30889485
 20
29.5286109
 30
0.0
 11
36.38926105
 21
29.756613
 31
0.0
  0
LINE
  5
669
  8
0
 10
36.38926105
 20
29.756613
 30
0.0
 11
36.4
 21
29.817001
 31
0.0
  0
LINE
  5
66A
  8
0
 10
36.4
 20
29.817001
 30
0.0
 11
36.37924245
 21
29.90215845
 31
0.0
  0
LINE
  5
66B
  8
0
 10
36.37924245
 20
29.90215845
 30
0.0
 11
36.22832690000001
 21
30.19767
 31
0.0
  0
LINE
  5
66C
  8
0
 10
36.22832690000001
 20
30.19767
 30
0.0
 11
35.96519885
 21
30.61457345
 31
0.0
  0
LINE
  5
66D
  8
0
 10
35.96519885
 20
30.61457345
 30
0.0
 11
35.63024415
 21
31.09822445
 31
0.0
  0
LINE
  5
66E
  8
0
 10
35.63024415
 20
31.09822445
 30
0.0
 11
35.2638487
 21
31.59397865
 31
0.0
  0
LINE
  5
66F
  8
0
 10
35.2638487
 20
31.59397865
 30
0.0
 11
34.90639825
 21
32.04719165
 31
0.0
  0
LINE
  5
670
  8
0
 10
34.90639825
 20
32.04719165
 30
0.0
 11
34.59827875
 21
32.40321905
 31
0.0
  0
LINE
  5
671
  8
0
 10
34.59827875
 20
32.40321905
 30
0.0
 11
34.4238571
 21
32.57358955
 31
0.0
  0
LINE
  5
672
  8
0
 10
34.4238571
 20
32.57358955
 30
0.0
 11
34.3440262
 21
32.6283388
 31
0.0
  0
LINE
  5
673
  8
0
 10
34.3440262
 20
32.6283388
 30
0.0
 11
34.31693895
 21
32.63550265
 31
0.0
  0
LINE
  5
674
  8
0
 10
34.31693895
 20
32.63550265
 30
0.0
 11
34.24745405
 21
32.6097995
 31
0.0
  0
LINE
  5
675
  8
0
 10
34.24745405
 20
32.6097995
 30
0.0
 11
34.15883705
 21
32.54800265
 31
0.0
  0
LINE
  5
676
  8
0
 10
34.15883705
 20
32.54800265
 30
0.0
 11
34.1282016
 21
32.5166453
 31
0.0
  0
LINE
  5
677
  8
0
 10
34.1282016
 20
32.5166453
 30
0.0
 11
34.08229805000001
 21
32.41919935000001
 31
0.0
  0
LINE
  5
678
  8
0
 10
34.08229805000001
 20
32.41919935000001
 30
0.0
 11
34.04899265
 21
32.2308047
 31
0.0
  0
LINE
  5
679
  8
0
 10
34.04899265
 20
32.2308047
 30
0.0
 11
34.01881515
 21
31.89789275
 31
0.0
  0
LINE
  5
67A
  8
0
 10
34.01881515
 20
31.89789275
 30
0.0
 11
34.00193995
 21
31.66050265
 31
0.0
  0
LINE
  5
67B
  8
0
 10
34.00193995
 20
31.66050265
 30
0.0
 11
33.9220868
 21
30.7199276
 31
0.0
  0
LINE
  5
67C
  8
0
 10
33.9220868
 20
30.7199276
 30
0.0
 11
33.66997705
 21
28.8250336
 31
0.0
  0
LINE
  5
67D
  8
0
 10
33.66997705
 20
28.8250336
 30
0.0
 11
33.3018069
 21
26.94823435
 31
0.0
  0
LINE
  5
67E
  8
0
 10
33.3018069
 20
26.94823435
 30
0.0
 11
32.82614985
 21
25.13323355
 31
0.0
  0
LINE
  5
67F
  8
0
 10
32.82614985
 20
25.13323355
 30
0.0
 11
32.55069285
 21
24.262565
 31
0.0
  0
LINE
  5
680
  8
0
 10
32.55069285
 20
24.262565
 30
0.0
 11
32.4764477
 21
24.03715385
 31
0.0
  0
LINE
  5
681
  8
0
 10
32.4764477
 20
24.03715385
 30
0.0
 11
32.38305375
 21
23.7136538
 31
0.0
  0
LINE
  5
682
  8
0
 10
32.38305375
 20
23.7136538
 30
0.0
 11
32.358341
 21
23.523044
 31
0.0
  0
LINE
  5
683
  8
0
 10
32.358341
 20
23.523044
 30
0.0
 11
32.3965727
 21
23.4210772
 31
0.0
  0
LINE
  5
684
  8
0
 10
32.3965727
 20
23.4210772
 30
0.0
 11
32.4375
 21
23.3895076
 31
0.0
  0
LINE
  5
685
  8
0
 10
32.4375
 20
23.3895076
 30
0.0
 11
32.5161205
 21
23.3516013
 31
0.0
  0
LINE
  5
686
  8
0
 10
32.5161205
 20
23.3516013
 30
0.0
 11
32.6437322
 21
23.3555903
 31
0.0
  0
LINE
  5
687
  8
0
 10
32.6437322
 20
23.3555903
 30
0.0
 11
32.70926600000001
 21
23.39800265
 31
0.0
  0
LINE
  5
688
  8
0
 10
13.75626585
 20
24.52300265
 30
0.0
 11
14.49547155
 21
25.14420065
 31
0.0
  0
LINE
  5
689
  8
0
 10
14.49547155
 20
25.14420065
 30
0.0
 11
15.9991951
 21
26.29637815
 31
0.0
  0
LINE
  5
68A
  8
0
 10
15.9991951
 20
26.29637815
 30
0.0
 11
17.5477353
 21
27.3356923
 31
0.0
  0
LINE
  5
68B
  8
0
 10
17.5477353
 20
27.3356923
 30
0.0
 11
19.1543729
 21
28.2710565
 31
0.0
  0
LINE
  5
68C
  8
0
 10
19.1543729
 20
28.2710565
 30
0.0
 11
19.9836284
 21
28.70254285
 31
0.0
  0
LINE
  5
68D
  8
0
 10
19.9836284
 20
28.70254285
 30
0.0
 11
20.21195805
 21
28.81918495
 31
0.0
  0
LINE
  5
68E
  8
0
 10
20.21195805
 20
28.81918495
 30
0.0
 11
20.52198
 21
28.998894
 31
0.0
  0
LINE
  5
68F
  8
0
 10
20.52198
 20
28.998894
 30
0.0
 11
20.6663941
 21
29.1354508
 31
0.0
  0
LINE
  5
690
  8
0
 10
20.6663941
 20
29.1354508
 30
0.0
 11
20.6810908
 21
29.26279295
 31
0.0
  0
LINE
  5
691
  8
0
 10
20.6810908
 20
29.26279295
 30
0.0
 11
20.65101075
 21
29.333614
 31
0.0
  0
LINE
  5
692
  8
0
 10
20.65101075
 20
29.333614
 30
0.0
 11
20.6237984
 21
29.3753588
 31
0.0
  0
LINE
  5
693
  8
0
 10
20.6237984
 20
29.3753588
 30
0.0
 11
20.5340673
 21
29.42313605
 31
0.0
  0
LINE
  5
694
  8
0
 10
20.5340673
 20
29.42313605
 30
0.0
 11
20.341245
 21
29.42336275
 31
0.0
  0
LINE
  5
695
  8
0
 10
20.341245
 20
29.42336275
 30
0.0
 11
20.0885379
 21
29.3923752
 31
0.0
  0
LINE
  5
696
  8
0
 10
20.0885379
 20
29.3923752
 30
0.0
 11
19.8528404
 21
29.35689845
 31
0.0
  0
LINE
  5
697
  8
0
 10
19.8528404
 20
29.35689845
 30
0.0
 11
19.7116729
 21
29.33471825
 31
0.0
  0
LINE
  5
698
  8
0
 10
19.7116729
 20
29.33471825
 30
0.0
 11
18.99569735
 21
29.2111693
 31
0.0
  0
LINE
  5
699
  8
0
 10
18.99569735
 20
29.2111693
 30
0.0
 11
17.55429975
 21
28.9018776
 31
0.0
  0
LINE
  5
69A
  8
0
 10
17.55429975
 20
28.9018776
 30
0.0
 11
16.1116352
 21
28.51271665
 31
0.0
  0
LINE
  5
69B
  8
0
 10
16.1116352
 20
28.51271665
 30
0.0
 11
14.68129785
 21
28.0473536
 31
0.0
  0
LINE
  5
69C
  8
0
 10
14.68129785
 20
28.0473536
 30
0.0
 11
13.975
 21
27.7872422
 31
0.0
  0
LINE
  5
69D
  8
0
 10
13.975
 20
27.7872422
 30
0.0
 11
13.75669755
 21
27.70153435
 31
0.0
  0
LINE
  5
69E
  8
0
 10
13.75669755
 20
27.70153435
 30
0.0
 11
13.49267405
 21
27.59073175
 31
0.0
  0
LINE
  5
69F
  8
0
 10
13.49267405
 20
27.59073175
 30
0.0
 11
13.3881428
 21
27.54116195
 31
0.0
  0
LINE
  5
6A0
  8
0
 10
13.3881428
 20
27.54116195
 30
0.0
 11
13.3648304
 21
27.52687045
 31
0.0
  0
LINE
  5
6A1
  8
0
 10
13.3648304
 20
27.52687045
 30
0.0
 11
13.3269595
 21
27.47623455
 31
0.0
  0
LINE
  5
6A2
  8
0
 10
13.3269595
 20
27.47623455
 30
0.0
 11
13.24166285
 21
27.26223015
 31
0.0
  0
LINE
  5
6A3
  8
0
 10
13.24166285
 20
27.26223015
 30
0.0
 11
13.14905315
 21
26.9271309
 31
0.0
  0
LINE
  5
6A4
  8
0
 10
13.14905315
 20
26.9271309
 30
0.0
 11
13.0556428
 21
26.50599515
 31
0.0
  0
LINE
  5
6A5
  8
0
 10
13.0556428
 20
26.50599515
 30
0.0
 11
12.92827175
 21
25.78966285
 31
0.0
  0
LINE
  5
6A6
  8
0
 10
12.92827175
 20
25.78966285
 30
0.0
 11
12.83573115
 21
25.07695115
 31
0.0
  0
LINE
  5
6A7
  8
0
 10
12.83573115
 20
25.07695115
 30
0.0
 11
12.80424145
 21
24.6622519
 31
0.0
  0
LINE
  5
6A8
  8
0
 10
12.80424145
 20
24.6622519
 30
0.0
 11
12.8
 21
24.48618165
 31
0.0
  0
LINE
  5
6A9
  8
0
 10
12.8
 20
24.48618165
 30
0.0
 11
12.8017429
 21
24.3672206
 31
0.0
  0
LINE
  5
6AA
  8
0
 10
12.8017429
 20
24.3672206
 30
0.0
 11
12.8180773
 21
24.17740455
 31
0.0
  0
LINE
  5
6AB
  8
0
 10
12.8180773
 20
24.17740455
 30
0.0
 11
12.85685635
 21
24.0519344
 31
0.0
  0
LINE
  5
6AC
  8
0
 10
12.85685635
 20
24.0519344
 30
0.0
 11
12.924456
 21
23.99105565
 31
0.0
  0
LINE
  5
6AD
  8
0
 10
12.924456
 20
23.99105565
 30
0.0
 11
13.0272523
 21
23.9950138
 31
0.0
  0
LINE
  5
6AE
  8
0
 10
13.0272523
 20
23.9950138
 30
0.0
 11
13.1716212
 21
24.0640544
 31
0.0
  0
LINE
  5
6AF
  8
0
 10
13.1716212
 20
24.0640544
 30
0.0
 11
13.36393865
 21
24.19842295
 31
0.0
  0
LINE
  5
6B0
  8
0
 10
13.36393865
 20
24.19842295
 30
0.0
 11
13.61058065
 21
24.3983649
 31
0.0
  0
LINE
  5
6B1
  8
0
 10
13.61058065
 20
24.3983649
 30
0.0
 11
13.75626585
 21
24.52300265
 31
0.0
  0
LINE
  5
6B2
  8
0
 10
44.95452125
 20
25.42300265
 30
0.0
 11
45.26010095
 21
25.7474701
 31
0.0
  0
LINE
  5
6B3
  8
0
 10
45.26010095
 20
25.7474701
 30
0.0
 11
45.9117992
 21
26.4985745
 31
0.0
  0
LINE
  5
6B4
  8
0
 10
45.9117992
 20
26.4985745
 30
0.0
 11
46.52740015000001
 21
27.27256165
 31
0.0
  0
LINE
  5
6B5
  8
0
 10
46.52740015000001
 20
27.27256165
 30
0.0
 11
46.90033565
 21
27.78624915
 31
0.0
  0
LINE
  5
6B6
  8
0
 10
46.90033565
 20
27.78624915
 30
0.0
 11
47.08133575
 21
28.06501875
 31
0.0
  0
LINE
  5
6B7
  8
0
 10
47.08133575
 20
28.06501875
 30
0.0
 11
47.14647780000001
 21
28.1789214
 31
0.0
  0
LINE
  5
6B8
  8
0
 10
47.14647780000001
 20
28.1789214
 30
0.0
 11
47.15674300000001
 21
28.2145394
 31
0.0
  0
LINE
  5
6B9
  8
0
 10
47.15674300000001
 20
28.2145394
 30
0.0
 11
47.15211345
 21
28.34908195
 31
0.0
  0
LINE
  5
6BA
  8
0
 10
47.15211345
 20
28.34908195
 30
0.0
 11
47.1105196
 21
28.58763485
 31
0.0
  0
LINE
  5
6BB
  8
0
 10
47.1105196
 20
28.58763485
 30
0.0
 11
47.0278603
 21
28.95371995
 31
0.0
  0
LINE
  5
6BC
  8
0
 10
47.0278603
 20
28.95371995
 30
0.0
 11
46.96984945
 21
29.19193765
 31
0.0
  0
LINE
  5
6BD
  8
0
 10
46.96984945
 20
29.19193765
 30
0.0
 11
46.81204575
 21
29.79758355
 31
0.0
  0
LINE
  5
6BE
  8
0
 10
46.81204575
 20
29.79758355
 30
0.0
 11
46.4584808
 21
30.96277585
 31
0.0
  0
LINE
  5
6BF
  8
0
 10
46.4584808
 20
30.96277585
 30
0.0
 11
46.04569925000001
 21
32.09000535000001
 31
0.0
  0
LINE
  5
6C0
  8
0
 10
46.04569925000001
 20
32.09000535000001
 30
0.0
 11
45.56337315
 21
33.20747565
 31
0.0
  0
LINE
  5
6C1
  8
0
 10
45.56337315
 20
33.20747565
 30
0.0
 11
45.29290335
 21
33.7713648
 31
0.0
  0
LINE
  5
6C2
  8
0
 10
45.29290335
 20
33.7713648
 30
0.0
 11
45.20597230000001
 21
33.94631735
 31
0.0
  0
LINE
  5
6C3
  8
0
 10
45.20597230000001
 20
33.94631735
 30
0.0
 11
45.0558892
 21
34.24356415
 31
0.0
  0
LINE
  5
6C4
  8
0
 10
45.0558892
 20
34.24356415
 30
0.0
 11
44.8815859
 21
34.5713819
 31
0.0
  0
LINE
  5
6C5
  8
0
 10
44.8815859
 20
34.5713819
 30
0.0
 11
44.71989395
 21
34.8261681
 31
0.0
  0
LINE
  5
6C6
  8
0
 10
44.71989395
 20
34.8261681
 30
0.0
 11
44.6052773
 21
34.9257709
 31
0.0
  0
LINE
  5
6C7
  8
0
 10
44.6052773
 20
34.9257709
 30
0.0
 11
44.55412035000001
 21
34.93550265
 31
0.0
  0
LINE
  5
6C8
  8
0
 10
44.55412035000001
 20
34.93550265
 30
0.0
 11
44.49914185
 21
34.9274415
 31
0.0
  0
LINE
  5
6C9
  8
0
 10
44.49914185
 20
34.9274415
 30
0.0
 11
44.40071535000001
 21
34.8515382
 31
0.0
  0
LINE
  5
6CA
  8
0
 10
44.40071535000001
 20
34.8515382
 30
0.0
 11
44.3041251
 21
34.6705619
 31
0.0
  0
LINE
  5
6CB
  8
0
 10
44.3041251
 20
34.6705619
 30
0.0
 11
44.19312590000001
 21
34.35407470000001
 31
0.0
  0
LINE
  5
6CC
  8
0
 10
44.19312590000001
 20
34.35407470000001
 30
0.0
 11
44.12714625
 21
34.13550265
 31
0.0
  0
LINE
  5
6CD
  8
0
 10
44.12714625
 20
34.13550265
 30
0.0
 11
43.93266455
 21
33.51435445000001
 31
0.0
  0
LINE
  5
6CE
  8
0
 10
43.93266455
 20
33.51435445000001
 30
0.0
 11
43.45880485000001
 21
32.22754485
 31
0.0
  0
LINE
  5
6CF
  8
0
 10
43.45880485000001
 20
32.22754485
 30
0.0
 11
43.18954225
 21
31.5893525
 31
0.0
  0
LINE
  5
6D0
  8
0
 10
43.18954225
 20
31.5893525
 30
0.0
 11
42.89371080000001
 21
30.9182024
 31
0.0
  0
LINE
  5
6D1
  8
0
 10
42.89371080000001
 20
30.9182024
 30
0.0
 11
43.14499665
 21
30.1893525
 31
0.0
  0
LINE
  5
6D2
  8
0
 10
43.14499665
 20
30.1893525
 30
0.0
 11
43.29532075
 21
29.74363855
 31
0.0
  0
LINE
  5
6D3
  8
0
 10
43.29532075
 20
29.74363855
 30
0.0
 11
43.5443666
 21
28.93688215
 31
0.0
  0
LINE
  5
6D4
  8
0
 10
43.5443666
 20
28.93688215
 30
0.0
 11
43.7405072
 21
28.18182035
 31
0.0
  0
LINE
  5
6D5
  8
0
 10
43.7405072
 20
28.18182035
 30
0.0
 11
43.90282010000001
 21
27.40501205
 31
0.0
  0
LINE
  5
6D6
  8
0
 10
43.90282010000001
 20
27.40501205
 30
0.0
 11
43.977253
 21
26.98550265
 31
0.0
  0
LINE
  5
6D7
  8
0
 10
43.977253
 20
26.98550265
 30
0.0
 11
44.0066405
 21
26.7975841
 31
0.0
  0
LINE
  5
6D8
  8
0
 10
44.0066405
 20
26.7975841
 30
0.0
 11
44.0772516
 21
26.2849888
 31
0.0
  0
LINE
  5
6D9
  8
0
 10
44.0772516
 20
26.2849888
 30
0.0
 11
44.14595855
 21
25.73231055
 31
0.0
  0
LINE
  5
6DA
  8
0
 10
44.14595855
 20
25.73231055
 30
0.0
 11
44.1834726
 21
25.39419245
 31
0.0
  0
LINE
  5
6DB
  8
0
 10
44.1834726
 20
25.39419245
 30
0.0
 11
44.1968335
 21
25.2451679
 31
0.0
  0
LINE
  5
6DC
  8
0
 10
44.1968335
 20
25.2451679
 30
0.0
 11
44.19902465000001
 21
25.2015741
 31
0.0
  0
LINE
  5
6DD
  8
0
 10
44.19902465000001
 20
25.2015741
 30
0.0
 11
44.22396135
 21
25.13084965
 31
0.0
  0
LINE
  5
6DE
  8
0
 10
44.22396135
 20
25.13084965
 30
0.0
 11
44.36336175
 21
25.0069427
 31
0.0
  0
LINE
  5
6DF
  8
0
 10
44.36336175
 20
25.0069427
 30
0.0
 11
44.4421139
 21
24.98550265
 31
0.0
  0
LINE
  5
6E0
  8
0
 10
44.4421139
 20
24.98550265
 30
0.0
 11
44.4679068
 21
24.9944321
 31
0.0
  0
LINE
  5
6E1
  8
0
 10
44.4679068
 20
24.9944321
 30
0.0
 11
44.5627936
 21
25.06048435
 31
0.0
  0
LINE
  5
6E2
  8
0
 10
44.5627936
 20
25.06048435
 30
0.0
 11
44.781851
 21
25.2531296
 31
0.0
  0
LINE
  5
6E3
  8
0
 10
44.781851
 20
25.2531296
 30
0.0
 11
44.95452125
 21
25.42300265
 31
0.0
  0
LINE
  5
6E4
  8
0
 10
8.16443925
 20
25.4623139
 30
0.0
 11
9.0317601
 21
26.06256805
 31
0.0
  0
LINE
  5
6E5
  8
0
 10
9.0317601
 20
26.06256805
 30
0.0
 11
10.40835205
 21
26.9051961
 31
0.0
  0
LINE
  5
6E6
  8
0
 10
10.40835205
 20
26.9051961
 30
0.0
 11
11.42287275
 21
27.45614575
 31
0.0
  0
LINE
  5
6E7
  8
0
 10
11.42287275
 20
27.45614575
 30
0.0
 11
11.97109865
 21
27.73550265
 31
0.0
  0
LINE
  5
6E8
  8
0
 10
11.97109865
 20
27.73550265
 30
0.0
 11
12.72135535
 21
28.11050265
 31
0.0
  0
LINE
  5
6E9
  8
0
 10
12.72135535
 20
28.11050265
 30
0.0
 11
12.9290283
 21
28.6689033
 31
0.0
  0
LINE
  5
6EA
  8
0
 10
12.9290283
 20
28.6689033
 30
0.0
 11
13.0363548
 21
28.94195025
 31
0.0
  0
LINE
  5
6EB
  8
0
 10
13.0363548
 20
28.94195025
 30
0.0
 11
13.3027553
 21
29.54171735
 31
0.0
  0
LINE
  5
6EC
  8
0
 10
13.3027553
 20
29.54171735
 30
0.0
 11
13.6130724
 21
30.16284805
 31
0.0
  0
LINE
  5
6ED
  8
0
 10
13.6130724
 20
30.16284805
 30
0.0
 11
13.93720975
 21
30.7451016
 31
0.0
  0
LINE
  5
6EE
  8
0
 10
13.93720975
 20
30.7451016
 30
0.0
 11
14.09505595
 21
31.00282425
 31
0.0
  0
LINE
  5
6EF
  8
0
 10
14.09505595
 20
31.00282425
 30
0.0
 11
14.20540635
 21
31.18200855
 31
0.0
  0
LINE
  5
6F0
  8
0
 10
14.20540635
 20
31.18200855
 30
0.0
 11
14.34489915
 21
31.45362525
 31
0.0
  0
LINE
  5
6F1
  8
0
 10
14.34489915
 20
31.45362525
 30
0.0
 11
14.3799714
 21
31.6288395
 31
0.0
  0
LINE
  5
6F2
  8
0
 10
14.3799714
 20
31.6288395
 30
0.0
 11
14.315251
 21
31.73077155
 31
0.0
  0
LINE
  5
6F3
  8
0
 10
14.315251
 20
31.73077155
 30
0.0
 11
14.2469148
 21
31.76148185
 31
0.0
  0
LINE
  5
6F4
  8
0
 10
14.2469148
 20
31.76148185
 30
0.0
 11
14.1791155
 21
31.77247525
 31
0.0
  0
LINE
  5
6F5
  8
0
 10
14.1791155
 20
31.77247525
 30
0.0
 11
13.93245595
 21
31.7716272
 31
0.0
  0
LINE
  5
6F6
  8
0
 10
13.93245595
 20
31.7716272
 30
0.0
 11
13.5626935
 21
31.7436655
 31
0.0
  0
LINE
  5
6F7
  8
0
 10
13.5626935
 20
31.7436655
 30
0.0
 11
13.0998023
 21
31.69258965
 31
0.0
  0
LINE
  5
6F8
  8
0
 10
13.0998023
 20
31.69258965
 30
0.0
 11
11.73184075
 21
31.49002205
 31
0.0
  0
LINE
  5
6F9
  8
0
 10
11.73184075
 20
31.49002205
 30
0.0
 11
10.66800325
 21
31.2839461
 31
0.0
  0
LINE
  5
6FA
  8
0
 10
10.66800325
 20
31.2839461
 30
0.0
 11
10.067812
 21
31.1404037
 31
0.0
  0
LINE
  5
6FB
  8
0
 10
10.067812
 20
31.1404037
 30
0.0
 11
9.15616945
 21
30.89589655
 31
0.0
  0
LINE
  5
6FC
  8
0
 10
9.15616945
 20
30.89589655
 30
0.0
 11
8.819281700000001
 21
30.7944848
 31
0.0
  0
LINE
  5
6FD
  8
0
 10
8.819281700000001
 20
30.7944848
 30
0.0
 11
8.6776134
 21
30.7452449
 31
0.0
  0
LINE
  5
6FE
  8
0
 10
8.6776134
 20
30.7452449
 30
0.0
 11
8.6380175
 21
30.7278778
 31
0.0
  0
LINE
  5
6FF
  8
0
 10
8.6380175
 20
30.7278778
 30
0.0
 11
8.59307555
 21
30.69780155
 31
0.0
  0
LINE
  5
700
  8
0
 10
8.59307555
 20
30.69780155
 30
0.0
 11
8.50586115
 21
30.5833642
 31
0.0
  0
LINE
  5
701
  8
0
 10
8.50586115
 20
30.5833642
 30
0.0
 11
8.401728850000001
 21
30.35081745
 31
0.0
  0
LINE
  5
702
  8
0
 10
8.401728850000001
 20
30.35081745
 30
0.0
 11
8.25610605
 21
29.9452861
 31
0.0
  0
LINE
  5
703
  8
0
 10
8.25610605
 20
29.9452861
 30
0.0
 11
8.16005675
 21
29.66050265
 31
0.0
  0
LINE
  5
704
  8
0
 10
8.16005675
 20
29.66050265
 30
0.0
 11
7.8867854
 21
28.76750985
 31
0.0
  0
LINE
  5
705
  8
0
 10
7.8867854
 20
28.76750985
 30
0.0
 11
7.56133965
 21
27.41363235
 31
0.0
  0
LINE
  5
706
  8
0
 10
7.56133965
 20
27.41363235
 30
0.0
 11
7.4082024
 21
26.5345174
 31
0.0
  0
LINE
  5
707
  8
0
 10
7.4082024
 20
26.5345174
 30
0.0
 11
7.3527152
 21
26.11050265
 31
0.0
  0
LINE
  5
708
  8
0
 10
7.3527152
 20
26.11050265
 30
0.0
 11
7.33034995
 21
25.91921875
 31
0.0
  0
LINE
  5
709
  8
0
 10
7.33034995
 20
25.91921875
 30
0.0
 11
7.287741250000001
 21
25.56764995
 31
0.0
  0
LINE
  5
70A
  8
0
 10
7.287741250000001
 20
25.56764995
 30
0.0
 11
7.27274575
 21
25.4506668
 31
0.0
  0
LINE
  5
70B
  8
0
 10
7.27274575
 20
25.4506668
 30
0.0
 11
7.2632428
 21
25.34219395
 31
0.0
  0
LINE
  5
70C
  8
0
 10
7.2632428
 20
25.34219395
 30
0.0
 11
7.297634600000001
 21
25.19810735
 31
0.0
  0
LINE
  5
70D
  8
0
 10
7.297634600000001
 20
25.19810735
 30
0.0
 11
7.34733585
 21
25.1381668
 31
0.0
  0
LINE
  5
70E
  8
0
 10
7.34733585
 20
25.1381668
 30
0.0
 11
7.43827785
 21
25.06566025
 31
0.0
  0
LINE
  5
70F
  8
0
 10
7.43827785
 20
25.06566025
 30
0.0
 11
7.512759
 21
25.03550265
 31
0.0
  0
LINE
  5
710
  8
0
 10
7.512759
 20
25.03550265
 30
0.0
 11
7.5373859
 21
25.04421395
 31
0.0
  0
LINE
  5
711
  8
0
 10
7.5373859
 20
25.04421395
 30
0.0
 11
7.6487184
 21
25.10865245
 31
0.0
  0
LINE
  5
712
  8
0
 10
7.6487184
 20
25.10865245
 30
0.0
 11
7.9308201
 21
25.2965911
 31
0.0
  0
LINE
  5
713
  8
0
 10
7.9308201
 20
25.2965911
 30
0.0
 11
8.16443925
 21
25.4623139
 31
0.0
  0
LINE
  5
714
  8
0
 10
32.3187834
 20
26.24800265
 30
0.0
 11
32.34842375
 21
26.31118415
 31
0.0
  0
LINE
  5
715
  8
0
 10
32.34842375
 20
26.31118415
 30
0.0
 11
32.4260257
 21
26.55588405
 31
0.0
  0
LINE
  5
716
  8
0
 10
32.4260257
 20
26.55588405
 30
0.0
 11
32.5222453
 21
26.9307142
 31
0.0
  0
LINE
  5
717
  8
0
 10
32.5222453
 20
26.9307142
 30
0.0
 11
32.63010970000001
 21
27.4024918
 31
0.0
  0
LINE
  5
718
  8
0
 10
32.63010970000001
 20
27.4024918
 30
0.0
 11
32.79848705
 21
28.21934735
 31
0.0
  0
LINE
  5
719
  8
0
 10
32.79848705
 20
28.21934735
 30
0.0
 11
32.99866675000001
 21
29.33809835
 31
0.0
  0
LINE
  5
71A
  8
0
 10
32.99866675000001
 20
29.33809835
 30
0.0
 11
33.0726433
 21
29.83550265
 31
0.0
  0
LINE
  5
71B
  8
0
 10
33.0726433
 20
29.83550265
 30
0.0
 11
33.1617806
 21
30.6046053
 31
0.0
  0
LINE
  5
71C
  8
0
 10
33.1617806
 20
30.6046053
 30
0.0
 11
33.26096190000001
 21
31.83482375
 31
0.0
  0
LINE
  5
71D
  8
0
 10
33.26096190000001
 20
31.83482375
 30
0.0
 11
33.29466085000001
 21
32.5790577
 31
0.0
  0
LINE
  5
71E
  8
0
 10
33.29466085000001
 20
32.5790577
 30
0.0
 11
33.29936515
 21
32.8957556
 31
0.0
  0
LINE
  5
71F
  8
0
 10
33.29936515
 20
32.8957556
 30
0.0
 11
33.3
 21
33.6310086
 31
0.0
  0
LINE
  5
720
  8
0
 10
33.3
 20
33.6310086
 30
0.0
 11
32.9125
 21
33.92519040000001
 31
0.0
  0
LINE
  5
721
  8
0
 10
32.9125
 20
33.92519040000001
 30
0.0
 11
32.59256705000001
 21
34.15527375
 31
0.0
  0
LINE
  5
722
  8
0
 10
32.59256705000001
 20
34.15527375
 30
0.0
 11
31.8326198
 21
34.64336815
 31
0.0
  0
LINE
  5
723
  8
0
 10
31.8326198
 20
34.64336815
 30
0.0
 11
31.25231255
 21
34.97979025
 31
0.0
  0
LINE
  5
724
  8
0
 10
31.25231255
 20
34.97979025
 30
0.0
 11
30.90562085000001
 21
35.1641982
 31
0.0
  0
LINE
  5
725
  8
0
 10
30.90562085000001
 20
35.1641982
 30
0.0
 11
30.61913945
 21
35.30068205
 31
0.0
  0
LINE
  5
726
  8
0
 10
30.61913945
 20
35.30068205
 30
0.0
 11
30.4169253
 21
35.37550580000001
 31
0.0
  0
LINE
  5
727
  8
0
 10
30.4169253
 20
35.37550580000001
 30
0.0
 11
30.35493625
 21
35.38550265
 31
0.0
  0
LINE
  5
728
  8
0
 10
30.35493625
 20
35.38550265
 30
0.0
 11
30.25971085
 21
35.3507935
 31
0.0
  0
LINE
  5
729
  8
0
 10
30.25971085
 20
35.3507935
 30
0.0
 11
30.17488465
 21
35.2673438
 31
0.0
  0
LINE
  5
72A
  8
0
 10
30.17488465
 20
35.2673438
 30
0.0
 11
30.13775015
 21
35.1864514
 31
0.0
  0
LINE
  5
72B
  8
0
 10
30.13775015
 20
35.1864514
 30
0.0
 11
30.16476105
 21
34.98278785
 31
0.0
  0
LINE
  5
72C
  8
0
 10
30.16476105
 20
34.98278785
 30
0.0
 11
30.25461015
 21
34.70772285
 31
0.0
  0
LINE
  5
72D
  8
0
 10
30.25461015
 20
34.70772285
 30
0.0
 11
30.3253816
 21
34.50669915
 31
0.0
  0
LINE
  5
72E
  8
0
 10
30.3253816
 20
34.50669915
 30
0.0
 11
30.53865565
 21
33.8713829
 31
0.0
  0
LINE
  5
72F
  8
0
 10
30.53865565
 20
33.8713829
 30
0.0
 11
30.93972405
 21
32.47855835
 31
0.0
  0
LINE
  5
730
  8
0
 10
30.93972405
 20
32.47855835
 30
0.0
 11
31.29015665
 21
30.9934279
 31
0.0
  0
LINE
  5
731
  8
0
 10
31.29015665
 20
30.9934279
 30
0.0
 11
31.5699581
 21
29.50073165
 31
0.0
  0
LINE
  5
732
  8
0
 10
31.5699581
 20
29.50073165
 30
0.0
 11
31.6771236
 21
28.7780276
 31
0.0
  0
LINE
  5
733
  8
0
 10
31.6771236
 20
28.7780276
 30
0.0
 11
31.6904569
 21
28.6726049
 31
0.0
  0
LINE
  5
734
  8
0
 10
31.6904569
 20
28.6726049
 30
0.0
 11
31.7219336
 21
28.39430485
 31
0.0
  0
LINE
  5
735
  8
0
 10
31.7219336
 20
28.39430485
 30
0.0
 11
31.7758797
 21
27.8654345
 31
0.0
  0
LINE
  5
736
  8
0
 10
31.7758797
 20
27.8654345
 30
0.0
 11
31.8455486
 21
27.11249465
 31
0.0
  0
LINE
  5
737
  8
0
 10
31.8455486
 20
27.11249465
 30
0.0
 11
31.88375295
 21
26.6454597
 31
0.0
  0
LINE
  5
738
  8
0
 10
31.88375295
 20
26.6454597
 30
0.0
 11
31.89723905
 21
26.43782865
 31
0.0
  0
LINE
  5
739
  8
0
 10
31.89723905
 20
26.43782865
 30
0.0
 11
31.89932825
 21
26.3765741
 31
0.0
  0
LINE
  5
73A
  8
0
 10
31.89932825
 20
26.3765741
 30
0.0
 11
31.922735
 21
26.29133945
 31
0.0
  0
LINE
  5
73B
  8
0
 10
31.922735
 20
26.29133945
 30
0.0
 11
32.06344225
 21
26.1573143
 31
0.0
  0
LINE
  5
73C
  8
0
 10
32.06344225
 20
26.1573143
 30
0.0
 11
32.1524188
 21
26.13550265
 31
0.0
  0
LINE
  5
73D
  8
0
 10
32.1524188
 20
26.13550265
 30
0.0
 11
32.2405897
 21
26.1685495
 31
0.0
  0
LINE
  5
73E
  8
0
 10
32.2405897
 20
26.1685495
 30
0.0
 11
32.3187834
 21
26.24800265
 31
0.0
  0
LINE
  5
73F
  8
0
 10
39.26464115
 20
26.69800265
 30
0.0
 11
39.93290835000001
 21
27.5445226
 31
0.0
  0
LINE
  5
740
  8
0
 10
39.93290835000001
 20
27.5445226
 30
0.0
 11
41.16504365
 21
29.355696
 31
0.0
  0
LINE
  5
741
  8
0
 10
41.16504365
 20
29.355696
 30
0.0
 11
41.70757875
 21
30.28899105
 31
0.0
  0
LINE
  5
742
  8
0
 10
41.70757875
 20
30.28899105
 30
0.0
 11
42.0622637
 21
30.9356205
 31
0.0
  0
LINE
  5
743
  8
0
 10
42.0622637
 20
30.9356205
 30
0.0
 11
41.9504451
 21
31.19806155
 31
0.0
  0
LINE
  5
744
  8
0
 10
41.9504451
 20
31.19806155
 30
0.0
 11
41.73078150000001
 21
31.6826371
 31
0.0
  0
LINE
  5
745
  8
0
 10
41.73078150000001
 20
31.6826371
 30
0.0
 11
41.19179255
 21
32.7102508
 31
0.0
  0
LINE
  5
746
  8
0
 10
41.19179255
 20
32.7102508
 30
0.0
 11
40.5529837
 21
33.76141055
 31
0.0
  0
LINE
  5
747
  8
0
 10
40.5529837
 20
33.76141055
 30
0.0
 11
39.85402975
 21
34.77083150000001
 31
0.0
  0
LINE
  5
748
  8
0
 10
39.85402975
 20
34.77083150000001
 30
0.0
 11
39.4943968
 21
35.23948835
 31
0.0
  0
LINE
  5
749
  8
0
 10
39.4943968
 20
35.23948835
 30
0.0
 11
39.38853030000001
 21
35.3706535
 31
0.0
  0
LINE
  5
74A
  8
0
 10
39.38853030000001
 20
35.3706535
 30
0.0
 11
39.2217336
 21
35.5645713
 31
0.0
  0
LINE
  5
74B
  8
0
 10
39.2217336
 20
35.5645713
 30
0.0
 11
39.1021834
 21
35.67944515
 31
0.0
  0
LINE
  5
74C
  8
0
 10
39.1021834
 20
35.67944515
 30
0.0
 11
39.0146776
 21
35.7298827
 31
0.0
  0
LINE
  5
74D
  8
0
 10
39.0146776
 20
35.7298827
 30
0.0
 11
38.9781907
 21
35.73550265
 31
0.0
  0
LINE
  5
74E
  8
0
 10
38.9781907
 20
35.73550265
 30
0.0
 11
38.90893945000001
 21
35.7294375
 31
0.0
  0
LINE
  5
74F
  8
0
 10
38.90893945000001
 20
35.7294375
 30
0.0
 11
38.8034954
 21
35.6671082
 31
0.0
  0
LINE
  5
750
  8
0
 10
38.8034954
 20
35.6671082
 30
0.0
 11
38.7275618
 21
35.50716195
 31
0.0
  0
LINE
  5
751
  8
0
 10
38.7275618
 20
35.50716195
 30
0.0
 11
38.66365765
 21
35.21277685
 31
0.0
  0
LINE
  5
752
  8
0
 10
38.66365765
 20
35.21277685
 30
0.0
 11
38.63075380000001
 21
35.0036629
 31
0.0
  0
LINE
  5
753
  8
0
 10
38.63075380000001
 20
35.0036629
 30
0.0
 11
38.54719005
 21
34.4940581
 31
0.0
  0
LINE
  5
754
  8
0
 10
38.54719005
 20
34.4940581
 30
0.0
 11
38.3221971
 21
33.3980036
 31
0.0
  0
LINE
  5
755
  8
0
 10
38.3221971
 20
33.3980036
 30
0.0
 11
38.03485265
 21
32.25820535
 31
0.0
  0
LINE
  5
756
  8
0
 10
38.03485265
 20
32.25820535
 30
0.0
 11
37.70291955
 21
31.1451228
 31
0.0
  0
LINE
  5
757
  8
0
 10
37.70291955
 20
31.1451228
 30
0.0
 11
37.5257832
 21
30.62061845
 31
0.0
  0
LINE
  5
758
  8
0
 10
37.5257832
 20
30.62061845
 30
0.0
 11
37.43811580000001
 21
30.3645416
 31
0.0
  0
LINE
  5
759
  8
0
 10
37.43811580000001
 20
30.3645416
 30
0.0
 11
37.33869625
 21
30.0477177
 31
0.0
  0
LINE
  5
75A
  8
0
 10
37.33869625
 20
30.0477177
 30
0.0
 11
37.30460825
 21
29.9166043
 31
0.0
  0
LINE
  5
75B
  8
0
 10
37.30460825
 20
29.9166043
 30
0.0
 11
37.3
 21
29.8841405
 31
0.0
  0
LINE
  5
75C
  8
0
 10
37.3
 20
29.8841405
 30
0.0
 11
37.30461955000001
 21
29.85431785
 31
0.0
  0
LINE
  5
75D
  8
0
 10
37.30461955000001
 20
29.85431785
 30
0.0
 11
37.3387909
 21
29.7427412
 31
0.0
  0
LINE
  5
75E
  8
0
 10
37.3387909
 20
29.7427412
 30
0.0
 11
37.43845365000001
 21
29.4828973
 31
0.0
  0
LINE
  5
75F
  8
0
 10
37.43845365000001
 20
29.4828973
 30
0.0
 11
37.52633545
 21
29.2770649
 31
0.0
  0
LINE
  5
760
  8
0
 10
37.52633545
 20
29.2770649
 30
0.0
 11
37.63937195
 21
29.0106187
 31
0.0
  0
LINE
  5
761
  8
0
 10
37.63937195
 20
29.0106187
 30
0.0
 11
37.86586225
 21
28.4130876
 31
0.0
  0
LINE
  5
762
  8
0
 10
37.86586225
 20
28.4130876
 30
0.0
 11
38.0772973
 21
27.77638385
 31
0.0
  0
LINE
  5
763
  8
0
 10
38.0772973
 20
27.77638385
 30
0.0
 11
38.254943
 21
27.15692230000001
 31
0.0
  0
LINE
  5
764
  8
0
 10
38.254943
 20
27.15692230000001
 30
0.0
 11
38.32524045
 21
26.8712869
 31
0.0
  0
LINE
  5
765
  8
0
 10
38.32524045
 20
26.8712869
 30
0.0
 11
38.3641373
 21
26.70648555
 31
0.0
  0
LINE
  5
766
  8
0
 10
38.3641373
 20
26.70648555
 30
0.0
 11
38.4364472
 21
26.44094495
 31
0.0
  0
LINE
  5
767
  8
0
 10
38.4364472
 20
26.44094495
 30
0.0
 11
38.5083224
 21
26.25955190000001
 31
0.0
  0
LINE
  5
768
  8
0
 10
38.5083224
 20
26.25955190000001
 30
0.0
 11
38.5880152
 21
26.16078415
 31
0.0
  0
LINE
  5
769
  8
0
 10
38.5880152
 20
26.16078415
 30
0.0
 11
38.68377795000001
 21
26.14311955
 31
0.0
  0
LINE
  5
76A
  8
0
 10
38.68377795000001
 20
26.14311955
 30
0.0
 11
38.80386295
 21
26.20503575
 31
0.0
  0
LINE
  5
76B
  8
0
 10
38.80386295
 20
26.20503575
 30
0.0
 11
38.95652250000001
 21
26.3450105
 31
0.0
  0
LINE
  5
76C
  8
0
 10
38.95652250000001
 20
26.3450105
 30
0.0
 11
39.150009
 21
26.56152165
 31
0.0
  0
LINE
  5
76D
  8
0
 10
39.150009
 20
26.56152165
 30
0.0
 11
39.26464115
 21
26.69800265
 31
0.0
  0
LINE
  5
76E
  8
0
 10
30.8265972
 20
28.60548765
 30
0.0
 11
30.8794292
 21
28.65680325
 31
0.0
  0
LINE
  5
76F
  8
0
 10
30.8794292
 20
28.65680325
 30
0.0
 11
30.89423075000001
 21
28.82786825
 31
0.0
  0
LINE
  5
770
  8
0
 10
30.89423075000001
 20
28.82786825
 30
0.0
 11
30.8620209
 21
29.09269565
 31
0.0
  0
LINE
  5
771
  8
0
 10
30.8620209
 20
29.09269565
 30
0.0
 11
30.83352075000001
 21
29.29298765
 31
0.0
  0
LINE
  5
772
  8
0
 10
30.83352075000001
 20
29.29298765
 30
0.0
 11
30.75193195
 21
29.8119762
 31
0.0
  0
LINE
  5
773
  8
0
 10
30.75193195
 20
29.8119762
 30
0.0
 11
30.53987355
 21
30.9146435
 31
0.0
  0
LINE
  5
774
  8
0
 10
30.53987355
 20
30.9146435
 30
0.0
 11
30.27557135
 21
32.0481117
 31
0.0
  0
LINE
  5
775
  8
0
 10
30.27557135
 20
32.0481117
 30
0.0
 11
29.9745418
 21
33.1458377
 31
0.0
  0
LINE
  5
776
  8
0
 10
29.9745418
 20
33.1458377
 30
0.0
 11
29.8151032
 21
33.66050265000001
 31
0.0
  0
LINE
  5
777
  8
0
 10
29.8151032
 20
33.66050265000001
 30
0.0
 11
29.58551780000001
 21
34.33708835
 31
0.0
  0
LINE
  5
778
  8
0
 10
29.58551780000001
 20
34.33708835
 30
0.0
 11
29.2146499
 21
35.347565
 31
0.0
  0
LINE
  5
779
  8
0
 10
29.2146499
 20
35.347565
 30
0.0
 11
29.07203755
 21
35.7038997
 31
0.0
  0
LINE
  5
77A
  8
0
 10
29.07203755
 20
35.7038997
 30
0.0
 11
29.00997815
 21
35.8402625
 31
0.0
  0
LINE
  5
77B
  8
0
 10
29.00997815
 20
35.8402625
 30
0.0
 11
28.99166035
 21
35.8705513
 31
0.0
  0
LINE
  5
77C
  8
0
 10
28.99166035
 20
35.8705513
 30
0.0
 11
28.9408942
 21
35.9084581
 31
0.0
  0
LINE
  5
77D
  8
0
 10
28.9408942
 20
35.9084581
 30
0.0
 11
28.7267206
 21
35.99380795
 31
0.0
  0
LINE
  5
77E
  8
0
 10
28.7267206
 20
35.99380795
 30
0.0
 11
28.39154995
 21
36.08644955
 31
0.0
  0
LINE
  5
77F
  8
0
 10
28.39154995
 20
36.08644955
 30
0.0
 11
27.97041195
 21
36.1798752
 31
0.0
  0
LINE
  5
780
  8
0
 10
27.97041195
 20
36.1798752
 30
0.0
 11
27.25414365
 21
36.3072479
 31
0.0
  0
LINE
  5
781
  8
0
 10
27.25414365
 20
36.3072479
 30
0.0
 11
26.5414909
 21
36.39977835000001
 31
0.0
  0
LINE
  5
782
  8
0
 10
26.5414909
 20
36.39977835000001
 30
0.0
 11
26.1267806
 21
36.4312621
 31
0.0
  0
LINE
  5
783
  8
0
 10
26.1267806
 20
36.4312621
 30
0.0
 11
25.950679
 21
36.43550265
 31
0.0
  0
LINE
  5
784
  8
0
 10
25.950679
 20
36.43550265
 30
0.0
 11
25.8316273
 21
36.43375375
 31
0.0
  0
LINE
  5
785
  8
0
 10
25.8316273
 20
36.43375375
 30
0.0
 11
25.6416804
 21
36.4173838
 31
0.0
  0
LINE
  5
786
  8
0
 10
25.6416804
 20
36.4173838
 30
0.0
 11
25.5161508
 21
36.37856445
 31
0.0
  0
LINE
  5
787
  8
0
 10
25.5161508
 20
36.37856445
 30
0.0
 11
25.45528905
 21
36.31095185
 31
0.0
  0
LINE
  5
788
  8
0
 10
25.45528905
 20
36.31095185
 30
0.0
 11
25.4593455
 21
36.20820225
 31
0.0
  0
LINE
  5
789
  8
0
 10
25.4593455
 20
36.20820225
 30
0.0
 11
25.5285706
 21
36.06397190000001
 31
0.0
  0
LINE
  5
78A
  8
0
 10
25.5285706
 20
36.06397190000001
 30
0.0
 11
25.6632149
 21
35.87191695000001
 31
0.0
  0
LINE
  5
78B
  8
0
 10
25.6632149
 20
35.87191695000001
 30
0.0
 11
25.8635287
 21
35.6256937
 31
0.0
  0
LINE
  5
78C
  8
0
 10
25.8635287
 20
35.6256937
 30
0.0
 11
25.98839
 21
35.48028645
 31
0.0
  0
LINE
  5
78D
  8
0
 10
25.98839
 20
35.48028645
 30
0.0
 11
26.59888425
 21
34.75551475
 31
0.0
  0
LINE
  5
78E
  8
0
 10
26.59888425
 20
34.75551475
 30
0.0
 11
27.74365105
 21
33.262239
 31
0.0
  0
LINE
  5
78F
  8
0
 10
27.74365105
 20
33.262239
 30
0.0
 11
28.78401065
 21
31.7147859
 31
0.0
  0
LINE
  5
790
  8
0
 10
28.78401065
 20
31.7147859
 30
0.0
 11
29.71662935
 21
30.1181142
 31
0.0
  0
LINE
  5
791
  8
0
 10
29.71662935
 20
30.1181142
 30
0.0
 11
30.141494
 21
29.30287095
 31
0.0
  0
LINE
  5
792
  8
0
 10
30.141494
 20
29.30287095
 30
0.0
 11
30.21180035
 21
29.16335995
 31
0.0
  0
LINE
  5
793
  8
0
 10
30.21180035
 20
29.16335995
 30
0.0
 11
30.33233915
 21
28.93194935
 31
0.0
  0
LINE
  5
794
  8
0
 10
30.33233915
 20
28.93194935
 30
0.0
 11
30.47343845
 21
28.69319865
 31
0.0
  0
LINE
  5
795
  8
0
 10
30.47343845
 20
28.69319865
 30
0.0
 11
30.61677925
 21
28.54728855
 31
0.0
  0
LINE
  5
796
  8
0
 10
30.61677925
 20
28.54728855
 30
0.0
 11
30.749901
 21
28.5567289
 31
0.0
  0
LINE
  5
797
  8
0
 10
30.749901
 20
28.5567289
 30
0.0
 11
30.8265972
 21
28.60548765
 31
0.0
  0
LINE
  5
798
  8
0
 10
14.8215693
 20
28.88768115
 30
0.0
 11
15.68803315
 21
29.170228
 31
0.0
  0
LINE
  5
799
  8
0
 10
15.68803315
 20
29.170228
 30
0.0
 11
17.48002555
 21
29.6563655
 31
0.0
  0
LINE
  5
79A
  8
0
 10
17.48002555
 20
29.6563655
 30
0.0
 11
19.33226365
 21
30.03346025
 31
0.0
  0
LINE
  5
79B
  8
0
 10
19.33226365
 20
30.03346025
 30
0.0
 11
21.22253875
 21
30.2969909
 31
0.0
  0
LINE
  5
79C
  8
0
 10
21.22253875
 20
30.2969909
 30
0.0
 11
22.175
 21
30.3847567
 31
0.0
  0
LINE
  5
79D
  8
0
 10
22.175
 20
30.3847567
 30
0.0
 11
22.453692
 21
30.40764155
 31
0.0
  0
LINE
  5
79E
  8
0
 10
22.453692
 20
30.40764155
 30
0.0
 11
22.7936437
 21
30.44097265
 31
0.0
  0
LINE
  5
79F
  8
0
 10
22.7936437
 20
30.44097265
 30
0.0
 11
22.93054315
 21
30.4586803
 31
0.0
  0
LINE
  5
7A0
  8
0
 10
22.93054315
 20
30.4586803
 30
0.0
 11
22.9623838
 21
30.4651905
 31
0.0
  0
LINE
  5
7A1
  8
0
 10
22.9623838
 20
30.4651905
 30
0.0
 11
23.03964195
 21
30.52342525
 31
0.0
  0
LINE
  5
7A2
  8
0
 10
23.03964195
 20
30.52342525
 30
0.0
 11
23.08228075
 21
30.7303654
 31
0.0
  0
LINE
  5
7A3
  8
0
 10
23.08228075
 20
30.7303654
 30
0.0
 11
23.03573635
 21
30.82119485
 31
0.0
  0
LINE
  5
7A4
  8
0
 10
23.03573635
 20
30.82119485
 30
0.0
 11
22.9854513
 21
30.85198835
 31
0.0
  0
LINE
  5
7A5
  8
0
 10
22.9854513
 20
30.85198835
 30
0.0
 11
22.75866195
 21
30.93277065
 31
0.0
  0
LINE
  5
7A6
  8
0
 10
22.75866195
 20
30.93277065
 30
0.0
 11
22.39169045
 21
31.03309315
 31
0.0
  0
LINE
  5
7A7
  8
0
 10
22.39169045
 20
31.03309315
 30
0.0
 11
21.9182691
 21
31.14569175
 31
0.0
  0
LINE
  5
7A8
  8
0
 10
21.9182691
 20
31.14569175
 30
0.0
 11
21.0823326
 21
31.32171675
 31
0.0
  0
LINE
  5
7A9
  8
0
 10
21.0823326
 20
31.32171675
 30
0.0
 11
19.9100099
 21
31.53158385
 31
0.0
  0
LINE
  5
7AA
  8
0
 10
19.9100099
 20
31.53158385
 30
0.0
 11
19.375
 21
31.60953025
 31
0.0
  0
LINE
  5
7AB
  8
0
 10
19.375
 20
31.60953025
 30
0.0
 11
18.58319755
 21
31.70019885
 31
0.0
  0
LINE
  5
7AC
  8
0
 10
18.58319755
 20
31.70019885
 30
0.0
 11
17.37324215
 21
31.7979973
 31
0.0
  0
LINE
  5
7AD
  8
0
 10
17.37324215
 20
31.7979973
 30
0.0
 11
16.65053025
 21
31.8303948
 31
0.0
  0
LINE
  5
7AE
  8
0
 10
16.65053025
 20
31.8303948
 30
0.0
 11
16.33974705
 21
31.8348678
 31
0.0
  0
LINE
  5
7AF
  8
0
 10
16.33974705
 20
31.8348678
 30
0.0
 11
15.60449405
 21
31.83550265
 31
0.0
  0
LINE
  5
7B0
  8
0
 10
15.60449405
 20
31.83550265
 30
0.0
 11
15.31031225
 21
31.44800265
 31
0.0
  0
LINE
  5
7B1
  8
0
 10
15.31031225
 20
31.44800265
 30
0.0
 11
15.0807873
 21
31.12881545
 31
0.0
  0
LINE
  5
7B2
  8
0
 10
15.0807873
 20
31.12881545
 30
0.0
 11
14.5929892
 21
30.3693815
 31
0.0
  0
LINE
  5
7B3
  8
0
 10
14.5929892
 20
30.3693815
 30
0.0
 11
14.2563406
 21
29.78901225
 31
0.0
  0
LINE
  5
7B4
  8
0
 10
14.2563406
 20
29.78901225
 30
0.0
 11
14.0716962
 21
29.44226105
 31
0.0
  0
LINE
  5
7B5
  8
0
 10
14.0716962
 20
29.44226105
 30
0.0
 11
13.93498725
 21
29.1558268
 31
0.0
  0
LINE
  5
7B6
  8
0
 10
13.93498725
 20
29.1558268
 30
0.0
 11
13.8600182
 21
28.9538703
 31
0.0
  0
LINE
  5
7B7
  8
0
 10
13.8600182
 20
28.9538703
 30
0.0
 11
13.85
 21
28.89212145
 31
0.0
  0
LINE
  5
7B8
  8
0
 10
13.85
 20
28.89212145
 30
0.0
 11
13.8764831
 21
28.8196566
 31
0.0
  0
LINE
  5
7B9
  8
0
 10
13.8764831
 20
28.8196566
 30
0.0
 11
14.0164081
 21
28.66480995
 31
0.0
  0
LINE
  5
7BA
  8
0
 10
14.0164081
 20
28.66480995
 30
0.0
 11
14.08188995
 21
28.63550265
 31
0.0
  0
LINE
  5
7BB
  8
0
 10
14.08188995
 20
28.63550265
 30
0.0
 11
14.0987265
 21
28.64064965
 31
0.0
  0
LINE
  5
7BC
  8
0
 10
14.0987265
 20
28.64064965
 30
0.0
 11
14.21238885
 21
28.6787227
 31
0.0
  0
LINE
  5
7BD
  8
0
 10
14.21238885
 20
28.6787227
 30
0.0
 11
14.53734785
 21
28.78976495
 31
0.0
  0
LINE
  5
7BE
  8
0
 10
14.53734785
 20
28.78976495
 30
0.0
 11
14.8215693
 21
28.88768115
 31
0.0
  0
LINE
  5
7BF
  8
0
 10
4.825
 20
29.9128391
 30
0.0
 11
5.438439000000001
 21
30.23250555
 31
0.0
  0
LINE
  5
7C0
  8
0
 10
5.438439000000001
 20
30.23250555
 30
0.0
 11
6.70652525
 21
30.81777045
 31
0.0
  0
LINE
  5
7C1
  8
0
 10
6.70652525
 20
30.81777045
 30
0.0
 11
7.316531100000001
 21
31.06276535
 31
0.0
  0
LINE
  5
7C2
  8
0
 10
7.316531100000001
 20
31.06276535
 30
0.0
 11
7.958062250000001
 21
31.30594805
 31
0.0
  0
LINE
  5
7C3
  8
0
 10
7.958062250000001
 20
31.30594805
 30
0.0
 11
8.3941291
 21
32.18322535
 31
0.0
  0
LINE
  5
7C4
  8
0
 10
8.3941291
 20
32.18322535
 30
0.0
 11
8.6566788
 21
32.69534825
 31
0.0
  0
LINE
  5
7C5
  8
0
 10
8.6566788
 20
32.69534825
 30
0.0
 11
9.2041807
 21
33.6669276
 31
0.0
  0
LINE
  5
7C6
  8
0
 10
9.2041807
 20
33.6669276
 30
0.0
 11
9.7879455
 21
34.57826505
 31
0.0
  0
LINE
  5
7C7
  8
0
 10
9.7879455
 20
34.57826505
 30
0.0
 11
10.41564465
 21
35.4413366
 31
0.0
  0
LINE
  5
7C8
  8
0
 10
10.41564465
 20
35.4413366
 30
0.0
 11
10.74836685
 21
35.8585152
 31
0.0
  0
LINE
  5
7C9
  8
0
 10
10.74836685
 20
35.8585152
 30
0.0
 11
10.9043135
 21
36.05442165
 31
0.0
  0
LINE
  5
7CA
  8
0
 10
10.9043135
 20
36.05442165
 30
0.0
 11
11.0811654
 21
36.29783475
 31
0.0
  0
LINE
  5
7CB
  8
0
 10
11.0811654
 20
36.29783475
 30
0.0
 11
11.1418026
 21
36.39937415
 31
0.0
  0
LINE
  5
7CC
  8
0
 10
11.1418026
 20
36.39937415
 30
0.0
 11
11.15
 21
36.4249532
 31
0.0
  0
LINE
  5
7CD
  8
0
 10
11.15
 20
36.4249532
 30
0.0
 11
11.14274715
 21
36.4893442
 31
0.0
  0
LINE
  5
7CE
  8
0
 10
11.14274715
 20
36.4893442
 30
0.0
 11
11.0822612
 21
36.58881435
 31
0.0
  0
LINE
  5
7CF
  8
0
 10
11.0822612
 20
36.58881435
 30
0.0
 11
10.95499445
 21
36.6519162
 31
0.0
  0
LINE
  5
7D0
  8
0
 10
10.95499445
 20
36.6519162
 30
0.0
 11
10.7543783
 21
36.6819065
 31
0.0
  0
LINE
  5
7D1
  8
0
 10
10.7543783
 20
36.6819065
 30
0.0
 11
10.6245115
 21
36.68550265
 31
0.0
  0
LINE
  5
7D2
  8
0
 10
10.6245115
 20
36.68550265
 30
0.0
 11
10.4318055
 21
36.6823519
 31
0.0
  0
LINE
  5
7D3
  8
0
 10
10.4318055
 20
36.6823519
 30
0.0
 11
9.96371
 21
36.6589012
 31
0.0
  0
LINE
  5
7D4
  8
0
 10
9.96371
 20
36.6589012
 30
0.0
 11
9.13103055
 21
36.5896295
 31
0.0
  0
LINE
  5
7D5
  8
0
 10
9.13103055
 20
36.5896295
 30
0.0
 11
8.26358345
 21
36.49348645
 31
0.0
  0
LINE
  5
7D6
  8
0
 10
8.26358345
 20
36.49348645
 30
0.0
 11
7.73367875
 21
36.42226445
 31
0.0
  0
LINE
  5
7D7
  8
0
 10
7.73367875
 20
36.42226445
 30
0.0
 11
7.289885
 21
36.3508025
 31
0.0
  0
LINE
  5
7D8
  8
0
 10
7.289885
 20
36.3508025
 30
0.0
 11
6.97282735
 21
36.28378180000001
 31
0.0
  0
LINE
  5
7D9
  8
0
 10
6.97282735
 20
36.28378180000001
 30
0.0
 11
6.87451995
 21
36.25339975
 31
0.0
  0
LINE
  5
7DA
  8
0
 10
6.87451995
 20
36.25339975
 30
0.0
 11
6.85363885
 21
36.23670670000001
 31
0.0
  0
LINE
  5
7DB
  8
0
 10
6.85363885
 20
36.23670670000001
 30
0.0
 11
6.776767150000001
 21
36.14299945
 31
0.0
  0
LINE
  5
7DC
  8
0
 10
6.776767150000001
 20
36.14299945
 30
0.0
 11
6.5992341
 21
35.88760490000001
 31
0.0
  0
LINE
  5
7DD
  8
0
 10
6.5992341
 20
35.88760490000001
 30
0.0
 11
6.459265600000001
 21
35.66876185
 31
0.0
  0
LINE
  5
7DE
  8
0
 10
6.459265600000001
 20
35.66876185
 30
0.0
 11
6.10253095
 21
35.076087
 31
0.0
  0
LINE
  5
7DF
  8
0
 10
6.10253095
 20
35.076087
 30
0.0
 11
5.46064925
 21
33.8947779
 31
0.0
  0
LINE
  5
7E0
  8
0
 10
5.46064925
 20
33.8947779
 30
0.0
 11
4.899387600000001
 21
32.68694185
 31
0.0
  0
LINE
  5
7E1
  8
0
 10
4.899387600000001
 20
32.68694185
 30
0.0
 11
4.4009499
 21
31.4142818
 31
0.0
  0
LINE
  5
7E2
  8
0
 10
4.4009499
 20
31.4142818
 30
0.0
 11
4.16972875
 21
30.74167485
 31
0.0
  0
LINE
  5
7E3
  8
0
 10
4.16972875
 20
30.74167485
 30
0.0
 11
4.1198494
 21
30.5894893
 31
0.0
  0
LINE
  5
7E4
  8
0
 10
4.1198494
 20
30.5894893
 30
0.0
 11
4.03724485
 21
30.33137095
 31
0.0
  0
LINE
  5
7E5
  8
0
 10
4.03724485
 20
30.33137095
 30
0.0
 11
3.95340175
 21
30.04507585
 31
0.0
  0
LINE
  5
7E6
  8
0
 10
3.95340175
 20
30.04507585
 30
0.0
 11
3.9084948
 21
29.81036455
 31
0.0
  0
LINE
  5
7E7
  8
0
 10
3.9084948
 20
29.81036455
 30
0.0
 11
3.9289896
 21
29.68598445
 31
0.0
  0
LINE
  5
7E8
  8
0
 10
3.9289896
 20
29.68598445
 30
0.0
 11
3.96
 21
29.64550265
 31
0.0
  0
LINE
  5
7E9
  8
0
 10
3.96
 20
29.64550265
 30
0.0
 11
4.003464950000001
 21
29.6122685
 31
0.0
  0
LINE
  5
7EA
  8
0
 10
4.003464950000001
 20
29.6122685
 30
0.0
 11
4.1213882
 21
29.5953796
 31
0.0
  0
LINE
  5
7EB
  8
0
 10
4.1213882
 20
29.5953796
 30
0.0
 11
4.3132086
 21
29.6546635
 31
0.0
  0
LINE
  5
7EC
  8
0
 10
4.3132086
 20
29.6546635
 30
0.0
 11
4.61801355
 21
29.80220055
 31
0.0
  0
LINE
  5
7ED
  8
0
 10
4.61801355
 20
29.80220055
 30
0.0
 11
4.825
 21
29.9128391
 31
0.0
  0
LINE
  5
7EE
  8
0
 10
28.60521895
 20
30.34525435
 30
0.0
 11
28.61607595
 21
30.4061208
 31
0.0
  0
LINE
  5
7EF
  8
0
 10
28.61607595
 20
30.4061208
 30
0.0
 11
28.5415504
 21
30.63173855
 31
0.0
  0
LINE
  5
7F0
  8
0
 10
28.5415504
 20
30.63173855
 30
0.0
 11
28.38703415
 21
30.9177234
 31
0.0
  0
LINE
  5
7F1
  8
0
 10
28.38703415
 20
30.9177234
 30
0.0
 11
28.23019735
 21
31.17630555
 31
0.0
  0
LINE
  5
7F2
  8
0
 10
28.23019735
 20
31.17630555
 30
0.0
 11
28.0260294
 21
31.49689395
 31
0.0
  0
LINE
  5
7F3
  8
0
 10
28.0260294
 20
31.49689395
 30
0.0
 11
27.77086995000001
 21
31.8860594
 31
0.0
  0
LINE
  5
7F4
  8
0
 10
27.77086995000001
 20
31.8860594
 30
0.0
 11
27.6230246
 21
32.10841185
 31
0.0
  0
LINE
  5
7F5
  8
0
 10
27.6230246
 20
32.10841185
 30
0.0
 11
26.9338556
 21
33.0962962
 31
0.0
  0
LINE
  5
7F6
  8
0
 10
26.9338556
 20
33.0962962
 30
0.0
 11
25.82629875
 21
34.5115929
 31
0.0
  0
LINE
  5
7F7
  8
0
 10
25.82629875
 20
34.5115929
 30
0.0
 11
25.00554915
 21
35.45221415
 31
0.0
  0
LINE
  5
7F8
  8
0
 10
25.00554915
 20
35.45221415
 30
0.0
 11
24.5619298
 21
35.93230875
 31
0.0
  0
LINE
  5
7F9
  8
0
 10
24.5619298
 20
35.93230875
 30
0.0
 11
24.1183362
 21
36.40411485000001
 31
0.0
  0
LINE
  5
7FA
  8
0
 10
24.1183362
 20
36.40411485000001
 30
0.0
 11
23.51976895
 21
36.31941525
 31
0.0
  0
LINE
  5
7FB
  8
0
 10
23.51976895
 20
36.31941525
 30
0.0
 11
23.1089739
 21
36.25080095000001
 31
0.0
  0
LINE
  5
7FC
  8
0
 10
23.1089739
 20
36.25080095000001
 30
0.0
 11
22.21496865
 21
36.05126445000001
 31
0.0
  0
LINE
  5
7FD
  8
0
 10
22.21496865
 20
36.05126445000001
 30
0.0
 11
21.5801314
 21
35.8753466
 31
0.0
  0
LINE
  5
7FE
  8
0
 10
21.5801314
 20
35.8753466
 30
0.0
 11
21.22104785
 21
35.75901495
 31
0.0
  0
LINE
  5
7FF
  8
0
 10
21.22104785
 20
35.75901495
 30
0.0
 11
20.94261945
 21
35.6518124
 31
0.0
  0
LINE
  5
800
  8
0
 10
20.94261945
 20
35.6518124
 30
0.0
 11
20.76999675
 21
35.56091455
 31
0.0
  0
LINE
  5
801
  8
0
 10
20.76999675
 20
35.56091455
 30
0.0
 11
20.73122205
 21
35.52382225
 31
0.0
  0
LINE
  5
802
  8
0
 10
20.73122205
 20
35.52382225
 30
0.0
 11
20.70766625
 21
35.4370575
 31
0.0
  0
LINE
  5
803
  8
0
 10
20.70766625
 20
35.4370575
 30
0.0
 11
20.71555415
 21
35.3307415
 31
0.0
  0
LINE
  5
804
  8
0
 10
20.71555415
 20
35.3307415
 30
0.0
 11
20.73143135
 21
35.2943307
 31
0.0
  0
LINE
  5
805
  8
0
 10
20.73143135
 20
35.2943307
 30
0.0
 11
20.8147053
 21
35.21151195
 31
0.0
  0
LINE
  5
806
  8
0
 10
20.8147053
 20
35.21151195
 30
0.0
 11
20.9898143
 21
35.10072185000001
 31
0.0
  0
LINE
  5
807
  8
0
 10
20.9898143
 20
35.10072185000001
 30
0.0
 11
21.28452905
 21
34.94438995
 31
0.0
  0
LINE
  5
808
  8
0
 10
21.28452905
 20
34.94438995
 30
0.0
 11
21.4854169
 21
34.8436552
 31
0.0
  0
LINE
  5
809
  8
0
 10
21.4854169
 20
34.8436552
 30
0.0
 11
22.320571
 21
34.41333305
 31
0.0
  0
LINE
  5
80A
  8
0
 10
22.320571
 20
34.41333305
 30
0.0
 11
23.94145075
 21
33.4818971
 31
0.0
  0
LINE
  5
80B
  8
0
 10
23.94145075
 20
33.4818971
 30
0.0
 11
25.4813805
 21
32.4659976
 31
0.0
  0
LINE
  5
80C
  8
0
 10
25.4813805
 20
32.4659976
 30
0.0
 11
26.9223059
 21
31.3775451
 31
0.0
  0
LINE
  5
80D
  8
0
 10
26.9223059
 20
31.3775451
 30
0.0
 11
27.6
 21
30.80983355
 31
0.0
  0
LINE
  5
80E
  8
0
 10
27.6
 20
30.80983355
 30
0.0
 11
27.81297985
 21
30.62670145
 31
0.0
  0
LINE
  5
80F
  8
0
 10
27.81297985
 20
30.62670145
 30
0.0
 11
28.08616445
 21
30.3974611
 31
0.0
  0
LINE
  5
810
  8
0
 10
28.08616445
 20
30.3974611
 30
0.0
 11
28.20677065
 21
30.30051375
 31
0.0
  0
LINE
  5
811
  8
0
 10
28.20677065
 20
30.30051375
 30
0.0
 11
28.2407346
 21
30.27538025
 31
0.0
  0
LINE
  5
812
  8
0
 10
28.2407346
 20
30.27538025
 30
0.0
 11
28.34581235
 21
30.22776165000001
 31
0.0
  0
LINE
  5
813
  8
0
 10
28.34581235
 20
30.22776165000001
 30
0.0
 11
28.53736955
 21
30.2644845
 31
0.0
  0
LINE
  5
814
  8
0
 10
28.53736955
 20
30.2644845
 30
0.0
 11
28.60521895
 21
30.34525435
 31
0.0
  0
LINE
  5
815
  8
0
 10
25.85101075
 20
30.9873913
 30
0.0
 11
25.8811482
 21
31.0857335
 31
0.0
  0
LINE
  5
816
  8
0
 10
25.8811482
 20
31.0857335
 30
0.0
 11
25.87703355
 21
31.17909555
 31
0.0
  0
LINE
  5
817
  8
0
 10
25.87703355
 20
31.17909555
 30
0.0
 11
25.8472768
 21
31.2235576
 31
0.0
  0
LINE
  5
818
  8
0
 10
25.8472768
 20
31.2235576
 30
0.0
 11
25.6810055
 21
31.3761129
 31
0.0
  0
LINE
  5
819
  8
0
 10
25.6810055
 20
31.3761129
 30
0.0
 11
25.39315175
 21
31.599265
 31
0.0
  0
LINE
  5
81A
  8
0
 10
25.39315175
 20
31.599265
 30
0.0
 11
25.00862925
 21
31.87592
 31
0.0
  0
LINE
  5
81B
  8
0
 10
25.00862925
 20
31.87592
 30
0.0
 11
23.7878932
 21
32.68945355
 31
0.0
  0
LINE
  5
81C
  8
0
 10
23.7878932
 20
32.68945355
 30
0.0
 11
22.75
 21
33.32463455000001
 31
0.0
  0
LINE
  5
81D
  8
0
 10
22.75
 20
33.32463455000001
 30
0.0
 11
22.30292165
 21
33.5762789
 31
0.0
  0
LINE
  5
81E
  8
0
 10
22.30292165
 20
33.5762789
 30
0.0
 11
21.27601665
 21
34.11354885
 31
0.0
  0
LINE
  5
81F
  8
0
 10
21.27601665
 20
34.11354885
 30
0.0
 11
20.51512675
 21
34.48553175
 31
0.0
  0
LINE
  5
820
  8
0
 10
20.51512675
 20
34.48553175
 30
0.0
 11
20.0720251
 21
34.6898666
 31
0.0
  0
LINE
  5
821
  8
0
 10
20.0720251
 20
34.6898666
 30
0.0
 11
19.71741855
 21
34.8412924
 31
0.0
  0
LINE
  5
822
  8
0
 10
19.71741855
 20
34.8412924
 30
0.0
 11
19.4831658
 21
34.9243925
 31
0.0
  0
LINE
  5
823
  8
0
 10
19.4831658
 20
34.9243925
 30
0.0
 11
19.4211279
 21
34.93550265
 31
0.0
  0
LINE
  5
824
  8
0
 10
19.4211279
 20
34.93550265
 30
0.0
 11
19.3431254
 21
34.9167652
 31
0.0
  0
LINE
  5
825
  8
0
 10
19.3431254
 20
34.9167652
 30
0.0
 11
19.07077835
 21
34.77992105000001
 31
0.0
  0
LINE
  5
826
  8
0
 10
19.07077835
 20
34.77992105000001
 30
0.0
 11
18.6833649
 21
34.53959705
 31
0.0
  0
LINE
  5
827
  8
0
 10
18.6833649
 20
34.53959705
 30
0.0
 11
18.22895235
 21
34.23060795
 31
0.0
  0
LINE
  5
828
  8
0
 10
18.22895235
 20
34.23060795
 30
0.0
 11
17.5268578
 21
33.71453475000001
 31
0.0
  0
LINE
  5
829
  8
0
 10
17.5268578
 20
33.71453475000001
 30
0.0
 11
16.9443946
 21
33.23979855
 31
0.0
  0
LINE
  5
82A
  8
0
 10
16.9443946
 20
33.23979855
 30
0.0
 11
16.70265995
 21
33.0042975
 31
0.0
  0
LINE
  5
82B
  8
0
 10
16.70265995
 20
33.0042975
 30
0.0
 11
16.64379015
 21
32.92389945
 31
0.0
  0
LINE
  5
82C
  8
0
 10
16.64379015
 20
32.92389945
 30
0.0
 11
16.627957
 21
32.81708555
 31
0.0
  0
LINE
  5
82D
  8
0
 10
16.627957
 20
32.81708555
 30
0.0
 11
16.7557252
 21
32.62036320000001
 31
0.0
  0
LINE
  5
82E
  8
0
 10
16.7557252
 20
32.62036320000001
 30
0.0
 11
16.86365265
 21
32.58538125
 31
0.0
  0
LINE
  5
82F
  8
0
 10
16.86365265
 20
32.58538125
 30
0.0
 11
16.92219575
 21
32.5841457
 31
0.0
  0
LINE
  5
830
  8
0
 10
16.92219575
 20
32.5841457
 30
0.0
 11
17.10025635
 21
32.57516335
 31
0.0
  0
LINE
  5
831
  8
0
 10
17.10025635
 20
32.57516335
 30
0.0
 11
17.48403365
 21
32.5483794
 31
0.0
  0
LINE
  5
832
  8
0
 10
17.48403365
 20
32.5483794
 30
0.0
 11
18.1134526
 21
32.4961307
 31
0.0
  0
LINE
  5
833
  8
0
 10
18.1134526
 20
32.4961307
 30
0.0
 11
18.73758355
 21
32.4365894
 31
0.0
  0
LINE
  5
834
  8
0
 10
18.73758355
 20
32.4365894
 30
0.0
 11
19.0
 21
32.40804085
 31
0.0
  0
LINE
  5
835
  8
0
 10
19.0
 20
32.40804085
 30
0.0
 11
19.7512408
 21
32.30938445
 31
0.0
  0
LINE
  5
836
  8
0
 10
19.7512408
 20
32.30938445
 30
0.0
 11
21.32151825
 21
32.0381604
 31
0.0
  0
LINE
  5
837
  8
0
 10
21.32151825
 20
32.0381604
 30
0.0
 11
22.8939491
 21
31.6880361
 31
0.0
  0
LINE
  5
838
  8
0
 10
22.8939491
 20
31.6880361
 30
0.0
 11
24.362644
 21
31.2825893
 31
0.0
  0
LINE
  5
839
  8
0
 10
24.362644
 20
31.2825893
 30
0.0
 11
25.025
 21
31.0664881
 31
0.0
  0
LINE
  5
83A
  8
0
 10
25.025
 20
31.0664881
 30
0.0
 11
25.22737245
 21
30.99834045
 31
0.0
  0
LINE
  5
83B
  8
0
 10
25.22737245
 20
30.99834045
 30
0.0
 11
25.52658245
 21
30.91395295
 31
0.0
  0
LINE
  5
83C
  8
0
 10
25.52658245
 20
30.91395295
 30
0.0
 11
25.7125112
 21
30.89614885
 31
0.0
  0
LINE
  5
83D
  8
0
 10
25.7125112
 20
30.89614885
 30
0.0
 11
25.818077
 21
30.941776
 31
0.0
  0
LINE
  5
83E
  8
0
 10
25.818077
 20
30.941776
 30
0.0
 11
25.85101075
 21
30.9873913
 31
0.0
  0
LINE
  5
83F
  8
0
 10
36.8437683
 20
31.12300265
 30
0.0
 11
36.8818443
 21
31.1712213
 31
0.0
  0
LINE
  5
840
  8
0
 10
36.8818443
 20
31.1712213
 30
0.0
 11
36.9781757
 21
31.37579855
 31
0.0
  0
LINE
  5
841
  8
0
 10
36.9781757
 20
31.37579855
 30
0.0
 11
37.0955006
 21
31.7032855
 31
0.0
  0
LINE
  5
842
  8
0
 10
37.0955006
 20
31.7032855
 30
0.0
 11
37.22672395
 21
32.12815
 31
0.0
  0
LINE
  5
843
  8
0
 10
37.22672395
 20
32.12815
 30
0.0
 11
37.5690274
 21
33.44878215
 31
0.0
  0
LINE
  5
844
  8
0
 10
37.5690274
 20
33.44878215
 30
0.0
 11
37.7989888
 21
34.56050265
 31
0.0
  0
LINE
  5
845
  8
0
 10
37.7989888
 20
34.56050265
 30
0.0
 11
37.90755955
 21
35.2480545
 31
0.0
  0
LINE
  5
846
  8
0
 10
37.90755955
 20
35.2480545
 30
0.0
 11
38.03488865
 21
36.284286
 31
0.0
  0
LINE
  5
847
  8
0
 10
38.03488865
 20
36.284286
 30
0.0
 11
38.0644318
 21
36.64815865
 31
0.0
  0
LINE
  5
848
  8
0
 10
38.0644318
 20
36.64815865
 30
0.0
 11
38.06580665000001
 21
36.7845835
 31
0.0
  0
LINE
  5
849
  8
0
 10
38.06580665000001
 20
36.7845835
 30
0.0
 11
38.06006795
 21
36.81292575
 31
0.0
  0
LINE
  5
84A
  8
0
 10
38.06006795
 20
36.81292575
 30
0.0
 11
38.04035725
 21
36.8392003
 31
0.0
  0
LINE
  5
84B
  8
0
 10
38.04035725
 20
36.8392003
 30
0.0
 11
37.955175
 21
36.92912995
 31
0.0
  0
LINE
  5
84C
  8
0
 10
37.955175
 20
36.92912995
 30
0.0
 11
37.73436515
 21
37.1384021
 31
0.0
  0
LINE
  5
84D
  8
0
 10
37.73436515
 20
37.1384021
 30
0.0
 11
37.0988279
 21
37.69881965
 31
0.0
  0
LINE
  5
84E
  8
0
 10
37.0988279
 20
37.69881965
 30
0.0
 11
36.65494005
 21
38.067319
 31
0.0
  0
LINE
  5
84F
  8
0
 10
36.65494005
 20
38.067319
 30
0.0
 11
36.38229385
 21
38.27958115000001
 31
0.0
  0
LINE
  5
850
  8
0
 10
36.38229385
 20
38.27958115000001
 30
0.0
 11
35.7569193
 21
38.73131085
 31
0.0
  0
LINE
  5
851
  8
0
 10
35.7569193
 20
38.73131085
 30
0.0
 11
35.0796472
 21
39.18273600000001
 31
0.0
  0
LINE
  5
852
  8
0
 10
35.0796472
 20
39.18273600000001
 30
0.0
 11
34.416332
 21
39.5899623
 31
0.0
  0
LINE
  5
853
  8
0
 10
34.416332
 20
39.5899623
 30
0.0
 11
34.11048775
 21
39.7632839
 31
0.0
  0
LINE
  5
854
  8
0
 10
34.11048775
 20
39.7632839
 30
0.0
 11
33.92698555
 21
39.8629298
 31
0.0
  0
LINE
  5
855
  8
0
 10
33.92698555
 20
39.8629298
 30
0.0
 11
33.66665715
 21
39.9960535
 31
0.0
  0
LINE
  5
856
  8
0
 10
33.66665715
 20
39.9960535
 30
0.0
 11
33.5106883
 21
40.05535325
 31
0.0
  0
LINE
  5
857
  8
0
 10
33.5106883
 20
40.05535325
 30
0.0
 11
33.4136292
 21
40.05810930000001
 31
0.0
  0
LINE
  5
858
  8
0
 10
33.4136292
 20
40.05810930000001
 30
0.0
 11
33.37298775
 21
40.0436835
 31
0.0
  0
LINE
  5
859
  8
0
 10
33.37298775
 20
40.0436835
 30
0.0
 11
33.32057515
 21
40.0146288
 31
0.0
  0
LINE
  5
85A
  8
0
 10
33.32057515
 20
40.0146288
 30
0.0
 11
33.2626478
 21
39.92071695000001
 31
0.0
  0
LINE
  5
85B
  8
0
 10
33.2626478
 20
39.92071695000001
 30
0.0
 11
33.26911015
 21
39.72185595000001
 31
0.0
  0
LINE
  5
85C
  8
0
 10
33.26911015
 20
39.72185595000001
 30
0.0
 11
33.3175547
 21
39.46253705
 31
0.0
  0
LINE
  5
85D
  8
0
 10
33.3175547
 20
39.46253705
 30
0.0
 11
33.3711349
 21
39.2211033
 31
0.0
  0
LINE
  5
85E
  8
0
 10
33.3711349
 20
39.2211033
 30
0.0
 11
33.4044147
 21
39.0766019
 31
0.0
  0
LINE
  5
85F
  8
0
 10
33.4044147
 20
39.0766019
 30
0.0
 11
33.63103755
 21
37.98636515
 31
0.0
  0
LINE
  5
860
  8
0
 10
33.63103755
 20
37.98636515
 30
0.0
 11
33.88547505
 21
36.3141123
 31
0.0
  0
LINE
  5
861
  8
0
 10
33.88547505
 20
36.3141123
 30
0.0
 11
33.992447
 21
35.2147003
 31
0.0
  0
LINE
  5
862
  8
0
 10
33.992447
 20
35.2147003
 30
0.0
 11
34.02568285
 21
34.67991255
 31
0.0
  0
LINE
  5
863
  8
0
 10
34.02568285
 20
34.67991255
 30
0.0
 11
34.0595042
 21
33.9993225
 31
0.0
  0
LINE
  5
864
  8
0
 10
34.0595042
 20
33.9993225
 30
0.0
 11
34.609208
 21
33.45491255
 31
0.0
  0
LINE
  5
865
  8
0
 10
34.609208
 20
33.45491255
 30
0.0
 11
35.0556758
 21
32.9921932
 31
0.0
  0
LINE
  5
866
  8
0
 10
35.0556758
 20
32.9921932
 30
0.0
 11
35.8972693
 21
32.00639125
 31
0.0
  0
LINE
  5
867
  8
0
 10
35.8972693
 20
32.00639125
 30
0.0
 11
36.2478362
 21
31.53550265
 31
0.0
  0
LINE
  5
868
  8
0
 10
36.2478362
 20
31.53550265
 30
0.0
 11
36.33662665
 21
31.41095905
 31
0.0
  0
LINE
  5
869
  8
0
 10
36.33662665
 20
31.41095905
 30
0.0
 11
36.4828689
 21
31.2195558
 31
0.0
  0
LINE
  5
86A
  8
0
 10
36.4828689
 20
31.2195558
 30
0.0
 11
36.5928051
 21
31.09905955
 31
0.0
  0
LINE
  5
86B
  8
0
 10
36.5928051
 20
31.09905955
 30
0.0
 11
36.67300975
 21
31.0422643
 31
0.0
  0
LINE
  5
86C
  8
0
 10
36.67300975
 20
31.0422643
 30
0.0
 11
36.7040173
 21
31.03550265
 31
0.0
  0
LINE
  5
86D
  8
0
 10
36.7040173
 20
31.03550265
 30
0.0
 11
36.75946715
 21
31.06120575
 31
0.0
  0
LINE
  5
86E
  8
0
 10
36.75946715
 20
31.06120575
 30
0.0
 11
36.8437683
 21
31.12300265
 31
0.0
  0
LINE
  5
86F
  8
0
 10
10.1621944
 20
31.9383702
 30
0.0
 11
10.69109515
 21
32.05580255
 31
0.0
  0
LINE
  5
870
  8
0
 10
10.69109515
 20
32.05580255
 30
0.0
 11
11.79056695
 21
32.26018495
 31
0.0
  0
LINE
  5
871
  8
0
 10
11.79056695
 20
32.26018495
 30
0.0
 11
12.9132087
 21
32.4193326
 31
0.0
  0
LINE
  5
872
  8
0
 10
12.9132087
 20
32.4193326
 30
0.0
 11
14.0201519
 21
32.52773535
 31
0.0
  0
LINE
  5
873
  8
0
 10
14.0201519
 20
32.52773535
 30
0.0
 11
14.5555901
 21
32.5611855
 31
0.0
  0
LINE
  5
874
  8
0
 10
14.5555901
 20
32.5611855
 30
0.0
 11
15.23618015
 21
32.59500685
 31
0.0
  0
LINE
  5
875
  8
0
 10
15.23618015
 20
32.59500685
 30
0.0
 11
15.7805901
 21
33.1452392
 31
0.0
  0
LINE
  5
876
  8
0
 10
15.7805901
 20
33.1452392
 30
0.0
 11
16.2550324
 21
33.60158295
 31
0.0
  0
LINE
  5
877
  8
0
 10
16.2550324
 20
33.60158295
 30
0.0
 11
17.03167335
 21
34.2747809
 31
0.0
  0
LINE
  5
878
  8
0
 10
17.03167335
 20
34.2747809
 30
0.0
 11
17.5353257
 21
34.66724050000001
 31
0.0
  0
LINE
  5
879
  8
0
 10
17.5353257
 20
34.66724050000001
 30
0.0
 11
17.76815255
 21
34.8340215
 31
0.0
  0
LINE
  5
87A
  8
0
 10
17.76815255
 20
34.8340215
 30
0.0
 11
17.91567485
 21
34.94055915000001
 31
0.0
  0
LINE
  5
87B
  8
0
 10
17.91567485
 20
34.94055915000001
 30
0.0
 11
18.1309111
 21
35.1201131
 31
0.0
  0
LINE
  5
87C
  8
0
 10
18.1309111
 20
35.1201131
 30
0.0
 11
18.172115
 21
35.1710143
 31
0.0
  0
LINE
  5
87D
  8
0
 10
18.172115
 20
35.1710143
 30
0.0
 11
18.1721463
 21
35.25909480000001
 31
0.0
  0
LINE
  5
87E
  8
0
 10
18.1721463
 20
35.25909480000001
 30
0.0
 11
18.0521632
 21
35.4506815
 31
0.0
  0
LINE
  5
87F
  8
0
 10
18.0521632
 20
35.4506815
 30
0.0
 11
17.96383205
 21
35.5035965
 31
0.0
  0
LINE
  5
880
  8
0
 10
17.96383205
 20
35.5035965
 30
0.0
 11
17.93425175
 21
35.5123601
 31
0.0
  0
LINE
  5
881
  8
0
 10
17.93425175
 20
35.5123601
 30
0.0
 11
17.81570705
 21
35.5482024
 31
0.0
  0
LINE
  5
882
  8
0
 10
17.81570705
 20
35.5482024
 30
0.0
 11
17.5302711
 21
35.63530615000001
 31
0.0
  0
LINE
  5
883
  8
0
 10
17.5302711
 20
35.63530615000001
 30
0.0
 11
17.3
 21
35.70592060000001
 31
0.0
  0
LINE
  5
884
  8
0
 10
17.3
 20
35.70592060000001
 30
0.0
 11
17.0160219
 21
35.789712
 31
0.0
  0
LINE
  5
885
  8
0
 10
17.0160219
 20
35.789712
 30
0.0
 11
16.36720705
 21
35.9631823
 31
0.0
  0
LINE
  5
886
  8
0
 10
16.36720705
 20
35.9631823
 30
0.0
 11
15.6679386
 21
36.130757
 31
0.0
  0
LINE
  5
887
  8
0
 10
15.6679386
 20
36.130757
 30
0.0
 11
14.98704605
 21
36.27594165
 31
0.0
  0
LINE
  5
888
  8
0
 10
14.98704605
 20
36.27594165
 30
0.0
 11
14.675
 21
36.3349832
 31
0.0
  0
LINE
  5
889
  8
0
 10
14.675
 20
36.3349832
 30
0.0
 11
14.0036987
 21
36.4402976
 31
0.0
  0
LINE
  5
88A
  8
0
 10
14.0036987
 20
36.4402976
 30
0.0
 11
12.9587893
 21
36.56710810000001
 31
0.0
  0
LINE
  5
88B
  8
0
 10
12.9587893
 20
36.56710810000001
 30
0.0
 11
12.5869938
 21
36.5972739
 31
0.0
  0
LINE
  5
88C
  8
0
 10
12.5869938
 20
36.5972739
 30
0.0
 11
12.4474979
 21
36.59905115
 31
0.0
  0
LINE
  5
88D
  8
0
 10
12.4474979
 20
36.59905115
 30
0.0
 11
12.4188623
 21
36.5934543
 31
0.0
  0
LINE
  5
88E
  8
0
 10
12.4188623
 20
36.5934543
 30
0.0
 11
12.39306585
 21
36.57395295
 31
0.0
  0
LINE
  5
88F
  8
0
 10
12.39306585
 20
36.57395295
 30
0.0
 11
12.3035431
 21
36.48862565
 31
0.0
  0
LINE
  5
890
  8
0
 10
12.3035431
 20
36.48862565
 30
0.0
 11
12.09402835
 21
36.26680390000001
 31
0.0
  0
LINE
  5
891
  8
0
 10
12.09402835
 20
36.26680390000001
 30
0.0
 11
11.533489
 21
35.63044105
 31
0.0
  0
LINE
  5
892
  8
0
 10
11.533489
 20
35.63044105
 30
0.0
 11
11.16818365
 21
35.1904427
 31
0.0
  0
LINE
  5
893
  8
0
 10
11.16818365
 20
35.1904427
 30
0.0
 11
10.9559215
 21
34.9177965
 31
0.0
  0
LINE
  5
894
  8
0
 10
10.9559215
 20
34.9177965
 30
0.0
 11
10.5041918
 21
34.29242195
 31
0.0
  0
LINE
  5
895
  8
0
 10
10.5041918
 20
34.29242195
 30
0.0
 11
10.05276665
 21
33.61514985
 31
0.0
  0
LINE
  5
896
  8
0
 10
10.05276665
 20
33.61514985
 30
0.0
 11
9.645540350000001
 21
32.95183465
 31
0.0
  0
LINE
  5
897
  8
0
 10
9.645540350000001
 20
32.95183465
 30
0.0
 11
9.472218750000001
 21
32.6459904
 31
0.0
  0
LINE
  5
898
  8
0
 10
9.472218750000001
 20
32.6459904
 30
0.0
 11
9.372572850000001
 21
32.4624882
 31
0.0
  0
LINE
  5
899
  8
0
 10
9.372572850000001
 20
32.4624882
 30
0.0
 11
9.23944915
 21
32.2021598
 31
0.0
  0
LINE
  5
89A
  8
0
 10
9.23944915
 20
32.2021598
 30
0.0
 11
9.180149400000001
 21
32.04619095
 31
0.0
  0
LINE
  5
89B
  8
0
 10
9.180149400000001
 20
32.04619095
 30
0.0
 11
9.177393350000001
 21
31.94913185
 31
0.0
  0
LINE
  5
89C
  8
0
 10
9.177393350000001
 20
31.94913185
 30
0.0
 11
9.19181915
 21
31.9084904
 31
0.0
  0
LINE
  5
89D
  8
0
 10
9.19181915
 20
31.9084904
 30
0.0
 11
9.221779
 21
31.85570175
 31
0.0
  0
LINE
  5
89E
  8
0
 10
9.221779
 20
31.85570175
 30
0.0
 11
9.3199758
 21
31.79734125
 31
0.0
  0
LINE
  5
89F
  8
0
 10
9.3199758
 20
31.79734125
 30
0.0
 11
9.52255775
 21
31.80357915
 31
0.0
  0
LINE
  5
8A0
  8
0
 10
9.52255775
 20
31.80357915
 30
0.0
 11
9.7815084
 21
31.85183615
 31
0.0
  0
LINE
  5
8A1
  8
0
 10
9.7815084
 20
31.85183615
 30
0.0
 11
10.02010575
 21
31.90522115
 31
0.0
  0
LINE
  5
8A2
  8
0
 10
10.02010575
 20
31.90522115
 30
0.0
 11
10.1621944
 21
31.9383702
 31
0.0
  0
LINE
  5
8A3
  8
0
 10
42.64169635
 20
32.2504974
 30
0.0
 11
42.6879775
 21
32.32210785
 31
0.0
  0
LINE
  5
8A4
  8
0
 10
42.6879775
 20
32.32210785
 30
0.0
 11
42.80893375
 21
32.58644055
 31
0.0
  0
LINE
  5
8A5
  8
0
 10
42.80893375
 20
32.58644055
 30
0.0
 11
42.9586132
 21
32.9830897
 31
0.0
  0
LINE
  5
8A6
  8
0
 10
42.9586132
 20
32.9830897
 30
0.0
 11
43.12605355
 21
33.47705595
 31
0.0
  0
LINE
  5
8A7
  8
0
 10
43.12605355
 20
33.47705595
 30
0.0
 11
43.38653525
 21
34.323914
 31
0.0
  0
LINE
  5
8A8
  8
0
 10
43.38653525
 20
34.323914
 30
0.0
 11
43.6253151
 21
35.19286475000001
 31
0.0
  0
LINE
  5
8A9
  8
0
 10
43.6253151
 20
35.19286475000001
 30
0.0
 11
43.7541744
 21
35.7261068
 31
0.0
  0
LINE
  5
8AA
  8
0
 10
43.7541744
 20
35.7261068
 30
0.0
 11
43.80539495
 21
35.9657856
 31
0.0
  0
LINE
  5
8AB
  8
0
 10
43.80539495
 20
35.9657856
 30
0.0
 11
43.86702635
 21
36.2710686
 31
0.0
  0
LINE
  5
8AC
  8
0
 10
43.86702635
 20
36.2710686
 30
0.0
 11
43.47540695000001
 21
36.8157856
 31
0.0
  0
LINE
  5
8AD
  8
0
 10
43.47540695000001
 20
36.8157856
 30
0.0
 11
42.9394567
 21
37.5322985
 31
0.0
  0
LINE
  5
8AE
  8
0
 10
42.9394567
 20
37.5322985
 30
0.0
 11
42.1006152
 21
38.53620335
 31
0.0
  0
LINE
  5
8AF
  8
0
 10
42.1006152
 20
38.53620335
 30
0.0
 11
41.4723106
 21
39.21182195
 31
0.0
  0
LINE
  5
8B0
  8
0
 10
41.4723106
 20
39.21182195
 30
0.0
 11
41.1256582
 21
39.5653166
 31
0.0
  0
LINE
  5
8B1
  8
0
 10
41.1256582
 20
39.5653166
 30
0.0
 11
40.71420105000001
 21
39.97271225
 31
0.0
  0
LINE
  5
8B2
  8
0
 10
40.71420105000001
 20
39.97271225
 30
0.0
 11
40.15600675
 21
40.50360000000001
 31
0.0
  0
LINE
  5
8B3
  8
0
 10
40.15600675
 20
40.50360000000001
 30
0.0
 11
39.82957755
 21
40.79860535
 31
0.0
  0
LINE
  5
8B4
  8
0
 10
39.82957755
 20
40.79860535
 30
0.0
 11
39.5448068
 21
41.04211530000001
 31
0.0
  0
LINE
  5
8B5
  8
0
 10
39.5448068
 20
41.04211530000001
 30
0.0
 11
39.30606435000001
 21
41.23039325
 31
0.0
  0
LINE
  5
8B6
  8
0
 10
39.30606435000001
 20
41.23039325
 30
0.0
 11
39.11772005
 21
41.35970235
 31
0.0
  0
LINE
  5
8B7
  8
0
 10
39.11772005
 20
41.35970235
 30
0.0
 11
38.98414375
 21
41.42630605
 31
0.0
  0
LINE
  5
8B8
  8
0
 10
38.98414375
 20
41.42630605
 30
0.0
 11
38.9392592
 21
41.43492560000001
 31
0.0
  0
LINE
  5
8B9
  8
0
 10
38.9392592
 20
41.43492560000001
 30
0.0
 11
38.8630381
 21
41.4287338
 31
0.0
  0
LINE
  5
8BA
  8
0
 10
38.8630381
 20
41.4287338
 30
0.0
 11
38.7644687
 21
41.35820505
 31
0.0
  0
LINE
  5
8BB
  8
0
 10
38.7644687
 20
41.35820505
 30
0.0
 11
38.7301818
 21
41.16835725000001
 31
0.0
  0
LINE
  5
8BC
  8
0
 10
38.7301818
 20
41.16835725000001
 30
0.0
 11
38.75112005
 21
40.80903955
 31
0.0
  0
LINE
  5
8BD
  8
0
 10
38.75112005
 20
40.80903955
 30
0.0
 11
38.77946825000001
 21
40.55015735000001
 31
0.0
  0
LINE
  5
8BE
  8
0
 10
38.77946825000001
 20
40.55015735000001
 30
0.0
 11
38.79714725
 21
40.37663425
 31
0.0
  0
LINE
  5
8BF
  8
0
 10
38.79714725
 20
40.37663425
 30
0.0
 11
38.82915525000001
 21
39.9325079
 31
0.0
  0
LINE
  5
8C0
  8
0
 10
38.82915525000001
 20
39.9325079
 30
0.0
 11
38.86524845
 21
39.09742175
 31
0.0
  0
LINE
  5
8C1
  8
0
 10
38.86524845
 20
39.09742175
 30
0.0
 11
38.8786083
 21
38.48550265
 31
0.0
  0
LINE
  5
8C2
  8
0
 10
38.8786083
 20
38.48550265
 30
0.0
 11
38.8823464
 21
38.20871365
 31
0.0
  0
LINE
  5
8C3
  8
0
 10
38.8823464
 20
38.20871365
 30
0.0
 11
38.8891621
 21
37.71323305000001
 31
0.0
  0
LINE
  5
8C4
  8
0
 10
38.8891621
 20
37.71323305000001
 30
0.0
 11
38.89455215
 21
37.33359105
 31
0.0
  0
LINE
  5
8C5
  8
0
 10
38.89455215
 20
37.33359105
 30
0.0
 11
38.89786280000001
 21
37.115838
 31
0.0
  0
LINE
  5
8C6
  8
0
 10
38.89786280000001
 20
37.115838
 30
0.0
 11
38.89853405
 21
37.08206065
 31
0.0
  0
LINE
  5
8C7
  8
0
 10
38.89853405
 20
37.08206065
 30
0.0
 11
38.90662345
 21
37.0677432
 31
0.0
  0
LINE
  5
8C8
  8
0
 10
38.90662345
 20
37.0677432
 30
0.0
 11
38.96480700000001
 21
36.9939376
 31
0.0
  0
LINE
  5
8C9
  8
0
 10
38.96480700000001
 20
36.9939376
 30
0.0
 11
39.13350755
 21
36.797988
 31
0.0
  0
LINE
  5
8CA
  8
0
 10
39.13350755
 20
36.797988
 30
0.0
 11
39.2819128
 21
36.63206065
 31
0.0
  0
LINE
  5
8CB
  8
0
 10
39.2819128
 20
36.63206065
 30
0.0
 11
39.67076460000001
 21
36.1902854
 31
0.0
  0
LINE
  5
8CC
  8
0
 10
39.67076460000001
 20
36.1902854
 30
0.0
 11
40.4013085
 21
35.28333420000001
 31
0.0
  0
LINE
  5
8CD
  8
0
 10
40.4013085
 20
35.28333420000001
 30
0.0
 11
41.0697739
 21
34.3440563
 31
0.0
  0
LINE
  5
8CE
  8
0
 10
41.0697739
 20
34.3440563
 30
0.0
 11
41.67712235
 21
33.37110065
 31
0.0
  0
LINE
  5
8CF
  8
0
 10
41.67712235
 20
33.37110065
 30
0.0
 11
41.95817815
 21
32.87157145
 31
0.0
  0
LINE
  5
8D0
  8
0
 10
41.95817815
 20
32.87157145
 30
0.0
 11
42.08036440000001
 21
32.64878735
 31
0.0
  0
LINE
  5
8D1
  8
0
 10
42.08036440000001
 20
32.64878735
 30
0.0
 11
42.2325358
 21
32.379044
 31
0.0
  0
LINE
  5
8D2
  8
0
 10
42.2325358
 20
32.379044
 30
0.0
 11
42.29628995
 21
32.27200910000001
 31
0.0
  0
LINE
  5
8D3
  8
0
 10
42.29628995
 20
32.27200910000001
 30
0.0
 11
42.31249915000001
 21
32.24800265
 31
0.0
  0
LINE
  5
8D4
  8
0
 10
42.31249915000001
 20
32.24800265
 30
0.0
 11
42.3817097
 21
32.2023106
 31
0.0
  0
LINE
  5
8D5
  8
0
 10
42.3817097
 20
32.2023106
 30
0.0
 11
42.57045110000001
 21
32.20374095
 31
0.0
  0
LINE
  5
8D6
  8
0
 10
42.57045110000001
 20
32.20374095
 30
0.0
 11
42.64169635
 21
32.2504974
 31
0.0
  0
LINE
  5
8D7
  8
0
 10
33.17142855
 20
34.9140741
 30
0.0
 11
33.20324285
 21
34.95157185
 31
0.0
  0
LINE
  5
8D8
  8
0
 10
33.20324285
 20
34.95157185
 30
0.0
 11
33.23988790000001
 21
35.06122065
 31
0.0
  0
LINE
  5
8D9
  8
0
 10
33.23988790000001
 20
35.06122065
 30
0.0
 11
33.24081815
 21
35.2785275
 31
0.0
  0
LINE
  5
8DA
  8
0
 10
33.24081815
 20
35.2785275
 30
0.0
 11
33.21826785
 21
35.55652
 31
0.0
  0
LINE
  5
8DB
  8
0
 10
33.21826785
 20
35.55652
 30
0.0
 11
33.1922378
 21
35.81389995
 31
0.0
  0
LINE
  5
8DC
  8
0
 10
33.1922378
 20
35.81389995
 30
0.0
 11
33.17593865
 21
35.9676622
 31
0.0
  0
LINE
  5
8DD
  8
0
 10
33.17593865
 20
35.9676622
 30
0.0
 11
33.0981845
 21
36.61179430000001
 31
0.0
  0
LINE
  5
8DE
  8
0
 10
33.0981845
 20
36.61179430000001
 30
0.0
 11
32.89342405
 21
37.88969135
 31
0.0
  0
LINE
  5
8DF
  8
0
 10
32.89342405
 20
37.88969135
 30
0.0
 11
32.7724991
 21
38.48550265
 31
0.0
  0
LINE
  5
8E0
  8
0
 10
32.7724991
 20
38.48550265
 30
0.0
 11
32.7108606
 21
38.7513873
 31
0.0
  0
LINE
  5
8E1
  8
0
 10
32.7108606
 20
38.7513873
 30
0.0
 11
32.5474125
 21
39.3940204
 31
0.0
  0
LINE
  5
8E2
  8
0
 10
32.5474125
 20
39.3940204
 30
0.0
 11
32.37157695000001
 21
40.0344971
 31
0.0
  0
LINE
  5
8E3
  8
0
 10
32.37157695000001
 20
40.0344971
 30
0.0
 11
32.2612934
 21
40.40517645
 31
0.0
  0
LINE
  5
8E4
  8
0
 10
32.2612934
 20
40.40517645
 30
0.0
 11
32.2096336
 21
40.5578879
 31
0.0
  0
LINE
  5
8E5
  8
0
 10
32.2096336
 20
40.5578879
 30
0.0
 11
32.1926785
 21
40.59748515
 31
0.0
  0
LINE
  5
8E6
  8
0
 10
32.1926785
 20
40.59748515
 30
0.0
 11
32.1624433
 21
40.64244945
 31
0.0
  0
LINE
  5
8E7
  8
0
 10
32.1624433
 20
40.64244945
 30
0.0
 11
32.04779245
 21
40.72969345000001
 31
0.0
  0
LINE
  5
8E8
  8
0
 10
32.04779245
 20
40.72969345000001
 30
0.0
 11
31.8151706
 21
40.83382975000001
 31
0.0
  0
LINE
  5
8E9
  8
0
 10
31.8151706
 20
40.83382975000001
 30
0.0
 11
31.4097013
 21
40.9794246
 31
0.0
  0
LINE
  5
8EA
  8
0
 10
31.4097013
 20
40.9794246
 30
0.0
 11
31.125
 21
41.07544590000001
 31
0.0
  0
LINE
  5
8EB
  8
0
 10
31.125
 20
41.07544590000001
 30
0.0
 11
30.20151645
 21
41.3585112
 31
0.0
  0
LINE
  5
8EC
  8
0
 10
30.20151645
 20
41.3585112
 30
0.0
 11
28.34638295
 21
41.77058890000001
 31
0.0
  0
LINE
  5
8ED
  8
0
 10
28.34638295
 20
41.77058890000001
 30
0.0
 11
27.38115905
 21
41.9070591
 31
0.0
  0
LINE
  5
8EE
  8
0
 10
27.38115905
 20
41.9070591
 30
0.0
 11
27.15183895
 21
41.9321446
 31
0.0
  0
LINE
  5
8EF
  8
0
 10
27.15183895
 20
41.9321446
 30
0.0
 11
26.8273146
 21
41.95198285000001
 31
0.0
  0
LINE
  5
8F0
  8
0
 10
26.8273146
 20
41.95198285000001
 30
0.0
 11
26.64258465
 21
41.92585825
 31
0.0
  0
LINE
  5
8F1
  8
0
 10
26.64258465
 20
41.92585825
 30
0.0
 11
26.55081695
 21
41.8471478
 31
0.0
  0
LINE
  5
8F2
  8
0
 10
26.55081695
 20
41.8471478
 30
0.0
 11
26.52515885
 21
41.78600315
 31
0.0
  0
LINE
  5
8F3
  8
0
 10
26.52515885
 20
41.78600315
 30
0.0
 11
26.5082629
 21
41.7124543
 31
0.0
  0
LINE
  5
8F4
  8
0
 10
26.5082629
 20
41.7124543
 30
0.0
 11
26.59670265
 21
41.5318878
 31
0.0
  0
LINE
  5
8F5
  8
0
 10
26.59670265
 20
41.5318878
 30
0.0
 11
26.7342092
 21
41.33634000000001
 31
0.0
  0
LINE
  5
8F6
  8
0
 10
26.7342092
 20
41.33634000000001
 30
0.0
 11
26.8736196
 21
41.1439051
 31
0.0
  0
LINE
  5
8F7
  8
0
 10
26.8736196
 20
41.1439051
 30
0.0
 11
26.9598047
 21
41.02528960000001
 31
0.0
  0
LINE
  5
8F8
  8
0
 10
26.9598047
 20
41.02528960000001
 30
0.0
 11
27.5387415
 21
40.1875421
 31
0.0
  0
LINE
  5
8F9
  8
0
 10
27.5387415
 20
40.1875421
 30
0.0
 11
28.3736957
 21
38.81934975
 31
0.0
  0
LINE
  5
8FA
  8
0
 10
28.3736957
 20
38.81934975
 30
0.0
 11
28.92333945
 21
37.80714105000001
 31
0.0
  0
LINE
  5
8FB
  8
0
 10
28.92333945
 20
37.80714105000001
 30
0.0
 11
29.2
 21
37.26440400000001
 31
0.0
  0
LINE
  5
8FC
  8
0
 10
29.2
 20
37.26440400000001
 30
0.0
 11
29.575
 21
36.5141473
 31
0.0
  0
LINE
  5
8FD
  8
0
 10
29.575
 20
36.5141473
 30
0.0
 11
30.1250245
 21
36.3096473
 31
0.0
  0
LINE
  5
8FE
  8
0
 10
30.1250245
 20
36.3096473
 30
0.0
 11
30.40184345
 21
36.2011249
 31
0.0
  0
LINE
  5
8FF
  8
0
 10
30.40184345
 20
36.2011249
 30
0.0
 11
30.9995562
 21
35.93672845
 31
0.0
  0
LINE
  5
900
  8
0
 10
30.9995562
 20
35.93672845
 30
0.0
 11
31.60989555
 21
35.63221665
 31
0.0
  0
LINE
  5
901
  8
0
 10
31.60989555
 20
35.63221665
 30
0.0
 11
32.17749345
 21
35.3152139
 31
0.0
  0
LINE
  5
902
  8
0
 10
32.17749345
 20
35.3152139
 30
0.0
 11
32.42796190000001
 21
35.16066095
 31
0.0
  0
LINE
  5
903
  8
0
 10
32.42796190000001
 20
35.16066095
 30
0.0
 11
32.60699975
 21
35.04726615000001
 31
0.0
  0
LINE
  5
904
  8
0
 10
32.60699975
 20
35.04726615000001
 30
0.0
 11
32.8635074
 21
34.90046065000001
 31
0.0
  0
LINE
  5
905
  8
0
 10
32.8635074
 20
34.90046065000001
 30
0.0
 11
33.0216099
 21
34.84802255
 31
0.0
  0
LINE
  5
906
  8
0
 10
33.0216099
 20
34.84802255
 30
0.0
 11
33.1257299
 21
34.875218
 31
0.0
  0
LINE
  5
907
  8
0
 10
33.1257299
 20
34.875218
 30
0.0
 11
33.17142855
 21
34.9140741
 31
0.0
  0
LINE
  5
908
  8
0
 10
19.75
 20
35.96615155
 30
0.0
 11
20.0528727
 21
36.1017894
 31
0.0
  0
LINE
  5
909
  8
0
 10
20.0528727
 20
36.1017894
 30
0.0
 11
20.7362653
 21
36.36935855
 31
0.0
  0
LINE
  5
90A
  8
0
 10
20.7362653
 20
36.36935855
 30
0.0
 11
21.85595015
 21
36.72823145
 31
0.0
  0
LINE
  5
90B
  8
0
 10
21.85595015
 20
36.72823145
 30
0.0
 11
22.5880647
 21
36.9133261
 31
0.0
  0
LINE
  5
90C
  8
0
 10
22.5880647
 20
36.9133261
 30
0.0
 11
22.7089297
 21
36.94170985
 31
0.0
  0
LINE
  5
90D
  8
0
 10
22.7089297
 20
36.94170985
 30
0.0
 11
22.90160675
 21
36.9995007
 31
0.0
  0
LINE
  5
90E
  8
0
 10
22.90160675
 20
36.9995007
 30
0.0
 11
23.02859415
 21
37.0636581
 31
0.0
  0
LINE
  5
90F
  8
0
 10
23.02859415
 20
37.0636581
 30
0.0
 11
23.089549
 21
37.14018485
 31
0.0
  0
LINE
  5
910
  8
0
 10
23.089549
 20
37.14018485
 30
0.0
 11
23.08412845
 21
37.2350836
 31
0.0
  0
LINE
  5
911
  8
0
 10
23.08412845
 20
37.2350836
 30
0.0
 11
23.0119896
 21
37.35435695
 31
0.0
  0
LINE
  5
912
  8
0
 10
23.0119896
 20
37.35435695
 30
0.0
 11
22.87278965
 21
37.50400765
 31
0.0
  0
LINE
  5
913
  8
0
 10
22.87278965
 20
37.50400765
 30
0.0
 11
22.66618565
 21
37.69003835
 31
0.0
  0
LINE
  5
914
  8
0
 10
22.66618565
 20
37.69003835
 30
0.0
 11
22.5375
 21
37.79857205
 31
0.0
  0
LINE
  5
915
  8
0
 10
22.5375
 20
37.79857205
 30
0.0
 11
21.68876835
 21
38.46947585
 31
0.0
  0
LINE
  5
916
  8
0
 10
21.68876835
 20
38.46947585
 30
0.0
 11
19.88112635
 21
39.69924685
 31
0.0
  0
LINE
  5
917
  8
0
 10
19.88112635
 20
39.69924685
 30
0.0
 11
18.9495257
 21
40.2395348
 31
0.0
  0
LINE
  5
918
  8
0
 10
18.9495257
 20
40.2395348
 30
0.0
 11
18.29683925
 21
40.59645735
 31
0.0
  0
LINE
  5
919
  8
0
 10
18.29683925
 20
40.59645735
 30
0.0
 11
18.0359196
 21
40.48529325000001
 31
0.0
  0
LINE
  5
91A
  8
0
 10
18.0359196
 20
40.48529325000001
 30
0.0
 11
17.55187345
 21
40.26585485
 31
0.0
  0
LINE
  5
91B
  8
0
 10
17.55187345
 20
40.26585485
 30
0.0
 11
16.5248
 21
39.72705225000001
 31
0.0
  0
LINE
  5
91C
  8
0
 10
16.5248
 20
39.72705225000001
 30
0.0
 11
15.4737928
 21
39.08826585
 31
0.0
  0
LINE
  5
91D
  8
0
 10
15.4737928
 20
39.08826585
 30
0.0
 11
14.46450125
 21
38.38939635
 31
0.0
  0
LINE
  5
91E
  8
0
 10
14.46450125
 20
38.38939635
 30
0.0
 11
13.9960143
 21
38.02989945
 31
0.0
  0
LINE
  5
91F
  8
0
 10
13.9960143
 20
38.02989945
 30
0.0
 11
13.86484915
 21
37.92403295
 31
0.0
  0
LINE
  5
920
  8
0
 10
13.86484915
 20
37.92403295
 30
0.0
 11
13.67093135
 21
37.75723625
 31
0.0
  0
LINE
  5
921
  8
0
 10
13.67093135
 20
37.75723625
 30
0.0
 11
13.5560575
 21
37.63768605000001
 31
0.0
  0
LINE
  5
922
  8
0
 10
13.5560575
 20
37.63768605000001
 30
0.0
 11
13.50561995
 21
37.55018025
 31
0.0
  0
LINE
  5
923
  8
0
 10
13.50561995
 20
37.55018025
 30
0.0
 11
13.5
 21
37.51369335
 31
0.0
  0
LINE
  5
924
  8
0
 10
13.5
 20
37.51369335
 30
0.0
 11
13.5059646
 21
37.44487195
 31
0.0
  0
LINE
  5
925
  8
0
 10
13.5059646
 20
37.44487195
 30
0.0
 11
13.56770765
 21
37.3400687
 31
0.0
  0
LINE
  5
926
  8
0
 10
13.56770765
 20
37.3400687
 30
0.0
 11
13.7270383
 21
37.2642117
 31
0.0
  0
LINE
  5
927
  8
0
 10
13.7270383
 20
37.2642117
 30
0.0
 11
14.0213596
 21
37.19949355
 31
0.0
  0
LINE
  5
928
  8
0
 10
14.0213596
 20
37.19949355
 30
0.0
 11
14.23083015
 21
37.1657467
 31
0.0
  0
LINE
  5
929
  8
0
 10
14.23083015
 20
37.1657467
 30
0.0
 11
14.76372525
 21
37.0762337
 31
0.0
  0
LINE
  5
92A
  8
0
 10
14.76372525
 20
37.0762337
 30
0.0
 11
15.9085232
 21
36.83756285
 31
0.0
  0
LINE
  5
92B
  8
0
 10
15.9085232
 20
36.83756285
 30
0.0
 11
17.07560815
 21
36.5405058
 31
0.0
  0
LINE
  5
92C
  8
0
 10
17.07560815
 20
36.5405058
 30
0.0
 11
18.16531215
 21
36.2104309
 31
0.0
  0
LINE
  5
92D
  8
0
 10
18.16531215
 20
36.2104309
 30
0.0
 11
18.65
 21
36.04093940000001
 31
0.0
  0
LINE
  5
92E
  8
0
 10
18.65
 20
36.04093940000001
 30
0.0
 11
18.8656836
 21
35.96520035
 31
0.0
  0
LINE
  5
92F
  8
0
 10
18.8656836
 20
35.96520035
 30
0.0
 11
19.15130615
 21
35.8778777
 31
0.0
  0
LINE
  5
930
  8
0
 10
19.15130615
 20
35.8778777
 30
0.0
 11
19.28415285
 21
35.84671995
 31
0.0
  0
LINE
  5
931
  8
0
 10
19.28415285
 20
35.84671995
 30
0.0
 11
19.325
 21
35.84170975
 31
0.0
  0
LINE
  5
932
  8
0
 10
19.325
 20
35.84170975
 30
0.0
 11
19.4049414
 21
35.8499109
 31
0.0
  0
LINE
  5
933
  8
0
 10
19.4049414
 20
35.8499109
 30
0.0
 11
19.6313867
 21
35.91621505
 31
0.0
  0
LINE
  5
934
  8
0
 10
19.6313867
 20
35.91621505
 30
0.0
 11
19.75
 21
35.96615155
 31
0.0
  0
LINE
  5
935
  8
0
 10
28.357249
 20
37.05644520000001
 30
0.0
 11
28.37100315
 21
37.09688515000001
 31
0.0
  0
LINE
  5
936
  8
0
 10
28.37100315
 20
37.09688515000001
 30
0.0
 11
28.36534020000001
 21
37.1993823
 31
0.0
  0
LINE
  5
937
  8
0
 10
28.36534020000001
 20
37.1993823
 30
0.0
 11
28.30030105
 21
37.3705738
 31
0.0
  0
LINE
  5
938
  8
0
 10
28.30030105
 20
37.3705738
 30
0.0
 11
28.1577081
 21
37.6583053
 31
0.0
  0
LINE
  5
939
  8
0
 10
28.1577081
 20
37.6583053
 30
0.0
 11
28.0516485
 21
37.8608253
 31
0.0
  0
LINE
  5
93A
  8
0
 10
28.0516485
 20
37.8608253
 30
0.0
 11
27.6946663
 21
38.505922
 31
0.0
  0
LINE
  5
93B
  8
0
 10
27.6946663
 20
38.505922
 30
0.0
 11
27.08353605
 21
39.51253320000001
 31
0.0
  0
LINE
  5
93C
  8
0
 10
27.08353605
 20
39.51253320000001
 30
0.0
 11
26.6696041
 21
40.13843420000001
 31
0.0
  0
LINE
  5
93D
  8
0
 10
26.6696041
 20
40.13843420000001
 30
0.0
 11
26.47197985
 21
40.41953695000001
 31
0.0
  0
LINE
  5
93E
  8
0
 10
26.47197985
 20
40.41953695000001
 30
0.0
 11
26.11289555
 21
40.9038729
 31
0.0
  0
LINE
  5
93F
  8
0
 10
26.11289555
 20
40.9038729
 30
0.0
 11
25.5501585
 21
41.62695945
 31
0.0
  0
LINE
  5
940
  8
0
 10
25.5501585
 20
41.62695945
 30
0.0
 11
25.34083845
 21
41.88145005000001
 31
0.0
  0
LINE
  5
941
  8
0
 10
25.34083845
 20
41.88145005000001
 30
0.0
 11
25.25395585
 21
41.9783939
 31
0.0
  0
LINE
  5
942
  8
0
 10
25.25395585
 20
41.9783939
 30
0.0
 11
25.23056495
 21
41.99963990000001
 31
0.0
  0
LINE
  5
943
  8
0
 10
25.23056495
 20
41.99963990000001
 30
0.0
 11
25.1952226
 21
42.01137725
 31
0.0
  0
LINE
  5
944
  8
0
 10
25.1952226
 20
42.01137725
 30
0.0
 11
25.03808155
 21
42.02283295
 31
0.0
  0
LINE
  5
945
  8
0
 10
25.03808155
 20
42.02283295
 30
0.0
 11
24.7828856
 21
42.0195171
 31
0.0
  0
LINE
  5
946
  8
0
 10
24.7828856
 20
42.0195171
 30
0.0
 11
24.45029875
 21
42.0029343
 31
0.0
  0
LINE
  5
947
  8
0
 10
24.45029875
 20
42.0029343
 30
0.0
 11
23.41585415
 21
41.91330755000001
 31
0.0
  0
LINE
  5
948
  8
0
 10
23.41585415
 20
41.91330755000001
 30
0.0
 11
22.55
 21
41.80447235
 31
0.0
  0
LINE
  5
949
  8
0
 10
22.55
 20
41.80447235
 30
0.0
 11
22.1712386
 21
41.7413547
 31
0.0
  0
LINE
  5
94A
  8
0
 10
22.1712386
 20
41.7413547
 30
0.0
 11
21.30684625
 21
41.56279005
 31
0.0
  0
LINE
  5
94B
  8
0
 10
21.30684625
 20
41.56279005
 30
0.0
 11
20.4699669
 21
41.35638295
 31
0.0
  0
LINE
  5
94C
  8
0
 10
20.4699669
 20
41.35638295
 30
0.0
 11
19.98308575
 21
41.2135743
 31
0.0
  0
LINE
  5
94D
  8
0
 10
19.98308575
 20
41.2135743
 30
0.0
 11
19.77334975
 21
41.13587405000001
 31
0.0
  0
LINE
  5
94E
  8
0
 10
19.77334975
 20
41.13587405000001
 30
0.0
 11
19.7125
 21
41.1046342
 31
0.0
  0
LINE
  5
94F
  8
0
 10
19.7125
 20
41.1046342
 30
0.0
 11
19.63450405
 21
41.02413075
 31
0.0
  0
LINE
  5
950
  8
0
 10
19.63450405
 20
41.02413075
 30
0.0
 11
19.6208765
 21
40.81694455
 31
0.0
  0
LINE
  5
951
  8
0
 10
19.6208765
 20
40.81694455
 30
0.0
 11
19.6875
 21
40.7245462
 31
0.0
  0
LINE
  5
952
  8
0
 10
19.6875
 20
40.7245462
 30
0.0
 11
19.7163025
 21
40.70222925
 31
0.0
  0
LINE
  5
953
  8
0
 10
19.7163025
 20
40.70222925
 30
0.0
 11
19.8305969
 21
40.6234428
 31
0.0
  0
LINE
  5
954
  8
0
 10
19.8305969
 20
40.6234428
 30
0.0
 11
20.104541
 21
40.44556170000001
 31
0.0
  0
LINE
  5
955
  8
0
 10
20.104541
 20
40.44556170000001
 30
0.0
 11
20.325
 21
40.30714655
 31
0.0
  0
LINE
  5
956
  8
0
 10
20.325
 20
40.30714655
 30
0.0
 11
21.22790005
 21
39.7173847
 31
0.0
  0
LINE
  5
957
  8
0
 10
21.22790005
 20
39.7173847
 30
0.0
 11
22.98725275
 21
38.3959049
 31
0.0
  0
LINE
  5
958
  8
0
 10
22.98725275
 20
38.3959049
 30
0.0
 11
23.7950257
 21
37.70075110000001
 31
0.0
  0
LINE
  5
959
  8
0
 10
23.7950257
 20
37.70075110000001
 30
0.0
 11
24.36505145
 21
37.18550265
 31
0.0
  0
LINE
  5
95A
  8
0
 10
24.36505145
 20
37.18550265
 30
0.0
 11
25.32151865
 21
37.18550265
 31
0.0
  0
LINE
  5
95B
  8
0
 10
25.32151865
 20
37.18550265
 30
0.0
 11
25.97640095
 21
37.1721978
 31
0.0
  0
LINE
  5
95C
  8
0
 10
25.97640095
 20
37.1721978
 30
0.0
 11
26.9100438
 21
37.1059754
 31
0.0
  0
LINE
  5
95D
  8
0
 10
26.9100438
 20
37.1059754
 30
0.0
 11
27.45856795
 21
37.03436985
 31
0.0
  0
LINE
  5
95E
  8
0
 10
27.45856795
 20
37.03436985
 30
0.0
 11
27.7
 21
36.99120060000001
 31
0.0
  0
LINE
  5
95F
  8
0
 10
27.7
 20
36.99120060000001
 30
0.0
 11
27.84895195
 21
36.9640066
 31
0.0
  0
LINE
  5
960
  8
0
 10
27.84895195
 20
36.9640066
 30
0.0
 11
28.08045355
 21
36.93901
 31
0.0
  0
LINE
  5
961
  8
0
 10
28.08045355
 20
36.93901
 30
0.0
 11
28.2356171
 21
36.95441295
 31
0.0
  0
LINE
  5
962
  8
0
 10
28.2356171
 20
36.95441295
 30
0.0
 11
28.3290805
 21
37.01166855
 31
0.0
  0
LINE
  5
963
  8
0
 10
28.3290805
 20
37.01166855
 30
0.0
 11
28.357249
 21
37.05644520000001
 31
0.0
  0
LINE
  5
964
  8
0
 10
8.700000000000001
 20
37.31572075
 30
0.0
 11
8.87164635
 21
37.3332145
 31
0.0
  0
LINE
  5
965
  8
0
 10
8.87164635
 20
37.3332145
 30
0.0
 11
9.311361250000001
 21
37.36450335
 31
0.0
  0
LINE
  5
966
  8
0
 10
9.311361250000001
 20
37.36450335
 30
0.0
 11
10.14574935
 21
37.3991176
 31
0.0
  0
LINE
  5
967
  8
0
 10
10.14574935
 20
37.3991176
 30
0.0
 11
10.76703205
 21
37.41159155
 31
0.0
  0
LINE
  5
968
  8
0
 10
10.76703205
 20
37.41159155
 30
0.0
 11
10.99038715
 21
37.41437335
 31
0.0
  0
LINE
  5
969
  8
0
 10
10.99038715
 20
37.41437335
 30
0.0
 11
11.3648407
 21
37.42005165
 31
0.0
  0
LINE
  5
96A
  8
0
 10
11.3648407
 20
37.42005165
 30
0.0
 11
11.65342105
 21
37.4266351
 31
0.0
  0
LINE
  5
96B
  8
0
 10
11.65342105
 20
37.4266351
 30
0.0
 11
11.868691
 21
37.43502615
 31
0.0
  0
LINE
  5
96C
  8
0
 10
11.868691
 20
37.43502615
 30
0.0
 11
12.08162005
 21
37.45297635
 31
0.0
  0
LINE
  5
96D
  8
0
 10
12.08162005
 20
37.45297635
 30
0.0
 11
12.22619195
 21
37.4916604
 31
0.0
  0
LINE
  5
96E
  8
0
 10
12.22619195
 20
37.4916604
 30
0.0
 11
12.26702985
 21
37.51935475000001
 31
0.0
  0
LINE
  5
96F
  8
0
 10
12.26702985
 20
37.51935475000001
 30
0.0
 11
12.33314075
 21
37.57685795
 31
0.0
  0
LINE
  5
970
  8
0
 10
12.33314075
 20
37.57685795
 30
0.0
 11
12.5540074
 21
37.77473485
 31
0.0
  0
LINE
  5
971
  8
0
 10
12.5540074
 20
37.77473485
 30
0.0
 11
12.68155965
 21
37.89073655000001
 31
0.0
  0
LINE
  5
972
  8
0
 10
12.68155965
 20
37.89073655000001
 30
0.0
 11
13.0951332
 21
38.2563116
 31
0.0
  0
LINE
  5
973
  8
0
 10
13.0951332
 20
38.2563116
 30
0.0
 11
13.97233585
 21
38.95565060000001
 31
0.0
  0
LINE
  5
974
  8
0
 10
13.97233585
 20
38.95565060000001
 30
0.0
 11
14.943803
 21
39.63172965
 31
0.0
  0
LINE
  5
975
  8
0
 10
14.943803
 20
39.63172965
 30
0.0
 11
16.0425634
 21
40.3075345
 31
0.0
  0
LINE
  5
976
  8
0
 10
16.0425634
 20
40.3075345
 30
0.0
 11
16.65
 21
40.65251720000001
 31
0.0
  0
LINE
  5
977
  8
0
 10
16.65
 20
40.65251720000001
 30
0.0
 11
16.75227095
 21
40.7104738
 31
0.0
  0
LINE
  5
978
  8
0
 10
16.75227095
 20
40.7104738
 30
0.0
 11
16.9018813
 21
40.80501155
 31
0.0
  0
LINE
  5
979
  8
0
 10
16.9018813
 20
40.80501155
 30
0.0
 11
17.01614625
 21
40.91688135
 31
0.0
  0
LINE
  5
97A
  8
0
 10
17.01614625
 20
40.91688135
 30
0.0
 11
17.0400279
 21
40.98978245000001
 31
0.0
  0
LINE
  5
97B
  8
0
 10
17.0400279
 20
40.98978245000001
 30
0.0
 11
17.0431533
 21
41.04802495000001
 31
0.0
  0
LINE
  5
97C
  8
0
 10
17.0431533
 20
41.04802495000001
 30
0.0
 11
17.0084912
 21
41.14180515
 31
0.0
  0
LINE
  5
97D
  8
0
 10
17.0084912
 20
41.14180515
 30
0.0
 11
16.8856112
 21
41.22927885
 31
0.0
  0
LINE
  5
97E
  8
0
 10
16.8856112
 20
41.22927885
 30
0.0
 11
16.6341122
 21
41.339206
 31
0.0
  0
LINE
  5
97F
  8
0
 10
16.6341122
 20
41.339206
 30
0.0
 11
16.44750525
 21
41.4115771
 31
0.0
  0
LINE
  5
980
  8
0
 10
16.44750525
 20
41.4115771
 30
0.0
 11
15.65752185
 21
41.69219395
 31
0.0
  0
LINE
  5
981
  8
0
 10
15.65752185
 20
41.69219395
 30
0.0
 11
14.4028442
 21
42.07027955
 31
0.0
  0
LINE
  5
982
  8
0
 10
14.4028442
 20
42.07027955
 30
0.0
 11
13.61785385
 21
42.2652523
 31
0.0
  0
LINE
  5
983
  8
0
 10
13.61785385
 20
42.2652523
 30
0.0
 11
13.26597905
 21
42.3382785
 31
0.0
  0
LINE
  5
984
  8
0
 10
13.26597905
 20
42.3382785
 30
0.0
 11
12.9569581
 21
42.39714425
 31
0.0
  0
LINE
  5
985
  8
0
 10
12.9569581
 20
42.39714425
 30
0.0
 11
12.41597905
 21
42.0082172
 31
0.0
  0
LINE
  5
986
  8
0
 10
12.41597905
 20
42.0082172
 30
0.0
 11
11.8801086
 21
41.60662605
 31
0.0
  0
LINE
  5
987
  8
0
 10
11.8801086
 20
41.60662605
 30
0.0
 11
10.76158995
 21
40.6793041
 31
0.0
  0
LINE
  5
988
  8
0
 10
10.76158995
 20
40.6793041
 30
0.0
 11
9.661535200000001
 21
39.66127
 31
0.0
  0
LINE
  5
989
  8
0
 10
9.661535200000001
 20
39.66127
 30
0.0
 11
8.676945600000002
 21
38.64229245000001
 31
0.0
  0
LINE
  5
98A
  8
0
 10
8.676945600000002
 20
38.64229245000001
 30
0.0
 11
8.2582631
 21
38.16050265000001
 31
0.0
  0
LINE
  5
98B
  8
0
 10
8.2582631
 20
38.16050265000001
 30
0.0
 11
8.098543300000001
 21
37.96364845
 31
0.0
  0
LINE
  5
98C
  8
0
 10
8.098543300000001
 20
37.96364845
 30
0.0
 11
7.883618300000001
 21
37.6625862
 31
0.0
  0
LINE
  5
98D
  8
0
 10
7.883618300000001
 20
37.6625862
 30
0.0
 11
7.798264000000001
 21
37.46207235
 31
0.0
  0
LINE
  5
98E
  8
0
 10
7.798264000000001
 20
37.46207235
 30
0.0
 11
7.830742100000001
 21
37.334531
 31
0.0
  0
LINE
  5
98F
  8
0
 10
7.830742100000001
 20
37.334531
 30
0.0
 11
7.8875
 21
37.2895076
 31
0.0
  0
LINE
  5
990
  8
0
 10
7.8875
 20
37.2895076
 30
0.0
 11
7.94960545
 21
37.25371670000001
 31
0.0
  0
LINE
  5
991
  8
0
 10
7.94960545
 20
37.25371670000001
 30
0.0
 11
8.1249891
 21
37.24992635
 31
0.0
  0
LINE
  5
992
  8
0
 10
8.1249891
 20
37.24992635
 30
0.0
 11
8.34138015
 21
37.27344275
 31
0.0
  0
LINE
  5
993
  8
0
 10
8.34138015
 20
37.27344275
 30
0.0
 11
8.562044349999999
 21
37.2994592
 31
0.0
  0
LINE
  5
994
  8
0
 10
8.562044349999999
 20
37.2994592
 30
0.0
 11
8.700000000000001
 21
37.31572075
 31
0.0
  0
LINE
  5
995
  8
0
 10
38.0750143
 20
38.18551845
 30
0.0
 11
38.1229385
 21
38.2611629
 31
0.0
  0
LINE
  5
996
  8
0
 10
38.1229385
 20
38.2611629
 30
0.0
 11
38.14924495
 21
38.4944641
 31
0.0
  0
LINE
  5
997
  8
0
 10
38.14924495
 20
38.4944641
 30
0.0
 11
38.1421275
 21
38.81566305
 31
0.0
  0
LINE
  5
998
  8
0
 10
38.1421275
 20
38.81566305
 30
0.0
 11
38.13264605
 21
39.04801845
 31
0.0
  0
LINE
  5
999
  8
0
 10
38.13264605
 20
39.04801845
 30
0.0
 11
38.10675555
 21
39.4898391
 31
0.0
  0
LINE
  5
99A
  8
0
 10
38.10675555
 20
39.4898391
 30
0.0
 11
38.01580075
 21
40.48495895
 31
0.0
  0
LINE
  5
99B
  8
0
 10
38.01580075
 20
40.48495895
 30
0.0
 11
37.9266385
 21
41.2223556
 31
0.0
  0
LINE
  5
99C
  8
0
 10
37.9266385
 20
41.2223556
 30
0.0
 11
37.86357085
 21
41.65898665
 31
0.0
  0
LINE
  5
99D
  8
0
 10
37.86357085
 20
41.65898665
 30
0.0
 11
37.80155215
 21
42.02009265
 31
0.0
  0
LINE
  5
99E
  8
0
 10
37.80155215
 20
42.02009265
 30
0.0
 11
37.7439681
 21
42.27862925
 31
0.0
  0
LINE
  5
99F
  8
0
 10
37.7439681
 20
42.27862925
 30
0.0
 11
37.7178971
 21
42.3609827
 31
0.0
  0
LINE
  5
9A0
  8
0
 10
37.7178971
 20
42.3609827
 30
0.0
 11
37.70120405
 21
42.3818638
 31
0.0
  0
LINE
  5
9A1
  8
0
 10
37.70120405
 20
42.3818638
 30
0.0
 11
37.6074968
 21
42.4587355
 31
0.0
  0
LINE
  5
9A2
  8
0
 10
37.6074968
 20
42.4587355
 30
0.0
 11
37.35210225
 21
42.63626855
 31
0.0
  0
LINE
  5
9A3
  8
0
 10
37.35210225
 20
42.63626855
 30
0.0
 11
37.1332592
 21
42.77623705
 31
0.0
  0
LINE
  5
9A4
  8
0
 10
37.1332592
 20
42.77623705
 30
0.0
 11
36.54058435
 21
43.13297170000001
 31
0.0
  0
LINE
  5
9A5
  8
0
 10
36.54058435
 20
43.13297170000001
 30
0.0
 11
35.35927525
 21
43.7748534
 31
0.0
  0
LINE
  5
9A6
  8
0
 10
35.35927525
 20
43.7748534
 30
0.0
 11
34.1514392
 21
44.33611505
 31
0.0
  0
LINE
  5
9A7
  8
0
 10
34.1514392
 20
44.33611505
 30
0.0
 11
32.87877915000001
 21
44.83455275
 31
0.0
  0
LINE
  5
9A8
  8
0
 10
32.87877915000001
 20
44.83455275
 30
0.0
 11
32.2061722
 21
45.0657739
 31
0.0
  0
LINE
  5
9A9
  8
0
 10
32.2061722
 20
45.0657739
 30
0.0
 11
32.05398665000001
 21
45.11565325000001
 31
0.0
  0
LINE
  5
9AA
  8
0
 10
32.05398665000001
 20
45.11565325000001
 30
0.0
 11
31.7958683
 21
45.1982578
 31
0.0
  0
LINE
  5
9AB
  8
0
 10
31.7958683
 20
45.1982578
 30
0.0
 11
31.5095732
 21
45.2821009
 31
0.0
  0
LINE
  5
9AC
  8
0
 10
31.5095732
 20
45.2821009
 30
0.0
 11
31.2748619
 21
45.32700785
 31
0.0
  0
LINE
  5
9AD
  8
0
 10
31.2748619
 20
45.32700785
 30
0.0
 11
31.1504818
 21
45.30651305000001
 31
0.0
  0
LINE
  5
9AE
  8
0
 10
31.1504818
 20
45.30651305000001
 30
0.0
 11
31.11
 21
45.27550265
 31
0.0
  0
LINE
  5
9AF
  8
0
 10
31.11
 20
45.27550265
 30
0.0
 11
31.07681185
 21
45.23254420000001
 31
0.0
  0
LINE
  5
9B0
  8
0
 10
31.07681185
 20
45.23254420000001
 30
0.0
 11
31.0605482
 21
45.11583110000001
 31
0.0
  0
LINE
  5
9B1
  8
0
 10
31.0605482
 20
45.11583110000001
 30
0.0
 11
31.1231194
 21
44.92054855000001
 31
0.0
  0
LINE
  5
9B2
  8
0
 10
31.1231194
 20
44.92054855000001
 30
0.0
 11
31.2789471
 21
44.6016871
 31
0.0
  0
LINE
  5
9B3
  8
0
 10
31.2789471
 20
44.6016871
 30
0.0
 11
31.39633895
 21
44.38184875
 31
0.0
  0
LINE
  5
9B4
  8
0
 10
31.39633895
 20
44.38184875
 30
0.0
 11
31.5465574
 21
44.0966115
 31
0.0
  0
LINE
  5
9B5
  8
0
 10
31.5465574
 20
44.0966115
 30
0.0
 11
31.8635309
 21
43.4526595
 31
0.0
  0
LINE
  5
9B6
  8
0
 10
31.8635309
 20
43.4526595
 30
0.0
 11
32.17778795
 21
42.7649341
 31
0.0
  0
LINE
  5
9B7
  8
0
 10
32.17778795
 20
42.7649341
 30
0.0
 11
32.45961035000001
 21
42.0984714
 31
0.0
  0
LINE
  5
9B8
  8
0
 10
32.45961035000001
 20
42.0984714
 30
0.0
 11
32.57907155
 21
41.79353735000001
 31
0.0
  0
LINE
  5
9B9
  8
0
 10
32.57907155
 20
41.79353735000001
 30
0.0
 11
32.775
 21
41.276572
 31
0.0
  0
LINE
  5
9BA
  8
0
 10
32.775
 20
41.276572
 30
0.0
 11
33.65
 21
40.84093935000001
 31
0.0
  0
LINE
  5
9BB
  8
0
 10
33.65
 20
40.84093935000001
 30
0.0
 11
34.1622051
 21
40.57797335000001
 31
0.0
  0
LINE
  5
9BC
  8
0
 10
34.1622051
 20
40.57797335000001
 30
0.0
 11
35.1336633
 21
40.03002575
 31
0.0
  0
LINE
  5
9BD
  8
0
 10
35.1336633
 20
40.03002575
 30
0.0
 11
36.0444603
 21
39.446353
 31
0.0
  0
LINE
  5
9BE
  8
0
 10
36.0444603
 20
39.446353
 30
0.0
 11
36.90652595
 21
38.81931015000001
 31
0.0
  0
LINE
  5
9BF
  8
0
 10
36.90652595
 20
38.81931015000001
 30
0.0
 11
37.32301255
 21
38.4871358
 31
0.0
  0
LINE
  5
9C0
  8
0
 10
37.32301255
 20
38.4871358
 30
0.0
 11
37.51960450000001
 21
38.33118915
 31
0.0
  0
LINE
  5
9C1
  8
0
 10
37.51960450000001
 20
38.33118915
 30
0.0
 11
37.7661711
 21
38.15433725
 31
0.0
  0
LINE
  5
9C2
  8
0
 10
37.7661711
 20
38.15433725
 30
0.0
 11
37.870814
 21
38.09370005
 31
0.0
  0
LINE
  5
9C3
  8
0
 10
37.870814
 20
38.09370005
 30
0.0
 11
37.8981382
 21
38.08550265
 31
0.0
  0
LINE
  5
9C4
  8
0
 10
37.8981382
 20
38.08550265
 30
0.0
 11
37.9857203
 21
38.1148823
 31
0.0
  0
LINE
  5
9C5
  8
0
 10
37.9857203
 20
38.1148823
 30
0.0
 11
38.0750143
 21
38.18551845
 31
0.0
  0
LINE
  5
9C6
  8
0
 10
18.9081124
 20
41.63620825
 30
0.0
 11
19.46480215
 21
41.82635070000001
 31
0.0
  0
LINE
  5
9C7
  8
0
 10
19.46480215
 20
41.82635070000001
 30
0.0
 11
20.5655247
 21
42.15057540000001
 31
0.0
  0
LINE
  5
9C8
  8
0
 10
20.5655247
 20
42.15057540000001
 30
0.0
 11
21.66527625
 21
42.4037142
 31
0.0
  0
LINE
  5
9C9
  8
0
 10
21.66527625
 20
42.4037142
 30
0.0
 11
22.7831428
 21
42.59016030000001
 31
0.0
  0
LINE
  5
9CA
  8
0
 10
22.7831428
 20
42.59016030000001
 30
0.0
 11
23.35483355
 21
42.6597464
 31
0.0
  0
LINE
  5
9CB
  8
0
 10
23.35483355
 20
42.6597464
 30
0.0
 11
23.4953645
 21
42.67496375
 31
0.0
  0
LINE
  5
9CC
  8
0
 10
23.4953645
 20
42.67496375
 30
0.0
 11
23.7277497
 21
42.70155145
 31
0.0
  0
LINE
  5
9CD
  8
0
 10
23.7277497
 20
42.70155145
 30
0.0
 11
23.9712427
 21
42.7367515
 31
0.0
  0
LINE
  5
9CE
  8
0
 10
23.9712427
 20
42.7367515
 30
0.0
 11
24.14624115
 21
42.78876745
 31
0.0
  0
LINE
  5
9CF
  8
0
 10
24.14624115
 20
42.78876745
 30
0.0
 11
24.2151523
 21
42.86589805
 31
0.0
  0
LINE
  5
9D0
  8
0
 10
24.2151523
 20
42.86589805
 30
0.0
 11
24.23196765
 21
42.92046285000001
 31
0.0
  0
LINE
  5
9D1
  8
0
 10
24.23196765
 20
42.92046285000001
 30
0.0
 11
24.23626065
 21
42.99512075000001
 31
0.0
  0
LINE
  5
9D2
  8
0
 10
24.23626065
 20
42.99512075000001
 30
0.0
 11
24.16670145
 21
43.12772885
 31
0.0
  0
LINE
  5
9D3
  8
0
 10
24.16670145
 20
43.12772885
 30
0.0
 11
24.0517216
 21
43.25882445
 31
0.0
  0
LINE
  5
9D4
  8
0
 10
24.0517216
 20
43.25882445
 30
0.0
 11
23.96903605
 21
43.3446217
 31
0.0
  0
LINE
  5
9D5
  8
0
 10
23.96903605
 20
43.3446217
 30
0.0
 11
23.5831577
 21
43.71806865
 31
0.0
  0
LINE
  5
9D6
  8
0
 10
23.5831577
 20
43.71806865
 30
0.0
 11
22.67443805
 21
44.50293735
 31
0.0
  0
LINE
  5
9D7
  8
0
 10
22.67443805
 20
44.50293735
 30
0.0
 11
21.98339085
 21
45.0403468
 31
0.0
  0
LINE
  5
9D8
  8
0
 10
21.98339085
 20
45.0403468
 30
0.0
 11
21.57070595
 21
45.33399495
 31
0.0
  0
LINE
  5
9D9
  8
0
 10
21.57070595
 20
45.33399495
 30
0.0
 11
21.2291235
 21
45.5509151
 31
0.0
  0
LINE
  5
9DA
  8
0
 10
21.2291235
 20
45.5509151
 30
0.0
 11
20.98666515
 21
45.6696546
 31
0.0
  0
LINE
  5
9DB
  8
0
 10
20.98666515
 20
45.6696546
 30
0.0
 11
20.91136425
 21
45.68550265
 31
0.0
  0
LINE
  5
9DC
  8
0
 10
20.91136425
 20
45.68550265
 30
0.0
 11
20.86447895
 21
45.68095005000001
 31
0.0
  0
LINE
  5
9DD
  8
0
 10
20.86447895
 20
45.68095005000001
 30
0.0
 11
20.67923775
 21
45.64727375
 31
0.0
  0
LINE
  5
9DE
  8
0
 10
20.67923775
 20
45.64727375
 30
0.0
 11
20.23615435
 21
45.5490548
 31
0.0
  0
LINE
  5
9DF
  8
0
 10
20.23615435
 20
45.5490548
 30
0.0
 11
19.87997145
 21
45.46244615000001
 31
0.0
  0
LINE
  5
9E0
  8
0
 10
19.87997145
 20
45.46244615000001
 30
0.0
 11
19.3051819
 21
45.3103865
 31
0.0
  0
LINE
  5
9E1
  8
0
 10
19.3051819
 20
45.3103865
 30
0.0
 11
18.19303455
 21
44.9680862
 31
0.0
  0
LINE
  5
9E2
  8
0
 10
18.19303455
 20
44.9680862
 30
0.0
 11
17.10699115
 21
44.56606615
 31
0.0
  0
LINE
  5
9E3
  8
0
 10
17.10699115
 20
44.56606615
 30
0.0
 11
16.01848595
 21
44.09375215
 31
0.0
  0
LINE
  5
9E4
  8
0
 10
16.01848595
 20
44.09375215
 30
0.0
 11
15.46438335
 21
43.82793050000001
 31
0.0
  0
LINE
  5
9E5
  8
0
 10
15.46438335
 20
43.82793050000001
 30
0.0
 11
15.29069215
 21
43.74176025
 31
0.0
  0
LINE
  5
9E6
  8
0
 10
15.29069215
 20
43.74176025
 30
0.0
 11
14.9949876
 21
43.59266745
 31
0.0
  0
LINE
  5
9E7
  8
0
 10
14.9949876
 20
43.59266745
 30
0.0
 11
14.66759645
 21
43.4189338
 31
0.0
  0
LINE
  5
9E8
  8
0
 10
14.66759645
 20
43.4189338
 30
0.0
 11
14.4114362
 21
43.2574477
 31
0.0
  0
LINE
  5
9E9
  8
0
 10
14.4114362
 20
43.2574477
 30
0.0
 11
14.31044495
 21
43.14401845
 31
0.0
  0
LINE
  5
9EA
  8
0
 10
14.31044495
 20
43.14401845
 30
0.0
 11
14.30076565
 21
43.09437365
 31
0.0
  0
LINE
  5
9EB
  8
0
 10
14.30076565
 20
43.09437365
 30
0.0
 11
14.3069637
 21
43.03550585
 31
0.0
  0
LINE
  5
9EC
  8
0
 10
14.3069637
 20
43.03550585
 30
0.0
 11
14.37079195
 21
42.93762365000001
 31
0.0
  0
LINE
  5
9ED
  8
0
 10
14.37079195
 20
42.93762365000001
 30
0.0
 11
14.54261105
 21
42.8449547
 31
0.0
  0
LINE
  5
9EE
  8
0
 10
14.54261105
 20
42.8449547
 30
0.0
 11
14.8697187
 21
42.73198955
 31
0.0
  0
LINE
  5
9EF
  8
0
 10
14.8697187
 20
42.73198955
 30
0.0
 11
15.10628625
 21
42.6599241
 31
0.0
  0
LINE
  5
9F0
  8
0
 10
15.10628625
 20
42.6599241
 30
0.0
 11
15.7789048
 21
42.44587155
 31
0.0
  0
LINE
  5
9F1
  8
0
 10
15.7789048
 20
42.44587155
 30
0.0
 11
16.8007529
 21
42.07622975
 31
0.0
  0
LINE
  5
9F2
  8
0
 10
16.8007529
 20
42.07622975
 30
0.0
 11
17.4356167
 21
41.8177867
 31
0.0
  0
LINE
  5
9F3
  8
0
 10
17.4356167
 20
41.8177867
 30
0.0
 11
17.725
 21
41.6901961
 31
0.0
  0
LINE
  5
9F4
  8
0
 10
17.725
 20
41.6901961
 30
0.0
 11
17.94133495
 21
41.59297000000001
 31
0.0
  0
LINE
  5
9F5
  8
0
 10
17.94133495
 20
41.59297000000001
 30
0.0
 11
18.19630755
 21
41.482057
 31
0.0
  0
LINE
  5
9F6
  8
0
 10
18.19630755
 20
41.482057
 30
0.0
 11
18.29193165
 21
41.44347225000001
 31
0.0
  0
LINE
  5
9F7
  8
0
 10
18.29193165
 20
41.44347225000001
 30
0.0
 11
18.31023525
 21
41.43789155
 31
0.0
  0
LINE
  5
9F8
  8
0
 10
18.31023525
 20
41.43789155
 30
0.0
 11
18.3287969
 21
41.4415081
 31
0.0
  0
LINE
  5
9F9
  8
0
 10
18.3287969
 20
41.4415081
 30
0.0
 11
18.4263296
 21
41.47095655
 31
0.0
  0
LINE
  5
9FA
  8
0
 10
18.4263296
 20
41.47095655
 30
0.0
 11
18.6868688
 21
41.5584665
 31
0.0
  0
LINE
  5
9FB
  8
0
 10
18.6868688
 20
41.5584665
 30
0.0
 11
18.9081124
 21
41.63620825
 31
0.0
  0
LINE
  5
9FC
  8
0
 10
31.57142855
 20
41.8640741
 30
0.0
 11
31.62691965
 21
41.9477127
 31
0.0
  0
LINE
  5
9FD
  8
0
 10
31.62691965
 20
41.9477127
 30
0.0
 11
31.65
 21
42.03846695
 31
0.0
  0
LINE
  5
9FE
  8
0
 10
31.65
 20
42.03846695
 30
0.0
 11
31.6431152
 21
42.0793563
 31
0.0
  0
LINE
  5
9FF
  8
0
 10
31.6431152
 20
42.0793563
 30
0.0
 11
31.5915962
 21
42.2311581
 31
0.0
  0
LINE
  5
A00
  8
0
 10
31.5915962
 20
42.2311581
 30
0.0
 11
31.43774045
 21
42.5959654
 31
0.0
  0
LINE
  5
A01
  8
0
 10
31.43774045
 20
42.5959654
 30
0.0
 11
30.9718075
 21
43.56866455
 31
0.0
  0
LINE
  5
A02
  8
0
 10
30.9718075
 20
43.56866455
 30
0.0
 11
30.6468083
 21
44.17790775
 31
0.0
  0
LINE
  5
A03
  8
0
 10
30.6468083
 20
44.17790775
 30
0.0
 11
30.53433175
 21
44.3745817
 31
0.0
  0
LINE
  5
A04
  8
0
 10
30.53433175
 20
44.3745817
 30
0.0
 11
30.32980585
 21
44.72490925
 31
0.0
  0
LINE
  5
A05
  8
0
 10
30.32980585
 20
44.72490925
 30
0.0
 11
30.0710629
 21
45.1472358
 31
0.0
  0
LINE
  5
A06
  8
0
 10
30.0710629
 20
45.1472358
 30
0.0
 11
29.80729635
 21
45.53004445000001
 31
0.0
  0
LINE
  5
A07
  8
0
 10
29.80729635
 20
45.53004445000001
 30
0.0
 11
29.6245376
 21
45.7239574
 31
0.0
  0
LINE
  5
A08
  8
0
 10
29.6245376
 20
45.7239574
 30
0.0
 11
29.55950675
 21
45.75592595000001
 31
0.0
  0
LINE
  5
A09
  8
0
 10
29.55950675
 20
45.75592595000001
 30
0.0
 11
28.69383525
 21
45.9076862
 31
0.0
  0
LINE
  5
A0A
  8
0
 10
28.69383525
 20
45.9076862
 30
0.0
 11
27.335306
 21
46.05358140000001
 31
0.0
  0
LINE
  5
A0B
  8
0
 10
27.335306
 20
46.05358140000001
 30
0.0
 11
26.3022265
 21
46.10460735
 31
0.0
  0
LINE
  5
A0C
  8
0
 10
26.3022265
 20
46.10460735
 30
0.0
 11
25.725
 21
46.1183729
 31
0.0
  0
LINE
  5
A0D
  8
0
 10
25.725
 20
46.1183729
 30
0.0
 11
25.38558785
 21
46.1228928
 31
0.0
  0
LINE
  5
A0E
  8
0
 10
25.38558785
 20
46.1228928
 30
0.0
 11
24.75564435
 21
46.12380965
 31
0.0
  0
LINE
  5
A0F
  8
0
 10
24.75564435
 20
46.12380965
 30
0.0
 11
24.1946123
 21
46.11416765000001
 31
0.0
  0
LINE
  5
A10
  8
0
 10
24.1946123
 20
46.11416765000001
 30
0.0
 11
23.70697615
 21
46.0942927
 31
0.0
  0
LINE
  5
A11
  8
0
 10
23.70697615
 20
46.0942927
 30
0.0
 11
23.2972203
 21
46.0645107
 31
0.0
  0
LINE
  5
A12
  8
0
 10
23.2972203
 20
46.0645107
 30
0.0
 11
22.96982935
 21
46.02514765000001
 31
0.0
  0
LINE
  5
A13
  8
0
 10
22.96982935
 20
46.02514765000001
 30
0.0
 11
22.72928765
 21
45.97652945
 31
0.0
  0
LINE
  5
A14
  8
0
 10
22.72928765
 20
45.97652945
 30
0.0
 11
22.58007975
 21
45.91898205
 31
0.0
  0
LINE
  5
A15
  8
0
 10
22.58007975
 20
45.91898205
 30
0.0
 11
22.54112735
 21
45.88696175
 31
0.0
  0
LINE
  5
A16
  8
0
 10
22.54112735
 20
45.88696175
 30
0.0
 11
22.487288
 21
45.78403280000001
 31
0.0
  0
LINE
  5
A17
  8
0
 10
22.487288
 20
45.78403280000001
 30
0.0
 11
22.4900125
 21
45.68706995
 31
0.0
  0
LINE
  5
A18
  8
0
 10
22.4900125
 20
45.68706995
 30
0.0
 11
22.50826925
 21
45.6591554
 31
0.0
  0
LINE
  5
A19
  8
0
 10
22.50826925
 20
45.6591554
 30
0.0
 11
22.6038264
 21
45.55826885
 31
0.0
  0
LINE
  5
A1A
  8
0
 10
22.6038264
 20
45.55826885
 30
0.0
 11
22.8587719
 21
45.32754360000001
 31
0.0
  0
LINE
  5
A1B
  8
0
 10
22.8587719
 20
45.32754360000001
 30
0.0
 11
23.0751428
 21
45.1466562
 31
0.0
  0
LINE
  5
A1C
  8
0
 10
23.0751428
 20
45.1466562
 30
0.0
 11
23.60745705
 21
44.69901780000001
 31
0.0
  0
LINE
  5
A1D
  8
0
 10
23.60745705
 20
44.69901780000001
 30
0.0
 11
24.63714775
 21
43.74690705
 31
0.0
  0
LINE
  5
A1E
  8
0
 10
24.63714775
 20
43.74690705
 30
0.0
 11
25.09667425
 21
43.27743290000001
 31
0.0
  0
LINE
  5
A1F
  8
0
 10
25.09667425
 20
43.27743290000001
 30
0.0
 11
25.5513976
 21
42.79436315
 31
0.0
  0
LINE
  5
A20
  8
0
 10
25.5513976
 20
42.79436315
 30
0.0
 11
25.9881988
 21
42.76564615
 31
0.0
  0
LINE
  5
A21
  8
0
 10
25.9881988
 20
42.76564615
 30
0.0
 11
26.7243419
 21
42.70950725
 31
0.0
  0
LINE
  5
A22
  8
0
 10
26.7243419
 20
42.70950725
 30
0.0
 11
28.08017595
 21
42.55735395
 31
0.0
  0
LINE
  5
A23
  8
0
 10
28.08017595
 20
42.55735395
 30
0.0
 11
29.30353235
 21
42.3481354
 31
0.0
  0
LINE
  5
A24
  8
0
 10
29.30353235
 20
42.3481354
 30
0.0
 11
30.42176135
 21
42.0771742
 31
0.0
  0
LINE
  5
A25
  8
0
 10
30.42176135
 20
42.0771742
 30
0.0
 11
30.95
 21
41.91707835
 31
0.0
  0
LINE
  5
A26
  8
0
 10
30.95
 20
41.91707835
 30
0.0
 11
31.10343555
 21
41.86822910000001
 31
0.0
  0
LINE
  5
A27
  8
0
 10
31.10343555
 20
41.86822910000001
 30
0.0
 11
31.32042945
 21
41.80884985
 31
0.0
  0
LINE
  5
A28
  8
0
 10
31.32042945
 20
41.80884985
 30
0.0
 11
31.49605515
 21
41.80919660000001
 31
0.0
  0
LINE
  5
A29
  8
0
 10
31.49605515
 20
41.80919660000001
 30
0.0
 11
31.57142855
 21
41.8640741
 31
0.0
  0
VIEWPORT
  5
C63
 67
     1
  8
0
 10
5.25
 20
4.0
 30
0.0
 40
11.638
 41
8.993
 68
     1
 69
     1
1001
ACAD
1000
MVIEW
1002
{
1070
    16
1010
0.0
1020
0.0
1030
0.0
1010
0.0
1020
0.0
1030
1.0
1040
0.0
1040
8.993
1040
5.25
1040
4.0
1040
50.0
1040
0.0
1040
0.0
1070
     0
1070
   100
1070
     0
1070
     3
1070
     0
1070
     0
1070
     0
1070
     0
1040
0.0
1040
0.0
1040
0.0
1040
0.5
1040
0.5
1040
0.5
1040
0.5
1070
     0
1002
{
1002
}
1002
}
  0
ENDSEC
  0
EOF
